Number,Short Description,AI Generated Category,Confidence Score
"INC1069450","TV Screen for RO Sarajevo","Hardware","80"
"INC1126378","DACSG-620 Missing data on Form 1, requested by the end of this week (by 25th July)","Application Function Issue","90"
"INC1121844","[OU] BPN website acess","Access Authentication Failure","70"
"INC1060114","have lost connection to all Istanbul RO cameras.","Network","85"
"INC1114942","Client dynamics access","Access Grant Request","60"
"INC1136805","[OU] Client Dynamics access error","Access Authentication Failure","80"
"INC1134686","ClientDynamics Access","Access Grant Request","75"
"INC1122830","Unable to export BTOR to a Word document","Application Function Issue","85"
"INC1059244","I was granted access to Client Dynamics application but it is not connecting to Outlook","Access Authentication Failure","75"
"INC1059285","Problem with Client Dynamics","Application Function Issue","90"
"INC1126335","Client Dynamics Issue for Colleague","Access Authentication Failure","60"
"INC1104155","Assist to sign-in","Access Authentication Failure","80"
"INC1122832","Contacts added to CD are not being synched to Outlook","Application Function Issue","95"
"INC1136501","I cannot access the application","Access Authentication Failure","70"
"INC1090531","I can't access the app.","Access Authentication Failure","85"
"INC1119156","Unable to copy paste and download from share point","Application Function Issue","90"
"INC1122988","Adobe app not working","Application Function Issue","80"
"INC1117373","can dot download shared files","Security Violation","95"
"INC1108102","LT10418 - Microsoft Defender Antivirus found HackTool:Win32/Mimikatz!commands in HIPHandlers.dll. Pl","Access Authentication Failure","90"
"INC1091488","Acess denied to client website","Security Violation","85"
"INC1107170","Windows security notification","null","null"
"INC1132214","Unblock access to a website","Access Authentication Failure","80"
"INC1119729","RITM0182781 - Whatsapp Web is not loading","VPN","90"
"INC1105391","access to the site https://www.gtcf-istanbul.org/","Access Authentication Failure","70"
"INC1082558","The local tax platform www.soliq.uz is not accessible when I work on remote via VPN.","VPN","95"
"INC1079255","External Link not working despite access approval granted.","Access Authentication Failure","60"
"INC1081718","Unable to access some websites","Access Authentication Failure","85"
"INC1058786","My EBRD laptop (LT11673) just popped up this banner below","Security Violation","80"
"INC1114619","Website blocked","Network","70"
"INC1091263","Can't access WhatsApp Web","Network","70"
"INC1075907","Suspicious file in Project Link folder","Security Violation","90"
"INC1077212","[OU] WhatsApp Web exclusion list","Network","85"
"INC1121505","Microsoft Defender Firewall turned off","Service/Process Failure","85"
"INC1067166","Online course for clients - issues with access/display","Access Authentication Failure","75"
"INC1106970","External website access - www.youthinbusiness.com.tr","Access Authentication Failure","90"
"INC1126157","[OU] access to website denied","Access Authentication Failure","85"
"INC1059693","Error: Monarch - Tableau","Application Function Issue","75"
"INC1061046","Can't access BPN","Access Authentication Failure","80"
"INC1140601","[OU] ACCESS to BPN : the report MON200","Access Authentication Failure","85"
"INC1064957","No access to ARC","Access Authentication Failure","85"
"INC1061136","Could you give me access to reports on Business Performance Navigator, COGNOS REPORTS on PMM Activit","Access Grant Request","95"
"INC1111340","Donor Funds Library access","Access Authentication Failure","80"
"INC1086173","I want to help me unlock the OSP Business Performance Navigator","Access Grant Request","90"
"INC1059829","Tableau not working","Application Function Issue","95"
"INC1117976","New joiner to be added to the Tableau Repository","Employee Onboarding","85"
"INC1063256","I don’t have Cognos consumer license to run reports","Access Authentication Failure","75"
"INC1081934","please grant access to TFP folder in Data Warehouse","Access Grant Request","95"
"INC1104201","Tableau Server Access","Access Authentication Failure","85"
"INC1062104","Tableau not working again","Application Function Issue","90"
"INC1073292","Form-1","Access Authentication Failure","85"
"INC1059179","Please I need access to the BPNas I need to run the country pipeline","Access Grant Request","95"
"INC1059682","Can't access Tableau. Whenever I try to open a link, I receive the message "User account not found."","Access Authentication Failure","95"
"INC1117971","New joiner to be added to the Tableau Repository","Access Grant Request","95"
"INC1072658","New joiner to be added to the Tableau Repository","Access Authentication Failure","80"
"INC1116630","I have no access","null","null"
"INC1089791","Cannot download reports","Application Function Issue","80"
"INC1064825","DCF 039 reports - creation and amendments","DL creation","70"
"INC1070947","New joiner to be added to the Tableau Repository","Employee Onboarding","90"
"INC1080465","Add Yakhshiboeva, Diyora to TFP tableau group","Access Grant Request","85"
"INC1129730","Permission rules for Corporate Debt, Banking Portfolio not updated.","Access Authentication Failure","75"
"INC1069742","Tableau error","Application Function Issue","60"
"INC1065084","Application Access for - Haytham Eissa - Microsoft Visual Studio","Access Grant Request","85"
"INC1068286","I am not able to accessSIG project console","Access Authentication Failure","85"
"INC1090102","Monarch Dashboard on Tableau account not found","Access Authentication Failure","75"
"INC1069573","Require access to tableau Server","Access Grant Request","95"
"INC1067319","BPN operation tracking tool not working","Application Function Issue","90"
"INC1122619","I am unable to access files on "IBM Cognos Analytics with Watson". I get  this message "Unable to au","Access Authentication Failure","80"
"INC1062189","New joiner to be added to the Tableau Repository - Teodora Savic","Employee Onboarding","95"
"INC1092298","I need access to draw BPM various  reports","Access Authentication Failure","80"
"INC1100987","Tableau Access","Access Grant Request","90"
"INC1062097","BPN reports inaccessibility","Application Function Issue","70"
"INC1109808","Cannot access Tableau web","Access Authentication Failure","85"
"INC1132283","Access to IBM Cognos","Access Grant Request","95"
"INC1064797","request for automatic report - TFP 010","Access Authentication Failure","90"
"INC1124782","User not able to access Tableau Server from edge https://tableauprod.ebrd.com/#/home","Access Authentication Failure","85"
"INC1056837","Cant access Tableau","null","null"
"INC1114642","Cannot access the Donor Funds Library","Access Authentication Failure","85"
"INC1057647","I don'thave access to tableau","Access Authentication Failure","80"
"INC1059761","Could you give me access to reports on Business Performance Navigator, COGNOS REPORTS on PMM Activit","Access Grant Request","95"
"INC1059110","Monarch +Word issues","Application Function Issue","75"
"INC1119279","Mariam requires access to the Banking Portfolio folder on Cognos Report Centre","Access Grant Request","90"
"INC1062428","i can not access external indicators repository on BPN","Access Authentication Failure","80"
"INC1132550","Tableau access","Access Authentication Failure","80"
"INC1064506","Tableau not working","Access Authentication Failure","80"
"INC1065973","I don’t have Cognos consumer licence to run","Access Grant Request","90"
"INC1125718","Unable to publish dashboard","Application Function Issue","70"
"INC1059318","Require access to Cognos Report Centre (eMor Standard)","Access Grant Request","90"
"INC1089796","BPN not working","Application Function Issue","70"
"INC1097290","cannot access BNP Navigator  reports.","Access Authentication Failure","80"
"INC1079316","Require access to Tableau Server","null","null"
"INC1064922","List of projects signed in Azerbaijan across years","Application Function Issue","80"
"INC1091189","BPN still not working","Application Function Issue","90"
"INC1094442","unable to access to Budget Dashboard","Access Authentication Failure","85"
"INC1140255","Not able to access Tableau Server","Access Authentication Failure","95"
"INC1067927","I have some issues with Report Center, specifically,  OAD 093. I can not save the Grant Disbursement","Application Function Issue","95"
"INC1064821","request automatic delivery - TFP010","Access Grant Request","90"
"INC1116319","Tableau access","Access Authentication Failure","80"
"INC1074552","LTA - Long term absence report - Nadezhda Litvac--Please revoke DTM access","Access Revoke","100"
"INC1062101","LTA - Long term absence report - Iva Tustanovski--Please revoke DTM access","Access Revoke","100"
"INC1074335","Unable to access DTM Banking","Access Authentication Failure","100"
"INC1100350","Reassume DTM access","Access Grant Request","100"
"INC1137677","Access to DTM","Access Authentication Failure","100"
"INC1105413","Cannot access DTM, Projectlink, Clientnet","Access Authentication Failure","100"
"INC1063716","The DTM doesn't reflect all the projects I'm in as a project member.","Application Function Issue","100"
"INC1066416","Account not properly set, access to applications is restricted (DTM,Smart by GEP)","Access Authentication Failure","85"
"INC1076746","LTA - Long term absence report - Indira Zankina--Please revoke DTM access","Access Revoke","95"
"INC1063656","[OU] DTM Access","Access Grant Request","80"
"INC1105051","LT10689 - End User Unable to Access DTM","Access Authentication Failure","90"
"INC1076729","LTA - Long term absence report - Nadezhda Litvac--Please revoke DTM access","Access Revoke","95"
"INC1102054","Urgent: access to DTM","Access Grant Request","95"
"INC1136381","[OU] Fw: DTM Access","Access Authentication Failure","80"
"INC1115113","I need to have access to FICRE and SNL files, but apparently I'm either not a member of a respective","Access Grant Request","90"
"INC1102052","I am currently on a secondment to Banking and would need to unlock my access to the DTM application.","Access Grant Request","95"
"INC1120741","I do not have access to DTM Banking","Access Authentication Failure","85"
"INC1120786","Error: Monarch, Trace Id - undefined","Application Function Issue","70"
"INC1109233","LT14016 - Can not get an access to DTM Banking software","Access Authentication Failure","95"
"INC1141029","[OU] DTM banking","Access Grant Request","85"
"INC1062229","Request SAP Team to load Diversity & Inclusion information","Application Function Issue","90"
"INC1130083","A few new connection cannot reach Wi-Fi logon prompt/ connect to guest EBRD Wi-Fi at Warsaw RO","Network","80"
"INC1143427","Payment entry not clearing from Ledger Report  although posted in SAP","Service/Process Failure","90"
"INC1133148","error in matching two transaction","Application Function Issue","85"
"INC1102742","[OU] Changes to secretarial support","Access Grant Request","80"
"INC1053816","Update of contact details","Access Grant Request","80"
"INC1052108","RE: INC1049624 - [OU] an update","Access Authentication Failure","70"
"INC1142311","Provide ITC access to Mirna Demirdjian","Access Grant Request","90"
"INC1116045","[OU] Account expired - Saralayev Elaman","Access Authentication Failure","90"
"INC1107538","LTA - Long term absence report - Dana Yeskendirova","Employee Onboarding","70"
"INC1137683","Location change","Employee Offboarding","70"
"INC1075160","My line manager shows as Husseyin Ozhan and not Hannes Takacs. Could you please amend it back to Han","Access Authentication Failure","85"
"INC1139134","Heike's profile - Secretarial support","Employee Onboarding","70"
"INC1074533","LTA - Long term absence report - Nadezhda Litvac","Application Function Issue","65"
"INC1131106","JML request: Add New Cost Centre to JML matrix","Access Grant Request","80"
"INC1068033","ITC update for Ankara RO","Service/Process Failure","75"
"INC1143778","Update Heike's profile on the intranet","Employee Onboarding","80"
"INC1107871","update on https://intranet.ebrd.com/mert-tozar#profile","Web Security","80"
"INC1077283","Request to change IT Co-ordinator and Authorizer  - [PA010]","Access Grant Request","90"
"INC1102672","[OU] Changes to secretarial support","Access Authentication Failure","70"
"INC1076293","Reinstate the right to edit PAGR in SAP","Access Grant Request","85"
"INC1074333","Unable to access TFP systems","Access Authentication Failure","95"
"INC1070050","TASK2367419 : Unable to access L drive location to move user data to new location","Access Authentication Failure","90"
"INC1118473","I have signed a new contract with EBRD, as an investment analyst, but the system is still reflecting","Employee Onboarding","80"
"INC1105152","Cost centre amendment","Application Function Issue","70"
"INC1056344","Miljan Zdrale - Intranet profile data to be updated","Application Function Issue","70"
"INC1071176","cannot access files on remote desktop","Access Authentication Failure","60"
"INC1068003","Update of title in outlook and intranet info","Application Function Issue","80"
"INC1132993","[OU] Locked ESS (C)","Access Authentication Failure","50"
"INC1087981","intranet profile; wrong info","Application Function Issue","70"
"INC1111291","Request to Add Tayssir Ben Hamadi on RO330","Access Grant Request","95"
"INC1123451","The colleague Tamar Tqabladze cannot be found in intranet.","Access Authentication Failure","85"
"INC1129660","Dear team , could you please assist me while my colleague Kawtar Moreno is on ALas the ITC she will ","Employee Onboarding","70"
"INC1083717","Team on Intranet is wrong","Application Function Issue","80"
"INC1119483","user Aliona Stratulat","Access Authentication Failure","60"
"INC1139392","My INTRANET information and my teams profile are not up to date.","Access Authentication Failure","90"
"INC1054269","New Hire  - Unable to access Elsy, Service Now and Ask IT","Access Authentication Failure","95"
"INC1056450","Intranet data for Vedran Panjkovic","Access Grant Request","85"
"INC1061524","LTA - Long term absence report - Iva Tustanovski","Employee Onboarding","90"
"INC1073822","Ales Starc Account getting auto-disabled due to past end date","Access Revoke","90"
"INC1124807","unable to authenticate to the selfservice","Password Reset","80"
"INC1071537","LTA - Long term absence report - Nevena Stevancevic","Employee Onboarding","90"
"INC1076652","LTA - Long term absence report - Nadezhda Litvac","Access Authentication Failure","90"
"INC1070692","I cant open excel files","Application Function Issue","85"
"INC1076156","Network drives missing in EBRD Remote.","Network","80"
"INC1073173","Account is locked","Access Authentication Failure","95"
"INC1061632","[OU] Update on Position and Cost Center Transition","Service/Process Failure","75"
"INC1055680","Forwarding emails to old account to my new email","Access Grant Request","85"
"INC1076650","LTA - Long term absence report - Indira Zankina","Access Authentication Failure","90"
"INC1141768","User account is disabled issue","Access Authentication Failure","85"
"INC1144165","update on https://intranet.ebrd.com/profile/3498?utm_source=interact&utm_medium=quick_search&utm_ter","Access Grant Request","75"
"INC1134676","Elif Balci - new joiner - it appears that she has not been added to the RPS mailing list","Employee Onboarding","90"
"INC1115922","LTA - Long term absence report - Symbat Kurmangaliyeva","Employee Offboarding","80"
"INC1064380","I've   worked to process the contract extension for Irina Kovtun, however the Contract Extensions fo","Application Function Issue","80"
"INC1106264","FW: [OU] Info update - Mairambek","Access Grant Request","70"
"INC1093177","profile update","Employee Onboarding","60"
"INC1117184","[OU] new work mobile number","Access Grant Request","70"
"INC1057497","Wrong account data","Access Authentication Failure","85"
"INC1053493","CHange of the mobile phone number on intranet profile","Access Grant Request","70"
"INC1100769","update on https://intranet.ebrd.com/goktug-surer#profile","Application Function Issue","65"
"INC1106301","[OU] Change of Work mobile","Access Authentication Failure","80"
"INC1136185","RE:  [OU] Contract Renewal – Access Continuity for Tuna Sahin","Access Grant Request","70"
"INC1107641","Some usernames are in upper case","Application Function Issue","90"
"INC1065918","Banush is unable to log in","Access Authentication Failure","95"
"INC1108383","Email salihua@ebrd.com is disabled","Access Authentication Failure","95"
"INC1139170","[OU] Heike's profile - Secretarial support","Access Grant Request","60"
"INC1116629","Unable to login to laptop, account disabled.","Access Authentication Failure","95"
"INC1063748","Fw: [OU] FW: Open and Overdue Operational Risk Incidents","Security Violation","80"
"INC1145119","L2 evaluation task to be generated for MDA-MKD-2023-1076694298","Service/Process Failure","70"
"INC1128025","CLASS 14 2# MDA-WBG-2025-7528008","Application Function Issue","60"
"INC1114096","CLASS 13 Enterprise Dashboard not showing Valuable Engineering Technology LTD (V-Tech)","Application Function Issue","80"
"INC1127007","International Advisory Activity in new EGP MIS does not have QuickTask for "Request Contract Amendme","Service/Process Failure","70"
"INC1108905","CLASS 6(6.3)update grant % for MIS project PRO-LEB-2025--1875981547","Access Grant Request","95"
"INC1061057","Class 6(6.14) : Need to replace the document in MIS: PRO-KGZ-2024-3906792","Access Grant Request","90"
"INC1095075","CLASS 6 (6.9) Change consultant name in MIS  Jela Karic to "Agencija Educa"","Access Grant Request","90"
"INC1059327","Class 12 : I am not able to attach an invoice to the transaction recorded.","Application Function Issue","85"
"INC1133575","APP-3039  - Error when approving a GAP project","Application Function Issue","90"
"INC1099837","International advisory_task generated","Application Function Issue","80"
"INC1127366","CLASS 14 2# No access to completion task","Access Authentication Failure","70"
"INC1130204","APP-2983 - 2#(C) For PRO-MKD-2023--1607691491, KPI: decrease on time spent on report generation, the","Application Function Issue","90"
"INC1117643","CLASS 12 Can't add beneficiary for a GAP","Access Authentication Failure","85"
"INC1057151","Class 12 - In v the following earmarks 65001341 and 65001371 do not show actual balance state. Pleas","Application Function Issue","75"
"INC1128056","CLASS 14 5# Lack of documents in enterprise profile Si. Mac. Albania SHPK","Application Function Issue","85"
"INC1113533","I cannot see my project on clientnet, which I am team member in DTM page.","Application Function Issue","90"
"INC1071388","CLASS 12 Unable to edit beneficiaries in MDA","Application Function Issue","95"
"INC1128502","CLASS 14 2# PRO-TUN-2024-5501167 / Completion tasks.","Application Function Issue","80"
"INC1128576","CLASS 14 Missing documents on company dashboard after MIS upgrade "Eflow Technologies Inc"","Application Function Issue","90"
"INC1115163","CLASS 14 In BAS MIS, there is Stakeholder made by mistake - 'Sabina Selvic-Orucevic' from Bosnia and","Security Violation","80"
"INC1082978","CLASS 6 (6.9)Change of project name in BAS MIS","Application Function Issue","90"
"INC1092618","CLASS 6 (6.14) An update for a document GAP-TRY-2024-9642496","Application Function Issue","90"
"INC1082855","CLASS 6 (6.6) Change commitment numbers on MDAs x 8","Application Function Issue","90"
"INC1082701","CLASS 13 Please delete the task: Edit project initial Details. Project id: PRO-KGZ-2024-4879595","Application Function Issue","90"
"INC1057329","The project tasks on the final visit were completed, however the project still has the status "ongoi","Service/Process Failure","80"
"INC1065427","Class 6(6.14) : PRO-KGZ-2024--1339067785 Please replace the document on project dashboard with the a","Application Function Issue","70"
"INC1076190","CLASS 13 There was a typo to start a project with Erxes company. Please reject the project PRO-MNG-2","Security Violation","90"
"INC1096083","CLASS 6 (6.2) MDA-KAZ-2025-6477429 request to remove empty line and adjust budget so other costs are","Application Function Issue","85"
"INC1098580","CLASS 14 Unable to add beneficiaries ro BAS MIS Group Advisory project GAP-ARM-2025-15070908","Application Function Issue","80"
"INC1055618","BRANDER LLC - Consultant dashboard - there are no available tasks at thye dashboard","Application Function Issue","75"
"INC1102195","CLASS 6 (6.14) File not updating on MIS PRO-MAR-2024-14933632","Application Function Issue","90"
"INC1137761","Please trigger the evaluation task for L1 for this project. PRO-UNK-2023-808332069","Access Grant Request","95"
"INC1089619","Class 12 - Access denial to BAS All MDA Framework Report","Access Authentication Failure","90"
"INC1127187","2#(C) KPI Blockage New MIS - Completion Task","Application Function Issue","85"
"INC1127740","[OU] Record financial transactions in MIS.","Service/Process Failure","80"
"INC1085097","CLASS 6(6.14) URGENT - Please replace the document in BAS MIS -Market Development Activities -MDA-AR","Access Grant Request","90"
"INC1061608","Class 6(6.16) : MDA-KGZ-2023-1076721429 Change MIS End date","Service/Process Failure","80"
"INC1127794","2#(A) CLASS 14   NO evaluation task fro the project PRO-TJK-2024-808420691","Application Function Issue","70"
"INC1094207","CLASS 6 (6.2)Error MDA-EGY-2025-5573057","Service/Process Failure","85"
"INC1053578","Class12-MDA-TJK-2024-7447738 General expense can not be posted","Application Function Issue","75"
"INC1126748","CLASS 14 4# The task comes up again and again: PRO-KAZ-2025-7589217","Service/Process Failure","70"
"INC1127229","2# Enterprise missing information "Loyalty Program Aggregator"","Application Function Issue","80"
"INC1127838","2# I can not find evaluation task for the project PRO-SRB-2023-1076559466","Application Function Issue","80"
"INC1082704","CLASS 12 project and KPIs baseline data for the project PRO-SRB-2023-807972096 should be amended in ","Application Function Issue","80"
"INC1086097","CLASS 8I need to change the KPI in project PRO-ALB-2025-9744043","Application Function Issue","80"
"INC1091505","I would like to make a change on one of the KPIs on MIS  PRO-MAR-2025-10638941","Application Function Issue","95"
"INC1129970","APP-2980 URGENT  [Utility Tool] Hello, all documents are  missing for consultant SEMOS Kompjuterski ","Application Function Issue","90"
"INC1096178","CLASS 6 (6.3) Needs to change the project total cost by adding VAT PRO-UNK-2024-1345090699","Application Function Issue","95"
"INC1095039","CLASS 6 (6.3 )The generated Grant % is wrong - it should be 100% following crisis response measures ","Application Function Issue","95"
"INC1128388","CLASS 14 2# wrong task PRO-SRB-2024--2144675972","Service/Process Failure","85"
"INC1056908","Class 6(6.14) : MDA duration and final report uploaded ticked erronated. MDA-2024-1882023568","Service/Process Failure","75"
"INC1144123","MDA-ALB-2025-5141657 the completion task is missing, please trigger","Service/Process Failure","90"
"INC1128483","CLASS 14 2# No documents and statistics available for  Varus Dooel Skopje, please migrate all docume","Service/Process Failure","80"
"INC1144122","Evaluation task triggering","Service/Process Failure","95"
"INC1127213","CLASS 14 LC project completion stage PRO-MAR-2024-9517935 ,PRO-MAR-2024-6359175, PRO-MAR-2024-105440","Service/Process Failure","85"
"INC1082263","CLASS 6(6.2) Change the amount in BAS MDA - Contract costs (EUR) and Total budget (EUR) lines -MDA-A","Application Function Issue","90"
"INC1126370","CLASS 14 help me with completion task MDA-POL-2025-7469683","Service/Process Failure","80"
"INC1073925","CLASS 12 Tasks that disappeared on MIS","Application Function Issue","95"
"INC1126749","CLASS 7 No access to the application","Access Authentication Failure","95"
"INC1061264","Class 6(6.14) : PRO-AZE-2024--2144990607 Documents on BAS MIS Project dashboard to be replaced","Application Function Issue","85"
"INC1089535","Class 12 - Task not appearing for MDA-LEB-2025-4033264","Application Function Issue","90"
"INC1053498","Class 14 : Replenishment to be recorded against closed commitment 65000479 #INC1050827","Application Function Issue","80"
"INC1086017","CLASS 12 MIS budget error - MDA-POL-2025-5548021","Application Function Issue","95"
"INC1076698","CLASS 12 MIS Task went missing","Application Function Issue","90"
"INC1090654","CLASS 6 (6.11) MDA beneficiaries doubled MDA MDA-2024-1613592265","Application Function Issue","95"
"INC1103207","CLASS 6 (6.14) Please replace the files in BAS-MIS project dashboard","Application Function Issue","95"
"INC1096291","CLASS 6 (6.3) PRO-POL-2025--1876046045 BAS overall cost changes","Application Function Issue","95"
"INC1087421","CLASS 6 (6.3) PRO-LEB-2025-5554715 to amend BAS contribution to 100%","Application Function Issue","95"
"INC1066025","Class 6(6.14) : Please add checklist under the project PRO-UKR-2022--1608089864","Application Function Issue","95"
"INC1082974","CLASS 8 Need to get access to the projects of Nariste Azizbek kyzy in BAS MIS","Access Authentication Failure","85"
"INC1128507","CLASS 14 MDA completion task is not available MDA-LEB-2025-4033264","Application Function Issue","90"
"INC1127319","CLASS 7 Unable to access the new ASB MIS","Access Authentication Failure","80"
"INC1065356","Issue is not resolved_Incident with Ref: INC1056190 has been resolved (65001462 MDA commitment balan","Service/Process Failure","75"
"INC1134361","APP-3068 - Download of the documents does not work","Application Function Issue","95"
"INC1127894","2#(C) KPI Blank , Project completion blockage","Application Function Issue","85"
"INC1144121","APP-3385 PRO-ALB-2024-7453723 the project dashboard is missing while i was trying to complete the pr","Application Function Issue","80"
"INC1144150","APP-3385 The summary of project  PRO-TJK-2025-14999419 is not available,showserror","Application Function Issue","75"
"INC1143501","Completion approved from L1 for Local Consultancy Project,L2 Approval task cannot be located.","Service/Process Failure","70"
"INC1102319","CLASS 14 Disbursement amount does not show up in reconcilliation report PRO-GRC-2024-9604190,","Service/Process Failure","85"
"INC1095413","CLASS 6 (6.16)Expected completion date change PRO-TRY-2024-7384032","Service/Process Failure","75"
"INC1121987","CLass 12: PRO-JOR-2023-3446746 project Impact task provide mixed upKPIs.","Service/Process Failure","90"
"INC1063200","Class 14 : Completion task for LC project No. PRO-UNK-2024-5397044 approved by mistake","Service/Process Failure","80"
"INC1144188","APP-3385 Just can't watch the project dashboard - ERROR","Application Function Issue","95"
"INC1070141","CLASS 6(6.5)Project amendment  PRO-LEB-2024-14896450","Application Function Issue","85"
"INC1144126","APP-3385 ERROR AT DASHBOARD OF SUMMARY TAB [OU] MIS task disappeared  PRO-KAZ-2025--1876030889","Application Function Issue","90"
"INC1143255","To trigger tasks or change status of already evaluated - local consultancy projects-- PRO-GEO-2023--","Application Function Issue","80"
"INC1144117","APP-3385 PRO-ALB-2025-9809757 the projects dashboard is missing, below fing the message shown","Application Function Issue","95"
"INC1088892","CLASS 6 (6.16) Need to change the end date of the MDA. MDA Star Venture visibility and communication","Application Function Issue","85"
"INC1075807","CLASS 6(6.9)BAS MIS - change of project officer","Application Function Issue","90"
"INC1070042","CLASS 6(6.5)PRO-LEB-2025-10611800 to amend BAS contribution to 100%","Application Function Issue","95"
"INC1129390","3# IA project 5190: return to task "Identify SIAs"","Application Function Issue","80"
"INC1127449","CLASS 14 5# Enterprise documents missing "Zina Arbo"","Application Function Issue","80"
"INC1088628","CLASS 6(6.3)Cost share modification  on MIS","Application Function Issue","85"
"INC1133577","2# Dabarh d.o.o. Need task to qualify consultant","Employee Onboarding","70"
"INC1073305","CLASS 6(6.6)When entering project PRO-SRB-2025-5092001 I clicked on wrong commitment number","Application Function Issue","90"
"INC1128490","CLASS 14 Project completion task did not migrate  PRO-LEB-2024-9686397","Service/Process Failure","75"
"INC1097845","CLASS 13 PRO-GRC-2024-10592516 change how often did ASB monitor project","Application Function Issue","80"
"INC1093550","Missing task","Application Function Issue","70"
"INC1089660","Class6-Delete a beneficiary from a MDA table","Application Function Issue","90"
"INC1088406","password forgotten","Password Reset","95"
"INC1128352","CLASS 14 5# PRO-EGY-2025-10772893 - enterprise documents disappeared  "Ethmar Green"","Service/Process Failure","85"
"INC1127955","CLASS 14 Problem with MIS migration project information PRO-LEB-2025-1882066666","Service/Process Failure","85"
"INC1129716","APP-2987 - 2# Error in accessing task - L1 Approve Consultancy: Nest Group DOO Skopje","Application Function Issue","95"
"INC1128121","APP-2901 2# PRO-ALB-2025-9809514  GA generated for the project cannot be opened.","Application Function Issue","90"
"INC1129718","APP-2988 - 2# Error in accessing task - Evaluation L1 Approval for Local Consultancy Project: Market","Application Function Issue","95"
"INC1096557","CLASS 6 (6.16) Start date/end date correction GAP-TRY-2024-9642496 &  GAP-TRY-2024-1345098364","Service/Process Failure","85"
"INC1051955","Class 12 : MDA-POL-2024-3974388 MIS commitment amount mismatch","Application Function Issue","85"
"INC1076521","CLASS 14 BAS MIS MDA dashboard document upload request","Application Function Issue","80"
"INC1104705","CLASS 6 (6.16) For project PRO-MAR-2024-4825975","Application Function Issue","75"
"INC1060321","Class 6(6.14) : BAS MIS: PRO-ARM-2024-10513049 - Replace document","Application Function Issue","80"
"INC1145128","Negative score for Evaluation reports PRO-GEO-2023--2145139293 PRO-GEO-2023--1876353384","Service/Process Failure","70"
"INC1060735","EGP Project: JSC Tbilvino III - project completion","Service/Process Failure","80"
"INC1094985","CLASS 6 (6.3 )Urgent - grant% to fix to 100% on project flow PRO-LEB-2025-10637301","Access Grant Request","90"
"INC1120801","CLASS 8 deactivated tasks  MDA-GRC-2023-53985177","Application Function Issue","70"
"INC1066021","Class 6(6.3) : PRO-LEB-2025--2144639193 to amend BAS contribution to 100%","Access Grant Request","90"
"INC1127930","CLASS 14 no project evaluation task is assigned for the project  Identification Number  PRO-MNG-2024","Service/Process Failure","80"
"INC1144026","APP-3339 I was creating an MDA:   MDA-Kyrgyz Republic-2025-6187. There is an error when adding the b","Application Function Issue","85"
"INC1128598","CLASS 14 task lost PRO-ALB-2023-3576107","Application Function Issue","75"
"INC1129607","2#(C) PRO-EGY-2022-1612616773 KPI Issue","Application Function Issue","90"
"INC1116051","CLASS 13 Could you please remove both tasks that's on the project dashboard, as they are already don","Application Function Issue","65"
"INC1127458","2# Can't enter Baseline Value during project completion","Application Function Issue","80"
"INC1128061","2# Beneficiary not showing in MDA dashboard + Completion task missing (MDA-UNK-2025-21445985-41)","Application Function Issue","85"
"INC1064749","CLASS 12 Enterprise not displayed on BAS MIS","Application Function Issue","80"
"INC1100336","CLASS 6 (6.14) PRO-ARM-2024-1882044061: Replace document","Application Function Issue","90"
"INC1088452","CLASS 13 PRO-ROU-2025-15044260 - DILEVIDA INSTAL - change the grant from 80% to 70%","Access Grant Request","75"
"INC1075319","SBI - can you add Diyas to the task for H1 24 and H2 23 - Mongolia, Khan Bank","Application Function Issue","70"
"INC1103591","CLASS 12 Budget update  PRO-TRY-2025-15073061.","Application Function Issue","80"
"INC1064636","CLASS 12MDA-MKD-2023-1076694298 - MDA-MKD-2023-1076694298 - Bring back current task to add beneficia","Application Function Issue","70"
"INC1126915","3# Error - MDA-EGY-2025-1345217907","Application Function Issue","90"
"INC1133705","MDA Documents missing for MDA-MKD-2024-16075495-24","Application Function Issue","85"
"INC1109109","CLASS 13 Assist in deleting an entry in MIS transactions","Application Function Issue","75"
"INC1126752","CLASS 14 Please cancel MDA-MNG-2024-18762296-73 as the cancellation request was submitted a year ago","Service/Process Failure","85"
"INC1061516","Class 14 : MDA-POL-2025-3996595 MIS incorrectly calculated the advance amount","Service/Process Failure","80"
"INC1127974","CLASS 14 Generate Completion task PRO-EGY-2024-9659312","Service/Process Failure","75"
"INC1133662","APP-3050 - MDA Documents missing for MDA-MKD-2024-7350762","Application Function Issue","90"
"INC1104063","CLASS 13 Evaluation change D) Project 'Coherence with the EBRD mandate' (max 2 points)","Application Function Issue","80"
"INC1086986","CLASS 13 PRO-LEB-2024-1882021769 to amend BAS contribution to 100%","Application Function Issue","80"
"INC1122970","Clients not getting ClientNet notifications for covenants and billing advices","Service/Process Failure","70"
"INC1103037","CLASS 6 (6.14) PRO-ARM-2024-1882044061: Replace document","Application Function Issue","80"
"INC1056353","my colleague shorouk elfawal left and forgot to assign some of the tasks to me. I need to compete a ","Employee Offboarding","80"
"INC1129591","2#(C) KPI ISSUE PRO-EGY-2023--2145166211","Application Function Issue","90"
"INC1070491","CLASS 8 Please delete - BAS MIS - Market Development Activities - MDA-ARM-2025-18760349-80","Application Function Issue","90"
"INC1127503","2#(C) KPI ISSUE   Evaluation task for PRO-ALB-2023-808387506","Application Function Issue","90"
"INC1130476","2#(C)APP-2866 KPI Evaluation -  Technical error to the evaluation task","Application Function Issue","90"
"INC1068009","Retrigger Approval Task EGP MIS","Application Function Issue","80"
"INC1144130","Change the date of the last payment in the MDA Dashboard in new MIS","Application Function Issue","85"
"INC1129268","2# PRO-EGY-2023-1344865201 Evaluation TASK","Application Function Issue","70"
"INC1128115","CLASS 14 5# Consultant documents missing on new MIS dashboard","Application Function Issue","75"
"INC1144010","MFR task / Kyrgyz Rep / July - can't find the task for L3 (Finance & Admin) approval. Could you plea","Application Function Issue","65"
"INC1098808","CLASS 13 please help me trigger Evaluation tasks on MIS for the following MDAs:","Service/Process Failure","80"
"INC1102268","CLASS 6 (6.14 )ToR Update GAP-TRY-2025-6475832,","Application Function Issue","70"
"INC1130316","An issue related to the latest Billing Advice download","Application Function Issue","70"
"INC1100050","CLASS 6 (6.16) Change in MDA end date MDA-TRY-2024-6339654)","Application Function Issue","70"
"INC1129465","2# PRO-EGY-2022-1612616773 generate evaluation task","Service/Process Failure","80"
"INC1129375","2# There is no task for evaluation in  project PRO-TJK-2023--1607932211","Application Function Issue","80"
"INC1127689","2#(A) CLASS 14 Evaluations not available on MiS","Application Function Issue","90"
"INC1140513","(F) APP-3306 MDA-EGY-2025-5573057 commitment number error","Application Function Issue","70"
"INC1081729","CLASS 6 (6.14) Shifted reports - PRO-TRY-2024-4968339","Application Function Issue","85"
"INC1121204","CLASS 13 [OU] Task in MIS PRO-KGZ-2024--1339067785","Application Function Issue","60"
"INC1086543","Reversal of status of EGP project","Service/Process Failure","75"
"INC1068047","CLASS 6(6.2)Please correct the amount on dashboard MDA-TJK-2025-21446381-31 should be 4,500 instead ","Application Function Issue","95"
"INC1097155","CLASS 6 (6.3) 100% grant for PRO-POL-2025--2144600677 Additional Details","Access Grant Request","90"
"INC1091225","CLASS 14 Please enable the project with ID PRO-MNG-2025-1345171731 task to reject the project.","Application Function Issue","85"
"INC1116069","CLASS 6 (6.14)unable to replace uploaded docs forPRO-GRC-2024--18760590860","Application Function Issue","90"
"INC1074206","CLASS  12 MIS Task not showing","Application Function Issue","95"
"INC1130671","APP-2930 - 2# Company files not correctly uploaded (Shelvz Sal)","Application Function Issue","95"
"INC1130182","APP-3028 - 2#  PRO-EGY-2024-1344931241 I can't approve or deny a project as it is stuck that I need ","Application Function Issue","90"
"INC1074047","CLASS 6(6.14)Uploading files in MIS","Application Function Issue","85"
"INC1128394","CLASS 14 5# documents missing STRAZIMIR MILANOVIC PR, INZENJERING S ING,   KURSUMLIJA r","Access Authentication Failure","70"
"INC1128391","CLASS 14 5# documents missing "New Look Entertainmen"","Access Authentication Failure","70"
"INC1091799","CLASS 6(6.3) PRO-LEB-2025-15059153 consultant disappeared from dashboard and amend BAS contribution ","Application Function Issue","85"
"INC1116062","CLASS 8 re-assign task PRO-EGY-2024-9669389","Application Function Issue","75"
"INC1114697","Class 6: Urgent request to trigger a task on MIS","Application Function Issue","90"
"INC1058455","Class 6(6.16) : Change project  Expected Completion Date","Application Function Issue","80"
"INC1127122","CLASS 14  2#(A)  In ASB MIS, for PRO-SRB-2023--2145077475 project - the Evaluation task is missing a","Application Function Issue","70"
"INC1111274","CLASS 8 MIS consultant qualification RS bootcamp, TOO","Application Function Issue","80"
"INC1129928","2#(B) I get an error when i try to vie or edit documents on enterprise Al-baha Company For Caustic &","Application Function Issue","90"
"INC1128063","CLASS 14 Completion task for 2 MDAs are missing MDA-GRC-2025-9782954 &  MDA-GRC-2025-6481170","Service/Process Failure","70"
"INC1139839","PRO-TJK-2023-539935948 - there is no evaluation task for this project","Service/Process Failure","85"
"INC1091210","CLASS 8 PRO-LEB-2025-5554715  task appearing on the dashboard with wrong assignee "Carine Vavasseur"","Access Grant Request","95"
"INC1055972","The grant %generated for this project  PRO-LEB-2025-1345130314 should be 100% under our crisis-respo","Access Grant Request","95"
"INC1071361","The budget report is not updated for the project GalaKlinika LLP I, ID 5078. Please can you update t","Application Function Issue","85"
"INC1067050","CLASS 6(6.14)Project ID PRO-KAZ-2024-1613551151: Need to change the document in the MIS "02-06.24 ta","Application Function Issue","85"
"INC1126850","cCLASS 14  2#(A)   There is not the evaluation task x 3 : PRO-GRC-2023--1607742094, PRO-GRC-2023--21","Application Function Issue","75"
"INC1126819","CLASS 14 Please activate disbursement tasks","Application Function Issue","90"
"INC1066358","CLASS 12 Add beneficiary icon is not active","Application Function Issue","95"
"INC1075204","Class 12: No Task showing on MIS - PRO-LEB-2025--2144624956","Application Function Issue","80"
"INC1096356","MDA-MDA-2025-18760107-40 Fazla gida and Evreka notable to attend the event","Application Function Issue","80"
"INC1115537","CLASS 13 Appian task error PRO-EGY-2025-1345230920","Application Function Issue","90"
"INC1072140","CLASS 12 Diary Entry and Tasks on MIS not showing","Application Function Issue","85"
"INC1143552","URGENT  - I don't have acces to the evaluation task for several projects","Access Authentication Failure","75"
"INC1140998","(D) APP-3326 Unable to upload enterprise documents","Application Function Issue","95"
"INC1142783","[OU] PRO-EGY-2023-3354272 Missing Evaluation task - Appian error","Application Function Issue","95"
"INC1136353","Missing documents for consultant: Uzdiksiz damu, PE (Gani Baygaliuly)","Access Grant Request","85"
"INC1142568","Please cancel the disbursement task for the PRO-MNG-2024-6296078 and assign next task to upload Exhb","Service/Process Failure","80"
"INC1130106","2# APP-2886Error on Project conception task "expert" error","Application Function Issue","90"
"INC1141531","Task for evaluation  MDA-TJK-2023-3413724","Access Grant Request","75"
"INC1074576","CLASS 6 (6.2) Modify the BAS cost contribution to 100% for project PRO-LEB-2025--1876032853","Application Function Issue","95"
"INC1128284","2# Consultant not found "Victor Gamal Fahim Hanna"","Access Authentication Failure","85"
"INC1143612","APP-3354 Need help generating completion tasks to 4 MDAs, and missing KPIs for evaluations tasks to ","Application Function Issue","90"
"INC1142263","APP-3356 Cannot upload documents to Enterprise "Megreli LLC"","Application Function Issue","90"
"INC1142577","APP-3232 Incorrect total project cost on the project dasboard","Application Function Issue","95"
"INC1138227","APP-3310 URGENT:Document migration: on consultant dashboard there are no  uploaded documents. Please","Application Function Issue","95"
"INC1143414","APP-3360 Unable to complete MDA task "Pending signed contract"","Application Function Issue","90"
"INC1141532","Please assign to me a task for evaluation ofMDA-TJK-2024-21449998-61","Access Grant Request","85"
"INC1141527","Missing task for project completion -PRO-MKD-2025--1876020742","Application Function Issue","80"
"INC1143488","APP-3359 Unable to access document in MDA","Application Function Issue","90"
"INC1136531","APP-3185 MDA-Moldova-2025-6154 System not allowing to replace Terms of reference and proceed further","Application Function Issue","95"
"INC1142895","Please release evaluation task for two projects PRO-ALB-2023-539804003 and PRO-ALB-2023-1881416830","Access Grant Request","90"
"INC1143188","APP-3362 PRO-XKX-2025-39572 - Generated GA issues- Missing data","Application Function Issue","90"
"INC1142906","APP-2920Can not make disbursement for PRO-TRY-2024-9640557.","Application Function Issue","95"
"INC1142874","PRO-ALB-2023-4681017 the evaluation task is missing","Application Function Issue","85"
"INC1080498","West bank and Gaza - Backdated entry for a closed MFR period","Application Function Issue","80"
"INC1096425","CLASS 14 Request to delete a mistakenly posted transaction on MIS","Application Function Issue","90"
"INC1141000","MDA approval task not assigned to L1 approver","Application Function Issue","75"
"INC1061090","Class 12 : Appian -PRO-JOR-2024-4930430 Completion task not showing","Application Function Issue","85"
"INC1141153","APP-3323 projects showing 'in progress' vs 'ongoing' - although final GAs have been submitted (for P","Application Function Issue","95"
"INC1141317","APP-3221 Manage documents for a consultant on MIS - Erxes Mongolia LLC","Application Function Issue","85"
"INC1141574","Change of name of the consultant in BAS MIS","Application Function Issue","80"
"INC1127874","Cant find add ad hocks docs button for Maslaxataudit-M Audit Enterprise LLC. I need toupload additio","Application Function Issue","75"
"INC1142950","Task Triggering","Application Function Issue","60"
"INC1140584","APP-3305 unavailable to complete projects due to errors with documents and tasks PRO-BGR-2024-105810","Application Function Issue","95"
"INC1142202","Balance on SUBS  EUR account not correct after migration - Moldova/Chişină","Application Function Issue","85"
"INC1142493","The baseline values seem to be wrong - please match to the attached TOR..","Application Function Issue","90"
"INC1140832","[OU] PRO-EGY-2023--1339474097 appian task","Application Function Issue","75"
"INC1128446","CLASS 14 no task was assigned for MDA-MNG-2024-21450070-14","Application Function Issue","80"
"INC1101400","Unknown email","Service/Process Failure","80"
"INC1072373","CLASS6(6.11) MDA Issues with Benefeciaries.","Service/Process Failure","90"
"INC1142883","APP-3364 project creation error-missing documents","Application Function Issue","95"
"INC1143732","MDA is not started","Service/Process Failure","85"
"INC1140526","VERY URGENT: Tikves  No Update Enterprise Task","Service/Process Failure","70"
"INC1139284","MDA-POL-2025-7469683 please help us retrigger completion approval","Service/Process Failure","85"
"INC1140288","NO pending tasks under CURRENT TASKS FOR GAP","Service/Process Failure","75"
"INC1141946","APP-3232 Need to correct the Total Project Cost in project dashboard. PRO-KGZ-2024-5012178 | Marketi","Application Function Issue","95"
"INC1141845","APP-3232 Wrong Total Project Cost on dashboard","Application Function Issue","95"
"INC1062993","CENTRALE SOLAIRE FERIANA B ; OPID 55026 ;Billing Advice Notification","Service/Process Failure","80"
"INC1143730","Entity registration - Postal Code section missing","Application Function Issue","90"
"INC1142652","No commitment numbers are shown when submitting/entering a new project. Please insert the active and","Application Function Issue","85"
"INC1132339","APP-3001 - 2# New MIS (BAS) under client and consultant is not showing documents Gjirafa, Inc - Dega","Application Function Issue","85"
"INC1061545","Request for closure to be cancelled for Project 8918","Access Grant Request","70"
"INC1144679","APP-3390 There are two errors appearing while entering the data in the MDA: MDA MIT DeepTech program","Application Function Issue","90"
"INC1142682","An error occured when entering a new project PRO-MNG-2025-39643 for submission, showing an error mes","Application Function Issue","80"
"INC1140972","PRO-ALB-2023-4678575 no evaluation task","Application Function Issue","95"
"INC1136367","APP-3191 I'm submitting a consultant for pre-qualification, but L1 approved doesn't get the task. Si","Access Authentication Failure","85"
"INC1135213","APP-3110 - unable to add beneficiaries to MDA-GRC-2025-15060154","Access Authentication Failure","90"
"INC1072921","Class 12 - Required Documents Update on MIS","Application Function Issue","70"
"INC1134604","APP-3074 -  created an LC project on MIS, but I don't have access to the KPIs section. I get an erro","Access Authentication Failure","90"
"INC1139789","APP-3256 URGENT - Incorrect account balances in Yerevan office MFR task","Application Function Issue","95"
"INC1132853","APP-2996 - 2# Task initiation for MDA-BIH-2025-7526693","Application Function Issue","90"
"INC1129263","2# GAP-EGY-2024-21449250-92 Completion task","Application Function Issue","90"
"INC1129261","2# GAP-EGY-2024-1613375825 Completion task","Application Function Issue","90"
"INC1128228","APP-2910 - 1# Incorrect total project cost, experts counted twice -PRO-KGZ-2025-10755981 | WiB: Hote","Application Function Issue","95"
"INC1144678","APP-3391 Pease add the commitment 65001672 to the commitments list of Group Advisory GAP-Tajikistan-","Application Function Issue","90"
"INC1116817","CLASS 13 Modification on PRO-TRY-2025-5169393","Application Function Issue","85"
"INC1093121","CLASS 6 (6.16)Contract and MDA end date should be 15 May 2026 MDA-MDA-2025-1345218271","Application Function Issue","95"
"INC1144858","APP-3232 Wrong total MDA cost","Application Function Issue","95"
"INC1056932","Class12-OPEX Balance disparity","Application Function Issue","80"
"INC1129274","2# PRO-EGY-2023-1076155406 - evaluation task","Application Function Issue","75"
"INC1143801","APP-3378 Completed in old MIS and ongoing in new MIS","Application Function Issue","85"
"INC1140294","APP-3270 LC project were submitted for L1 approval issue","Application Function Issue","75"
"INC1142755","Another issue with the new MIS for advisory.An error message has appeared preventing me from proceed","Application Function Issue","90"
"INC1142922","Contract upload error for generating Ga - PRO-XKX-2025-39572","Service/Process Failure","80"
"INC1144344","There is a task for deletion for project PRO-MKD-2025--1876020742 and new task to be generated","Application Function Issue","70"
"INC1143753","APP-3379 Unable to upload dummy signed contract for MDA MDA ID: MDA-Morocco-2025-6138","Application Function Issue","90"
"INC1143177","No approval task generated for 2 GAP projects after resubmission","Application Function Issue","85"
"INC1143861","Error in GAP-TJK-2025-6183. please help","Application Function Issue","75"
"INC1144258","APP-3394 enterprise appearing with missing documents - Enterprise Vario SA","Application Function Issue","95"
"INC1128445","CLASS 14 please assign L1 approval task for MDA-MNG-2024-13392770-30","Access Grant Request","80"
"INC1144772","The evaluation status to be changed for 925 - ASEDL LLC I","Application Function Issue","85"
"INC1144781","Trigger Completion Task for MDA-KGZ-2024-5311885  WiB Digital Mentoring 2024","Application Function Issue","80"
"INC1144774","APP-3232 Wrong total project cost","Application Function Issue","95"
"INC1062342","JSC Tbilvino III : Answers previously entered in the "Ratings" section have been deleted","Service/Process Failure","75"
"INC1144388","please help trigger contract upload task for MDA-Poland-2025-6127 and assign to Ludovica Efrati","Access Grant Request","90"
"INC1144223","APP-3395 MDA-MAR-2025-1345276333 unable to complete task","Application Function Issue","85"
"INC1131933","APP-2925 - 2# There appears to be an IT glitch affecting the evaluation task PRO-JOR-2023-3446746","Application Function Issue","80"
"INC1136256","KPI ISSUE APP-3168 Evaluation values for KPI and general data wrong and missing PRO-BIH-2023--160769","Application Function Issue","90"
"INC1129273","2#PRO-EGY-2023--2145166211 evaluation task","Application Function Issue","75"
"INC1143816","Grant already disbursed for LC project in old MIS and the task to upload exhibit 3 is missing on new","Service/Process Failure","85"
"INC1144776","Add green KPIto the dashboard in MIS LC project - PRO-ARM-2025-39616 | APAVEN CO. LTD – STRATEGIC DE","Service/Process Failure","75"
"INC1143823","Duplicate L2 tasks for tasks which have already been approved in BAS MIS","Service/Process Failure","90"
"INC1143807","Wrong documents after migration","Service/Process Failure","60"
"INC1134010","APP-3079 - Active prequalified consultant not found in the drop down list, not possible to select","Application Function Issue","95"
"INC1090127","CLASS 13 please close the task for the project PRO-MNG-2023-4513499","Access Grant Request","85"
"INC1131091","2# APP-2889 For PRO-MKD-2023-1076595073 and for PRO-MKD-2023--1607691491 I am getting a bad score ev","Application Function Issue","90"
"INC1129272","2# PRO-EGY-2022-1612616773 EVAULATION TASK","Employee Onboarding","70"
"INC1143921","[OU] New MIS- New Consultant","Access Grant Request","80"
"INC1143925","Please send me 2 tasks for signed contracts uploading for MDA-Tajikistan-2025-6163","Access Grant Request","80"
"INC1142264","[OU] Issue with the new MIS - Missing Task","Application Function Issue","90"
"INC1144918","PRO-EGY-2023-3372447","Service/Process Failure","70"
"INC1136504","URGENT APP-3187 NO TOR DOCUMENT Cannot open Finally signed GA in project: PRO-KAZ-2024-5516188","Access Authentication Failure","85"
"INC1136161","APP-3171 Level 1 Approver cannot proceed with completion task review and approval BAS MIS PRO-AZE-20","Application Function Issue","95"
"INC1112890","CLASS 6 (6.14) Need to change highlighted document to the attached one in project:  PRO-KAZ-2025-399","Application Function Issue","85"
"INC1135733","APP-3141 - Migration of data (Financial Advisory Group sh.p.k)","Application Function Issue","90"
"INC1143901","activate L1evaluation approval task forGAP-GRC-2021-1344210086","Application Function Issue","75"
"INC1129262","2# GAP-EGY-2024-3862434 Completion task","Application Function Issue","80"
"INC1136645","APP-3193 Incorrect opening and closing balances for ASB Poland July MFR","Application Function Issue","95"
"INC1064432","Class 12 : Unable to open word file PRO-TUN-2024-4948464 - GA-TUN-2025-5046192 (English) from the da","Application Function Issue","85"
"INC1143955","Evaluation task to be triggered","Application Function Issue","75"
"INC1137855","APP-3226 [URGENT] LCPROJECT :Error at Completion L1 Approval-NPM cannot approve project on MIS","Application Function Issue","90"
"INC1143880","[OU] New MIS- No evaluation Tasks on LC Projects","Application Function Issue","70"
"INC1144941","APP-3406 - MIS does not allow to update statistics data on enterprise dashboard","Application Function Issue","80"
"INC1142323","APP-3302 - Can not create project - technical error on the cross cutting issues","Application Function Issue","95"
"INC1141313","APP-3302 Error Evaluating UI Expression on MIS","Application Function Issue","95"
"INC1143963","Error Evaluating UI Expression","Application Function Issue","95"
"INC1141064","APP-3302 Error message at conception level for LC","Application Function Issue","95"
"INC1142637","APP-3302- [OU] Project Submission on New MIS- PRO – JOR-2025-39580","Application Function Issue","95"
"INC1141082","APP-3302 error message at project conception","Application Function Issue","95"
"INC1108758","CLASS 6 (6.3) Grant % error PRO-LEB-2025--1875981638","Application Function Issue","90"
"INC1103680","Class 12: MIS not working properly - MDA-UNK-2025-21445985-41","Application Function Issue","85"
"INC1144912","APP-3232 BASMIS: PRO-KGZ-2024-4870661 total project cost and client contribution missing on project ","Application Function Issue","95"
"INC1144908","MDA L1 evaluation task to be generated","Service/Process Failure","70"
"INC1142134","APP-3302 PRO-ARM-2025-39604: Getting an error message when trying to implement the task","Application Function Issue","80"
"INC1143185","APP-3302 MIS Error in Project Input","Application Function Issue","95"
"INC1057357","Class 12 : Please regenerate the task in the tasks section as it just showed a glitch of repeating e","Application Function Issue","85"
"INC1144245","81 random files in MDA - MDA-Morocco-2025-6115","Application Function Issue","90"
"INC1144952","Kindly add" STAR VENTURE" as " Advisory type" on the dashboard of the consultant " DORRA Mlouhi"","Access Grant Request","90"
"INC1143992","[OU] MIS L1 approval LC completion error message","Application Function Issue","95"
"INC1144006","Unable to select AquaDeep from the list of beneficiaries within the system, and I receive an error m","Application Function Issue","85"
"INC1143985","APP-3302 Unable to pass additional detail step when creating project","Application Function Issue","90"
"INC1143942","APP-3302 PRO-TJK-2025-39650 -the error msg appeared on cross-cutting pages (please see attached)","Application Function Issue","75"
"INC1142909","APP-3363 MDA status issue "MDA-Serbia-2025-6159 s"","Application Function Issue","80"
"INC1058009","Class 6(6.14) : Unable to attach checklist under the project PRO-UKR-2023--1339336040","Application Function Issue","85"
"INC1144953","MIS Green KPI Issue in Project Conception","Application Function Issue","75"
"INC1144966","PRO-GEO-2025-5535846-  Patch process -excessive doc -called checklist - is not uploaded by team memb","Application Function Issue","70"
"INC1129523","2#Document dashboard error  ENTEPRISE DOCUMENTS MISSING "Hirpo LLC "","Application Function Issue","80"
"INC1144943","Following on INC1133104","Service/Process Failure","60"
"INC1135285","Task missing for MDA-UNK-2025-21445985-41","Application Function Issue","80"
"INC1094463","CLASS 13 Please open access to all quick links on the Consultant's dashboard. GxP tsentr, PE"","Access Grant Request","90"
"INC1069052","CLASS 6(6.11)Unable to edit beneficiaries in MDA MDA-WBG-2025-1345170584","Application Function Issue","95"
"INC1144971","Urgent - Incorrect dropdown KPI list for LC project","Service/Process Failure","70"
"INC1125519","CLASS 7 I cannot access my appian account","Access Authentication Failure","90"
"INC1096153","CLASS 13 Change in BAS MIS expenses","Access Grant Request","85"
"INC1089719","Project Simbrella, MIS ID 4893:Final Handbook has been uploaded, but the tasks for this action still","Application Function Issue","80"
"INC1143544","APP-3355 MDA-Armenia-2025-6177: Unable to manage documents","Application Function Issue","75"
"INC1144972","MDA-ALB-2025-5141657 completion task lost","Application Function Issue","85"
"INC1144061","APP-3302 Error on LC conception PRO-TKM-2025-39649","Application Function Issue","90"
"INC1143596","APP-3302 Cannot go further with project creation: PRO-KAZ-2025-39645","Application Function Issue","85"
"INC1143326","APP-3302 Error received when trying to create an LC","Application Function Issue","95"
"INC1145021","Cant find the documents for PRO-EGY-2024-3897177","Access Authentication Failure","85"
"INC1059970","Class 7 : Unable to access to MIS","Access Authentication Failure","90"
"INC1125682","CLASS 7 Cannot login to new system - https://ebrd.appiancloud.com/suite/sites/asb, I joined the firm","Application Function Issue","80"
"INC1141463","APP-3302 Project conception error - PRO-LBN-2025-39632","Access Authentication Failure","75"
"INC1145029","cant find the documents for PRO-EGY-2023--2145105591","Access Authentication Failure","85"
"INC1140862","APP-3302 Next button is unresponsive. Error Evaluating UI Expression","Application Function Issue","95"
"INC1144090","APP-3302 Unable to record project BAS MIS","Application Function Issue","90"
"INC1145032","APP-3403 - ISSUE WITH THE NEW MIS - Enterprise KHALTA","Application Function Issue","85"
"INC1144253","APP-3302 Error message during conception of LC project at the additional details stage","Application Function Issue","90"
"INC1143763","APP-3302 [OU] Error  for project Ref : PRO-EGY-2025-10747482 - Appian Error","Application Function Issue","80"
"INC1145031","Issue with the new advisory MIS /After creating a local advisory project, MIS did not generate an ID","Application Function Issue","95"
"INC1143226","Missing task","Application Function Issue","85"
"INC1143201","Urgent - Need to trigger task for MDA-Georgia-2025-6143","Service/Process Failure","90"
"INC1145037","Inconsistency of start dates of an MDA (MDA-TRY-2023-539900554)","Application Function Issue","80"
"INC1144402","APP-3392 cannot upload documents to add and update existing consultancy entry","Application Function Issue","90"
"INC1126972","URGENT APP-2906 # I started creating new MDA in the system last week and when searching the consulta","Application Function Issue","80"
"INC1078156","I do not have access to ClientNet","Access Authentication Failure","90"
"INC1139993","APP-3263 Cannot upload documents on MDA dashboard MDA-TRY-2023-539900554","Application Function Issue","95"
"INC1135618","APP-3232- Editing completed project cost","Application Function Issue","85"
"INC1145016","Generate task","Service/Process Failure","70"
"INC1116664","CLASS 8 Change KPI in MIS PRO-ROU-2025-4077880","Security Violation","60"
"INC1110549","CLASS 6 (6.3) please help me change grant % in PRO-POL-2025-10745674","Access Grant Request","95"
"INC1145070","APP-3401 change type of migrated documents","Application Function Issue","90"
"INC1143376","Missing evaluation task","Service/Process Failure","85"
"INC1140104","Project  5073 - BG Reklam doo","Store Rebuild","70"
"INC1143371","Evaluation tasks","Service/Process Failure","80"
"INC1138161","APP-2901 No GA available for PRO-KAZ-2024-5516188 AtyrauPromVentilyatsiya, TOO","Access Grant Request","85"
"INC1142638","Signed GA upload error -PRO-XKX-2025-39515","Service/Process Failure","90"
"INC1112963","Covenants uploaded on ClientNet but not visible","Application Function Issue","85"
"INC1145079","APP-3401 change type of migrated documents","Application Function Issue","90"
"INC1145027","please correct the status as evaluated (and not pending approval) for:  PRO-UNK-2022--1876880031 and","Application Function Issue","75"
"INC1145098","APP-3402 Unable to ad-hoc document to MDA on New MIS MDA MDA-WBG-2025-1345230452 Salon Beauty BMT- A","Application Function Issue","80"
"INC1145057","Need to trigger the task to complete the MDA","Application Function Issue","85"
"INC1129646","APP-2986 - 2#(C)MIGRATION ISSUE URGENT - Green track KPI missing from the project at the completion ","Application Function Issue","85"
"INC1101496","CLASS 7 BAS MIS application - no access to tasks assigned to team","Access Authentication Failure","90"
"INC1128024","2# CLASS 14 GAP-WBG-2024-18760628-96","Application Function Issue","70"
"INC1127107","2#(B) CLASS 14  Error at uploading ad-hoc documents","Application Function Issue","80"
"INC1056589","Appain team: edit project","Application Function Issue","60"
"INC1101833","One of the  projects I am TM of, does not appear in Client Netr","Service/Process Failure","75"
"INC1060343","Class 14 : MDA-POL-2024-3974388 MDA budget update","Application Function Issue","95"
"INC1132302","2# Beneficiaries are missing in MDA "MDA-TRY-2023-539900554"","Application Function Issue","95"
"INC1129922","2#(B) I get an error when i try to vie or edit documents on enterprise Ahwe BLK "Bari LiL Qahwa Al M","Application Function Issue","95"
"INC1108915","CLASS 12 Error in task related to project edit PRO-MKD-2025-10717775","Application Function Issue","95"
"INC1132287","APP-3339 In ASB MIS, for   MDA-SRB-2024-1345044028 I cannot add beneficiaries from other countries +","Application Function Issue","95"
"INC1127995","5# Task and documents missing for pre-qualification of a consultant 'Nest Group DOO Skopje'.","Application Function Issue","95"
"INC1109074","CLASS 6 (6.14) Deliverables update on PRO-TRY-2024--2144765939","Application Function Issue","95"
"INC1131494","APP-3339 2# In ASB MIS, for MDA-SRB-2024-16076336-48 I cannot add beneficiaries from other countries","Application Function Issue","95"
"INC1057751","FW: [OU] RE: Thermecatex - Approval of first visit report and selection of specialist","Application Function Issue","80"
"INC1086600","CLASS 6 (6.3)Please change the BAS contribution to 100% in project PRO-LEB-2025-4032518","Application Function Issue","90"
"INC1128260","2# Several buttons are inactiv/greyed in project creation stage: Alliance buildings, TOO","Application Function Issue","70"
"INC1088032","CLASS 6 (6.3)Changing of Cost Share on MIS - PRO-LEB-2025-15047373","Application Function Issue","90"
"INC1127424","2#(D)  The new ASB 2.0does not allow to enter new project - office, commitment, etc. (see attached)","Application Function Issue","95"
"INC1129200","[OU] Incorrect budget for an approved BMT: MDA-WBG-2025-15059864","Application Function Issue","90"
"INC1072326","CLASS  12 Erroneous input of KPI for  PRO-GRC-2023-1076556063","Application Function Issue","95"
"INC1080631","CLASS 6 (6.4)Grant % correction","Application Function Issue","85"
"INC1069902","CLASS 14 Contract generation task on MIS does not allow me to select GA Template","Application Function Issue","90"
"INC1126959","2#(D)  Unable to access MIS ASB (https://ebrd.appiancloud.com/suite/sites/asb)","Access Authentication Failure","95"
"INC1076524","CLASS 14 MDA-AZE-2024-7424722 - Request for signature for operational expenses through the OPEX acco","Access Grant Request","90"
"INC1054065","Class 12 : IT help needed yet not received","Application Function Issue","85"
"INC1136310","missing task MDA-SRB-2024-9614263","Application Function Issue","80"
"INC1072740","CLASS 6( 6.14)For Project PRO-SRB-2024--2144924679F I can not upload new versions of "project requir","Application Function Issue","75"
"INC1127783","2# Cannot start a project for Alliance Buildings, TOO","Application Function Issue","85"
"INC1095341","A task one step back PRO-GRC-2025-10674175.","Application Function Issue","80"
"INC1060346","Class 13 : MDA-POL-2025-7469157 MDA budget update required","Application Function Issue","75"
"INC1127564","APP-2970 - 2# Can't "Update Project PRO-LEB-2025-10773097"","Application Function Issue","90"
"INC1127876","APP-2972 - 2# Complete Final Visit Management Report task isincomplete","Application Function Issue","85"
"INC1129589","3#Individual consultant Afsun Khammadli","Employee Onboarding","60"
"INC1133642","APP-3046 - Incorrect status of project PRO-AZE-2024-1613627048 on BAS MIS","Application Function Issue","95"
"INC1128125","APP-3035 - 5# Sharing a file with all missing data for projects, companies, consultants, MDA, as wel","Application Function Issue","90"
"INC1134842","APP-3101 - Missing City from West Bank and Gaza under Consultant Registration (Tulkarm)","Application Function Issue","95"
"INC1089957","Class 6:10 - I need to change date of start of the project in MIS appian - PRO-SRB-2024-7398411","Application Function Issue","90"
"INC1133645","Project Evaluation Issue","Application Function Issue","80"
"INC1130970","Missing documents forConsultant:  IDEA Software d.o.o.","Application Function Issue","70"
"INC1113696","CLASS 13 GAP-TRY-2025-6475832 Project Type","Application Function Issue","60"
"INC1135167","APP-3109 - Missing "digital" cross-cutting theme for PRO-TRY-2024-1344888036.","Application Function Issue","90"
"INC1074293","Class 8: MFR after all the approvals comes back to the initiator.","Service/Process Failure","50"
"INC1090009","Class 12 - The project was approved by the National Programme Manager; however, the next step/task h","Application Function Issue","80"
"INC1087091","Broken DWH reports","Application Function Issue","90"
"INC1074811","CLASS 6 (6.3) PRO-ARM-2025-15000493: Change BAS Overall Cost figure","Application Function Issue","85"
"INC1136917","APP-3205 Upload error for zip folder: PRO-XKX-2025-39572","Application Function Issue","95"
"INC1130938","APP-3314 - 1# PRO-ARM-2024-10593473: No subsidy accounts available for selection (Financial related ","Application Function Issue","85"
"INC1061667","Class 6 : PRO-HRV-2025-1876047199 Delete Program flag","Application Function Issue","90"
"INC1076739","CLASS 12 HRP Task not showing - PRO-LEB-2025--1876034680","Application Function Issue","85"
"INC1113386","CLASS 13 I am included in multiple country teams","Access Grant Request","70"
"INC1138130","PRO-SRB-2025-39460 - please generate task for L2 approver, in order to approve project","Application Function Issue","80"
"INC1112998","CLASS 12 MDA-KAZ-2025-5548222: issue with disburse general expense task","Application Function Issue","85"
"INC1132660","No notification emails are being circulated after submission of the insurance covenants","Service/Process Failure","85"
"INC1131116","APP-2913 - 2# diary entry does not have the edit option (not in LC, MDA, Enterprises, Consultancy)","Application Function Issue","90"
"INC1100116","CLASS 7 MIS spamming","Service/Process Failure","75"
"INC1102773","CLASS 13 Project Evaluation Issue PRO-LEB-2023-3575981","Application Function Issue","95"
"INC1134954","APP-3103 - Golden Eagle Capital, TOO no DoI available, others docs are doubled","Access Authentication Failure","80"
"INC1138078","Please help with little correction of consultant name from SourceCode Communications LCC toSourceCod","Access Grant Request","85"
"INC1129599","2# You must select Consultance message comes up, event though it is selected in project:PRO-KAZ-2025","Application Function Issue","75"
"INC1122070","CLASS 6 (6.3) Could you please help in changing the grant % again since the project has been returne","Access Grant Request","90"
"INC1133174","APP-2889 2#Wrong Assessment rating during project evaluation","Application Function Issue","80"
"INC1089969","Class 8 - MIS documents on PRO-LEB-2025-5118511","Application Function Issue","80"
"INC1140885","APP-3297 Data has not been synced","Application Function Issue","90"
"INC1132396","2# Consultant profile Could you please migrate the documents of the consultant (Go Global for Genera","Application Function Issue","70"
"INC1144310","Please release completion task for MDA-ALB-2025-15043692","Service/Process Failure","85"
"INC1132326","2# Missing documents on the MDA dasboard","Application Function Issue","85"
"INC1085942","CLASS 8 Transaction No. MDA-4023919 the category should be  10.2 Local travel","Application Function Issue","90"
"INC1100599","CLASS 12 Problem/Bug with submitting ASB LC project for approval because of commitment balance PRO-S","Application Function Issue","85"
"INC1144293","APP-3387 Opening balance for KAZ- ALM-SUBS-EUR in July","Application Function Issue","80"
"INC1112678","CLASS 8 There is a bug that does not allow me to project documents correctly:  PRO-KAZ-2025-3999735","Application Function Issue","85"
"INC1140409","please trigger completion task for MDA-POL-2024-10545439","Application Function Issue","95"
"INC1136942","APP-3314  Problem recording disbursement for project  PRO-UNK-2025-10637239","Application Function Issue","95"
"INC1134584","APP-3076 - The system is not allowing to update an enterprise information","Application Function Issue","95"
"INC1069102","CLASS 6(6.14)BIS MDA-JOR-2024-1881971971","Service/Process Failure","80"
"INC1095367","CLASS 6 (6.16) Group Advisory - End date change GAP-TRY-2024-7437884","Service/Process Failure","80"
"INC1096781","CLASS 13 Unable to insert baseline values on MIS project dashboard","Application Function Issue","95"
"INC1094811","CLASS 6 (6.3) The generated Grant % is wrong - it should be 100% following crisis response measures ","Application Function Issue","90"
"INC1061607","Class 14  : GAP-KGZ-2022-1881105240 Wrong MIS task","Application Function Issue","85"
"INC1102336","CLASS 12:Commitment issue - MIS shows no balance - Commitment ID: 65001363","Application Function Issue","90"
"INC1086424","CLASS 6(6.9) Please help me change consultant name in MIS consultant database -"BSC LTD" to "BSC LLC","Application Function Issue","95"
"INC1132547","2# "New" BAS MIS system is not working","Application Function Issue","90"
"INC1132507","2# Record the expenses in MIS","Application Function Issue","85"
"INC1126814","CLASS 14 Change completion date PRO-HRV-2025--1876047199","Service/Process Failure","80"
"INC1143267","MDA-ALB-2025-10638467 completion task is missing","Application Function Issue","75"
"INC1134307","APP-3071 - PRO-EGY-2025-10772893 - there is no edit option","null","null"
"INC1131185","2# No enterprise statistics available for PRO-MKD-2023-1076595073 for 2023 for Euroterm enterprise t","Service/Process Failure","80"
"INC1132556","2#Project Evaluation Issue","Application Function Issue","70"
"INC1129661","2#APP-2896 Migrated Project - Checklist L1 Approval Task Error PRO-BIH-2025-10647904","Service/Process Failure","85"
"INC1087591","CLASS 6(6.16) Amend MDA end date","Service/Process Failure","60"
"INC1070931","CLASS 6 (6.3)Grant %mistake","Service/Process Failure","50"
"INC1112892","CLASS 6 (6.14) PRO-KAZ-2025-3999735, please change highlighted document the one I have attached.","Application Function Issue","80"
"INC1096676","CLASS 13 Incorrect input in the evaluation task, Could you take one step back to the previous task a","Application Function Issue","75"
"INC1133714","MDA Documents missing for MDA-MKD-2024-21447817-28","Service/Process Failure","90"
"INC1131175","2# Issue with a task during LC conception","Application Function Issue","60"
"INC1133719","MDA Documents missing for MDA-MKD-2023-1076694298","Service/Process Failure","90"
"INC1138155","Impossible to select existing experts after the consultancy has been selected BAS MIS --PRO-AZE-2025","Application Function Issue","85"
"INC1128073","APP-2914 - 3# Project 5076 - BG Reklam doo III","Application Function Issue","75"
"INC1128319","APP-2967 - 3# When consultants are submitted for my L1 approval by my team members, there is no acti","Application Function Issue","80"
"INC1128015","2#(C)  KPI is missing on project completion  .Unable to close project due to MIS migration issue","Service/Process Failure","70"
"INC1127797","2# 2 issues (i) I am the L2 approver and cannot approve tasks for SEMED due to the below error. (ii)","Application Function Issue","85"
"INC1064186","Class 12  : MDA-MKD-2023-1076694298 - Bring back current task to add beneficiaries","Application Function Issue","75"
"INC1129915","APP-2911 2# Project Identification Number  PRO-SRB-2024-7448217 not possible to do check list for pr","Application Function Issue","90"
"INC1132393","2# New MIS  Enterprise Kumulus Tunisia","Application Function Issue","60"
"INC1065339","Class 12 : MDA-LEB-2024-5414509:PO review task not appearing","Application Function Issue","85"
"INC1103062","CLASS 8 Grant percentage update  PRO-TRY-2025-5169393","Access Grant Request","75"
"INC1131474","2# Unable to select country at MDA conception","Application Function Issue","90"
"INC1128259","4# MIS Error: project launch","Service/Process Failure","80"
"INC1134957","Need to get my task back, there is an error popped during the project editing: PRO-KGZ-2025--1876008","Application Function Issue","85"
"INC1126855","APP-2904 2# No MDA data transferred to new MIS system for Areylight Ai - Arbilge Bilisim Iletisim Gu","Service/Process Failure","95"
"INC1135673","APP-3137 - Can't submit for approval the consultant dashboard","Application Function Issue","90"
"INC1130143","APP-2982 - 2# No MFR Task Available for WBG July on New MIS","Service/Process Failure","95"
"INC1120193","CLASS 6 (6.3) PRO-ROU-2025-6508820 Change grant percentage","Access Grant Request","85"
"INC1134321","APP-3070 - Bug - while trying to add a new project - missing mandatory documents","Application Function Issue","95"
"INC1132745","2# change consultant name","Access Authentication Failure","80"
"INC1132729","2#Project moved one step back PRO-MAR-2024-7461525","Application Function Issue","90"
"INC1130863","2# APP-2892 MDA-Albania-2025-6122 I cannot proceed with submission of MDA","Access Authentication Failure","85"
"INC1133583","APP-3061 - MIS is not working, I can not log in","Application Function Issue","95"
"INC1130194","APP-3026 - 2# RS Bootcamp, TOO is not in the list of Star Venture consultants in MIS","Access Authentication Failure","75"
"INC1065193","Class 14: MDA-WBG-2025-14989321 I cannot find any task to submit the MDA for approval","Application Function Issue","85"
"INC1134611","Re-send two transaction in SAP","Application Function Issue","90"
"INC1133106","APP-2889 2# No initial KPIs, decimal RATING WRONG","Application Function Issue","95"
"INC1132540","APP-2935 - 2# beneficiary linkage MDA-SRB-2024-5510431","Application Function Issue","90"
"INC1121831","CLASS 6 (6.3) Change the cost share to 75% for project: PRO-LEB-2025--1876032853","Application Function Issue","80"
"INC1130423","APP-2921 1#  MDA general expense transactions aren't showing up on the MDA dashboard","Application Function Issue","95"
"INC1132824","2# Missing Task PRO-BIH-2023-3324097","Application Function Issue","90"
"INC1117002","CLASS 13 VAT missing from an entry in MIS on the dashboard MDA-ROU-2025-5572613","Application Function Issue","90"
"INC1135607","APP-3130 - Not able to upload the consultant data","Application Function Issue","95"
"INC1135641","APP-3135 - PRO-GRC-2025-5110127 has returned to previous stage","Application Function Issue","90"
"INC1120252","CLASS 6 (6.14) Please upload the package of documents at the consultant dashboard -LOIALTE LLC (Tbil","Application Function Issue","95"
"INC1134384","APP-3067 - Impossible to select existing experts after the consultancy has been selected BAS MIS --P","Application Function Issue","90"
"INC1100343","CLASS 6 (6.3) Change grant % to 100% for project PRO-LEB-2025-14999552","Application Function Issue","95"
"INC1129738","APP-2989 - 2# Grant Agreement - Downloading documents from MIS","Application Function Issue","90"
"INC1135684","APP-3138 - MDA-Tajikistan-2025-6147 has an error when click next after TOR uploading.","Application Function Issue","95"
"INC1096008","CLASS 6 (6.16) MDA start and end date update on MIS required MDA-POL-2025-7527835","Application Function Issue","85"
"INC1134623","pls trigger task for evaluation for the project PRO-KGZ-2023--2145163044","Access Grant Request","90"
"INC1141397","Please release the task to proceed project conception","Access Grant Request","80"
"INC1128450","APP-2960 - 2# no documents found for the enterprise  Tem Mandeks D.o.o","Application Function Issue","90"
"INC1137155","I have submitted evaluation reports for two projects, but there are no tasks to second approver, can","Application Function Issue","80"
"INC1116996","CLASS 14 GAP-AZE-2025-4079986","Access Authentication Failure","70"
"INC1133107","2# Please generate evaluation task for MDA-MKD-2024-7350762","Application Function Issue","85"
"INC1127493","CLASS 14 2# PRO-MAR-2024-1076837317 project brought one step back","Application Function Issue","75"
"INC1126253","CLASS 7 System access Error","Access Authentication Failure","90"
"INC1129710","2# There is a double entry of consultants on the project dashboard, which increases the total projec","Application Function Issue","85"
"INC1128454","CLASS 14 URGENT FOR TODAY: No access to account in new MIS","Access Authentication Failure","90"
"INC1128462","CLASS 14 Completion task is not available, PRO-TJK-2025-15042926 | DEVELOPMENT OF A WEBSITE AND MOBI","Application Function Issue","80"
"INC1129037","APP-2954 - 2#(B) Unable to upload Adhoc documents using the 'Manage Documents' option in MDA.","Application Function Issue","95"
"INC1120108","CLASS 7 not possible to log in- my password is not recognised (see screenshoot)","Password Reset","95"
"INC1139270","APP-3280 Cannot add Consultancy","Application Function Issue","90"
"INC1129911","APP-2923 - 2# Change Project PRO-LEB-2024-1613549876 Expected Completion Date/ Expected Evaluation D","Application Function Issue","85"
"INC1132137","APP-2901 2# Unable to open GA Word file","Application Function Issue","80"
"INC1132669","APP-2933 2# - Error with KPIs for project Miracle Skin LLC","Application Function Issue","75"
"INC1132259","2# Project ID not generating","Application Function Issue","70"
"INC1132971","2# Unable to complete project evaluation PRO-KGZ-2023--2145163044","Access Authentication Failure","80"
"INC1135613","APP-3131 - L2 approval for evaluation task (PRO-EGY-2023-1612922598) gets the below message after cl","Application Function Issue","70"
"INC1132820","2# Task missing","Access Authentication Failure","90"
"INC1125716","CLASS 7 I do not have access to the new MIS","Access Authentication Failure","85"
"INC1133014","2# 2 LC projects (PRO-TRY-2023-1076595022 and PRO-TRY-2022-1344267856) I previously evaluated are st","null","null"
"INC1132053","URGENT APP-2924 - Impossible to add existing experts to the consultancy on project dashboard BAS MIS","Application Function Issue","95"
"INC1133998","I cannot review and approve evaluation task for local consultancy project ID PRO-SRB-2023-1076559466","Application Function Issue","90"
"INC1134616","APP-3073 - task generating","Application Function Issue","95"
"INC1134588","APP-3075 - MDA-Tajikistan-2025-6129 New MDA task is not working","Application Function Issue","95"
"INC1134583","APP-3078 - Evaluation MDA-TJK-2024-9516809 TASK IS NOT WORKING","Application Function Issue","95"
"INC1128469","2#(C) KPI Error on completion of project PRO-ALB-2025-9725203","Application Function Issue","85"
"INC1132144","APP-2928 2# im the L1 approver for Albania, and while wanting to approve a completion task for PRO -","Application Function Issue","75"
"INC1132875","2# Project Evaluation Task with a glitch PRO-ARM-2023-1344791531","Application Function Issue","80"
"INC1129353","2# technical error in a project task PRO-KAZ-2025-5188716","Application Function Issue","90"
"INC1060848","Class 14 : MDA POL-2023-1344853289 - status should be "Fully Disbursed"","Service/Process Failure","70"
"INC1135727","I am unable to record an expense in the system.","Application Function Issue","90"
"INC1129997","2# L2 approver error "MDA-Lebanon-2025-6119"","Application Function Issue","85"
"INC1126668","APP-2903 - 2# PRO-JOR-2024-9598197 | ERP System for Hanania Investment Group - completion data not m","Application Function Issue","95"
"INC1128941","APP-2953 - 2# Please return documents for consultant  ASEE in the new MIS. Thanks.","Application Function Issue","80"
"INC1135330","Unable to complete MDA","Application Function Issue","75"
"INC1135335","Push project further","Application Function Issue","60"
"INC1133946","APP-3055 - URGENT: 65001337 Correction of balance needed today","Application Function Issue","95"
"INC1135326","MDA moved back","Application Function Issue","85"
"INC1135360","Evaluation task","Service/Process Failure","75"
"INC1134543","APP-3083 - Unable to find consultant profile for project design on new MIS interface","Application Function Issue","90"
"INC1069485","CLASS 12Unable to modify a transaction","Application Function Issue","60"
"INC1133203","2# Please generate evaluation task for MDA-MKD-2023-1076694298","Service/Process Failure","80"
"INC1133201","2# Please generate evaluation task for MDA-MKD-2024-21447817-28","Application Function Issue","95"
"INC1133179","Please generate evaluation task for MDA-MKD-2024-16075495-24","Application Function Issue","95"
"INC1133189","2# Project ID:PRO-UNK-2024-1613569961 - need to postpone the date of completion in Dashboard","Application Function Issue","95"
"INC1133077","2# PRO-UNK-2022--1876880031 - no evaluation task","Application Function Issue","95"
"INC1134658","APP-3088 - I can no add docuyments on the eneterprise Armando Gjeloshaj, Dolores Simoni","Application Function Issue","95"
"INC1130216","2#APP-2866 Evaluation project PRO-ALB-2023--1339340030","Application Function Issue","80"
"INC1134683","APP-3089 - i cannot continue evaluation for 2 LC procet for this company ( Egrobots) .","Application Function Issue","75"
"INC1133733","APP-3090 - Task is not moving to L1 approver  PRO-BIH-2025-15070384","Application Function Issue","70"
"INC1130602","2#APP-2866 - For  PRO-MKD-2023--1607691491, KPIs not visible during Evaluation - Migration Issue","Application Function Issue","85"
"INC1130121","2# Unable to record MDA","Application Function Issue","90"
"INC1135333","APP-3120 - Completion L1 Approval not possible for PRO-LEB-2024-7464759 - Innov-R&D-cohort6-Design o","Application Function Issue","95"
"INC1136855","APP-3208 Error comes up while trying to download and open GAs in Eng and Rus for project:PRO-KAZ-202","Application Function Issue","90"
"INC1084770","Need help with alert settings","Access Authentication Failure","80"
"INC1120713","CLASS 14 The system is not allow to add new consultant for the PRO-TJK-2025-15101721","Application Function Issue","85"
"INC1120738","CLASS 6 (6.14) Please add the attached CV to the consultant dashboard Loialte LLC as I do not have a","Access Grant Request","95"
"INC1120311","CLASS 6 (6.3)PRO-ROU-2025--1875971764 - Change grant percentage","Access Grant Request","90"
"INC1135091","Task has disappeared during the completion check,need to trigger the task:  PRO-KGZ-2024--1876209341","Application Function Issue","85"
"INC1132723","APP-2944 - 2# No task triggered to submit JUL MFR on new MIS for WBG office.","Application Function Issue","90"
"INC1128949","1#APP-2898  Urgent - Issue with Missing and Incorrect MFR Warsaw Data – ASB Poland","Application Function Issue","95"
"INC1133499","2# Missing project evaluation task for PRO-TRY-2024-1344888036.","Application Function Issue","85"
"INC1093839","CLASS 6 (6.3) Cost Share Modification on MIS PRO-LEB-2025-4038208","Service/Process Failure","75"
"INC1135745","missing task","Application Function Issue","60"
"INC1136871","APP-3207 IA  5081 Budget Document Update","Application Function Issue","90"
"INC1135512","Documents for consultant IT Sollutions for business LLC were not migrated. Please help to migrate th","Service/Process Failure","85"
"INC1135513","New MIS- document not mighrated from old systems" Quality Assurance and Control Service LLC "","Service/Process Failure","85"
"INC1086586","CLASS 6 (6.8) Dear Team, can you look at the transactions KAZ-5109627 and KAZ-5109629 - seems they a","Application Function Issue","70"
"INC1135737","APP-3142 - Gjirafa, Inc - Dega Në Kosovë: document migration needs to be fixed.","Service/Process Failure","80"
"INC1122928","CLASS 6 (6.16)PRO-TRY-2025-5169393 Changing Start Date","Application Function Issue","95"
"INC1052087","Class 13 : edit MDA MDA-LEB-2024-6370008","Application Function Issue","95"
"INC1068288","CLASS 6(6.14) mandatory document change PRO-TRY-2024-1613529720","Application Function Issue","95"
"INC1134980","APP-3104 - I cannot update Enterprise Dashboard for Lyra Technology (lyrise)","Application Function Issue","95"
"INC1132567","APP-2929 - PRO-EGY-2023-1881703022 (Amend budget, upload GA, upload HRP)","Application Function Issue","95"
"INC1133975","ClientNet","Application Function Issue","95"
"INC1136904","APP-3206 No data available at the "fully disbursed" MDA - MDA-TJK-2025-1882082502","Application Function Issue","95"
"INC1135511","Error in MDA","Application Function Issue","90"
"INC1140894","need to activate evaluation task for GAP-GRC-2021-1344210086","Access Grant Request","85"
"INC1134835","APP-3099 - Project 5203, cannot enter Enterprise Data in Management Screening report","Application Function Issue","90"
"INC1122574","CLASS 6 (6.14) Need to override the file in the consultants dashboard "AD Trading and Consulting LLC","Security Violation","80"
"INC1122687","CLASS 6 (6.14) PRO-TJK-2025-15101721 - please delete the repeated documents on project dashboard","Application Function Issue","95"
"INC1067141","CLASS 6(6.14)PRO-ALB-2024-10487841 can not upload deliverables","Application Function Issue","90"
"INC1122700","CLASS 13 Modifications on PRO-TRY-2025-5169393","Application Function Issue","85"
"INC1114414","CLASS 14 PRO-JOR-2023-3446746 project Impact task provide mixed upKPIs.","Application Function Issue","80"
"INC1113384","CLASS 2 Missing info in submitted for approval project PRO-GRC-2025-10746196","Application Function Issue","90"
"INC1127873","APP-2899# Deactivated task 5026 - Doganlar I","Application Function Issue","95"
"INC1138264","APP-3242 Can't manage documents - Amaliy Samara (enterprise-client)","Application Function Issue","95"
"INC1120106","CLASS 6(6.16) MDA End Date change MDA-TRY-2023-539900554","Application Function Issue","95"
"INC1070940","CLASS 6 (6.3)Remove the cost share waiver","Application Function Issue","95"
"INC1069354","CLASS 6(6.5)The "total budget" amount is disappeared in MDA Star Venture BMT Re-Skill - Web Summit Q","Application Function Issue","95"
"INC1140718","APP-3304 completion tasks missing data","Application Function Issue","85"
"INC1122129","CLASS 14 Change Grant Values PRO-WBG-2025—2144576397","Access Grant Request","75"
"INC1135982","the submission task is not accessible in the MFR Albania for July","Access Authentication Failure","80"
"INC1128050","APP-2932 - 3# Modifications on  PRO-TRY-2025-5169393","Application Function Issue","70"
"INC1135814","APP-3177 MIS issue - I am not able to upload deliverable for a project completion PRO-TUN-2025-18820","Application Function Issue","90"
"INC1136960","APP-3201 PRO-TJK-2025-15101721 - the project has been started in time in old MIS, now it shows Appro","Application Function Issue","85"
"INC1057633","operation 52642 not listed in Clientnet","Application Function Issue","80"
"INC1079367","CLASS 8 BAS MIS  project PRO-AZE-2024-7415136 need to replace Grant Agreement","Access Grant Request","75"
"INC1137220","MDA status and task MDA-KAZ-2025-10699773","Service/Process Failure","70"
"INC1114105","CLASS 2 Green KPI does not appear for the project ''PRO-GRC-2025-5623271''","Service/Process Failure","70"
"INC1135638","Missing documents for consultant  Global Sustain Single Member SA","Application Function Issue","85"
"INC1102676","Class 12: HRP approval task MDA-MDA-2025-9782783","Application Function Issue","80"
"INC1135612","no task for the second approver MDA SME - One Stop Digital Centre 2342","Application Function Issue","75"
"INC1135540","The evaluation task of project PRO-TJK-2024-808423841 has disappeared after I clicked save and close","Application Function Issue","90"
"INC1130648","APP-3007 - 2# Missing documents for Promoduck on appian "Promoduck For Trading & Project Management ","Application Function Issue","85"
"INC1135725","APP-3139 - Updated MIS- Project Completion Meeting Summary Issue  PRO-JOR-2025-10665506","Application Function Issue","75"
"INC1137000","APP-3200 No ToR available for PRO-KAZ-2024-3942341","Application Function Issue","90"
"INC1145200","Medico LLC. The project was submitted for approval. No task for Level 1 Approval. No project.","Application Function Issue","60"
"INC1128290","APP-2911 2# 'Checklist' function does not work. PRO-ARM-2025-7500518","Application Function Issue","95"
"INC1128315","APP-3032 - 2# Problems related to upload of SIA visit minutes under International Advisory, Project ","Application Function Issue","85"
"INC1128263","APP-3033 - 3# Each question in Checklist is repeated 13 times: PRO-KAZ-2025-7589217","Application Function Issue","90"
"INC1128414","APP-2962 - 2# an LC project did not migrate to the new system","Application Function Issue","80"
"INC1083246","CLASS 14 MIS GAP task expired","Service/Process Failure","70"
"INC1128479","APP-2840 CLASS 14 2# No documents for consultant   Selectio d.o.o. please migrate the existing docum","Application Function Issue","85"
"INC1129256","/APP-2956 - 3# PRO-EGY-2023-1881703022 Amend project","Application Function Issue","90"
"INC1129254","APP-2955 - PRO-EGY-2023--2145105591 Amend project","Application Function Issue","90"
"INC1129448","APP-2957 - 1# We do need to record this replenishment against 65000306 however i can not find this c","Application Function Issue","80"
"INC1140424","APP-3308 Error:The task for Project 5184 – Halloumi Foods Company II is not showing in the system. C","Application Function Issue","95"
"INC1140425","P1: URGENT: Project Approved by L2, but task still stuck at L2 level.","Application Function Issue","85"
"INC1133416","2# MDA-KAZ-2024-9615655 request to restore all documents on the dashboard as they are missing","Access Grant Request","90"
"INC1135238","APP-3113 - PRO-TRY-2024-1076868828 Documents Update","Application Function Issue","80"
"INC1135938","Missing documents for consultant: Nukte, PE (Zhaksylykov Y. Y., PE (NUKTE)","Application Function Issue","85"
"INC1130489","APP-3022 - receiving lot of notification from MIS","Application Function Issue","90"
"INC1133599","APP-3054 - PRO-EGY-2025-10747482 | HR Consultancy for MENA Rail - Missing project documents","Application Function Issue","95"
"INC1132602","APP-3049 - 2# Missing Documents for TICO on appian  PRO-EGY-2025-1345230920","Application Function Issue","90"
"INC1130441","APP-2912 - 3# In MDA-UZB-2025-4090423 the total budget is incorrect. Now the dashboard shows €44,840","Application Function Issue","95"
"INC1127866","Duplicate tasks on project PRO-ALB-2025--1876029837","Application Function Issue","85"
"INC1127916","APP-2931 - 2#(C) KPI-ID#KPI error - project PRO-UKR-2024-1345120160 | UA-1391 VIMAL PPCE. Reconstruc","Application Function Issue","90"
"INC1139038","No tasks have been assigned. Please assign a task for L1 approver for MDA-MNG-2024-13392770-30","Service/Process Failure","80"
"INC1122154","CLASS 14 Change Grant Values PRO-WBG-2025—2144576397","Application Function Issue","95"
"INC1138029","APP-2901[URGENT] PRO-LBN-2025-3951: GA Word file generate by MIS is damaged and can't be opened","Application Function Issue","90"
"INC1075224","BAS MIS upload documentation not working","Application Function Issue","95"
"INC1119751","CLASS 6 (6.14) I  cannot upload documents  PRO-MKD-2025-4000741","Application Function Issue","90"
"INC1137052","[OU] access to ClientNet","Access Authentication Failure","85"
"INC1132624","APP-2889 2# In ASB MIS, for the project PRO-SRB-2023--2145077475 Go-to-Market Launch Strategy - the ","Application Function Issue","80"
"INC1135670","Hi, I have created project in BAS MIS -PRO-KGZ-2025-39473, but cannot find it in engagements in mona","Application Function Issue","70"
"INC1122115","CLASS 13 PRO-EGY-2025-1345275537","Application Function Issue","50"
"INC1133526","APP-2889 Error to the rating for a LC project","Application Function Issue","90"
"INC1135992","on the project PRO-ALB-2023-4675038 the evaluation task is lost","Application Function Issue","60"
"INC1121476","CLASS 7 Appian Access Request - Egypt dashboard","Access Grant Request","95"
"INC1089182","CLASS 6 (6.3) change grant % coverage for project PRO-LEB-2025-15058904","Access Grant Request","90"
"INC1078627","CLASS 6(6.3)PRO-LEB-2025--2144639193 Review and submit task, amend BAS contribution to 100%","Access Grant Request","85"
"INC1086450","URGENT - Changing commitment number in BAS MIS Market Development activities - MDA-ARM-2025-7518534","Service/Process Failure","70"
"INC1128367","APP-2965 - 2#(D)  Cannot upload information for the following enterprises: Pos4.me,Business Integrat","Application Function Issue","95"
"INC1137862","on GAP   GAP-Albania-2025-6153 the task has been lost, i need to change the project details too, but","Application Function Issue","85"
"INC1137948","Missing Evaluation Tasks","Application Function Issue","90"
"INC1135987","Need to re-trigger the conception task: PRO-KGZ-2025--1876008772 | WIB: Strategy for Ulan Dukonu LLC","Application Function Issue","90"
"INC1133214","APP-2992 - 2# Error with the beneficiaries in the MDA: MDA-GRC-2025-21446024-57","Application Function Issue","95"
"INC1127807","2# No ability to record expenses","Application Function Issue","90"
"INC1138191","APP-3311 URGENT: DOCUMENT MIGRATION ISSUE: No ToR available for PRO-KAZ-2025-9746464 | RECON-AKTAU, ","Application Function Issue","95"
"INC1135129","APP-2906 Unable to select consultant for MDA-Albania-2025-6122","Application Function Issue","90"
"INC1131432","An issue with parked transactions","Application Function Issue","85"
"INC1095014","CLASS 12 MDA in MIS: additional countries in MDA. MDA-KAZ-2025-1882113839.","Application Function Issue","85"
"INC1122228","CLASS 13 Urgent -wrong opening and closing balances for ASB Poland OPEX EUR account (June MFR)","Application Function Issue","90"
"INC1093277","CLASS 6 (6.14) Delete 2 docs MDA-GRC-2025-15060154","Access Grant Request","75"
"INC1140940","Please release evaluation task for PRO-ALB-2023-1344859446","Access Grant Request","80"
"INC1073367","CLASS  12 Create new Enterprise SANDO LLC on Enterprise dashboard but could not see in the list","Application Function Issue","95"
"INC1127399","APP-2968 - 4# Creating Consultancy - not able to update info S.A.S. FİNANSAL DANIŞMANLIK HİZMETLERİ ","Application Function Issue","90"
"INC1127869","APP-2971 - 3# the disbursed projects has still the completion task ongoing","Application Function Issue","85"
"INC1133515","APP-3038 - Task for PRO-GRC-2023-1344729581 evaluation disappeared","Application Function Issue","80"
"INC1130132","APP-2981 - 2#Please help to put figures on the table on completion stage","Application Function Issue","90"
"INC1130080","APP-3030 - 2# can't submit consultant for approval","Application Function Issue","85"
"INC1137228","on project PRO-ALB-2023-4675038 the evaluation task is missing from the LI approver dashboard","Application Function Issue","75"
"INC1136062","APP-3174 Link 10x Immersive, Inc. enterprise to MDA-ARM-2024-7451922","Application Function Issue","80"
"INC1138949","KPI ISSUE: APP-3282 Conception of an LC does not show enterprise or local consultancy project ID/Iss","Application Function Issue","95"
"INC1121459","CLASS 14 no changes can be made in the budget for MDA-MNG-2025-21445766-04","Application Function Issue","90"
"INC1133331","APP-3016 - 2# Unable to link a specific consultant","Application Function Issue","95"
"INC1133460","APP-3015 - 2# Impossible to record BAS MIS MDA-Azerbaijan-2025-6120","Application Function Issue","90"
"INC1134136","Beneficiaries not linked to MDA - MDA-ARM-2024-7451922","Application Function Issue","85"
"INC1134264","APP-3082 - Unable to go complete the statistics page on the enterprise dashboard","Application Function Issue","95"
"INC1133120","APP-2889 2# MIS bug for project evaluation (PRO-TRY-2023-1076595022 & PRO-TRY-2022-1344267856).","Application Function Issue","85"
"INC1074524","Class 6:3 - MIS not showing - PRO-LEB-2025--1876034680","Application Function Issue","90"
"INC1128443","CLASS 14 2# please assign NPM approval task for MDA-MNG-2024-1613364205","Access Grant Request","80"
"INC1142082","The system does not allow to edit the MDA","Application Function Issue","90"
"INC1073716","Client Net access","Network","80"
"INC1132185","APP-2889 2# Raiting of the project is low because the system does not count correctly","Application Function Issue","90"
"INC1142106","The system does not allow to proceed and adjust the GAP.","Application Function Issue","85"
"INC1142105","APP-3334 Inability to resubmit GAP project due to MIS error","Service/Process Failure","75"
"INC1137817","No task to upload contract BAS MIS - GAP-AZE-2025-6114","Service/Process Failure","70"
"INC1089428","CLASS 6 (6.16) Need to change the end date inside the MDA task MDA-KGZ-2023-1613189793 :MDA Star Ven","Application Function Issue","95"
"INC1136058","Unable to see any of these projects listed","Application Function Issue","90"
"INC1136204","APP-3170 Can't create LC Project","Application Function Issue","95"
"INC1131150","2# APP-2889 PRO-ALB-2023-808387506 Project impact rating is wrong","Application Function Issue","90"
"INC1130525","APP-3021 [Document Utility]MIGRATION ISSUE  Documents missing  Enterprise : "Alarm Automatika Rijeka","Application Function Issue","85"
"INC1131477","2# APP-2889 Wrong evaluation rating PRO-GRC-2023--2145079275","Application Function Issue","95"
"INC1143258","APP-3340 [OU] Updated MIS- MDA Issue","Application Function Issue","90"
"INC1134382","I can't see the client although have been assigned as PTM","Access Authentication Failure","85"
"INC1139460","KPI ISSUE APP-3259 When entering new local project in section Advisory KPIs I cannot proceed after e","Application Function Issue","90"
"INC1140996","(D) APP-3326 URGENT: Unable to upload documents via manage documents for enterprise Gloria Line D.o.","Application Function Issue","95"
"INC1092660","CLASS 13 Technical issue with an MDA  MDA-GRC-2025-15060154","Application Function Issue","90"
"INC1133652","APP-3045 - Multiple Enterprises missing button to update enterprise and then showing error","Application Function Issue","85"
"INC1142102","Problem with Project KPIs upon project creation - PRO-LBN-2025-39635","Application Function Issue","80"
"INC1099764","CLASS 13 Please reassign the MDA-AZE-2024-7424722 to my name.","Access Grant Request","75"
"INC1112696","CLASS 6 (6.14)[OU] Issues with MIS -  PRO-KAZ-2025-3999735","Application Function Issue","70"
"INC1133616","APP-3051 - 2# PRO-KAZ-2023-1613282924, no evaluation possible","Application Function Issue","85"
"INC1135062","APP-3107 - I cant update enterprise information for Biological Jordanian for Import & Export (bio Jo","Application Function Issue","90"
"INC1130193","APP-3027 - 2# Error updating enterprise","Application Function Issue","95"
"INC1135551","APP-3122 - Unable to update enterprise dashboard for "Engo Misr (engo Misr Lil Technologia Al Malya)","Application Function Issue","90"
"INC1138419","APP-3241 Hi, please help with project PRO-KGZ-2023--2145163044 it was evaluated and approved bi L1 a","Application Function Issue","85"
"INC1061117","Class 12 : PRO-POL-2024-4980832 SAP Consultant insertion error","Application Function Issue","75"
"INC1141389","APP-3302 I am facing "error evaluating ui expression" for Project PRO-LBN-2025-39533","Application Function Issue","90"
"INC1143357","English version GA did not generate for project PRO-TJK-2025-39624","Application Function Issue","80"
"INC1137389","APP-3218 Error- upload Documents (Arab Industrial Company Ltd. (star)","Application Function Issue","85"
"INC1134115","APP-3081 - Not able to complete MDA upload procedure error in commitment balance. MDA number is foll","Application Function Issue","90"
"INC1140561","URGENT - MDA approval task not generated at L2 approval","Service/Process Failure","75"
"INC1141839","APP-3302-Unable to sumiit the project  on Appin  Cloud.","Application Function Issue","80"
"INC1128251","APP-3034 - 4# No access to statistics secton when trying to update ENTERPRISE STE THE PAPERCRAFT STU","Access Authentication Failure","90"
"INC1139620","APP-3274 Consultant prequalification Issue","Application Function Issue","85"
"INC1141142","APP-3324 BASMIS: PRO-KGZ-2024-4870661, green cross cutting KPI missing","Application Function Issue","95"
"INC1084122","CLASS 6(6.14)Urgently need to override the documents in BAS MIS:  PRO-KGZ-2024--1876088039.","Access Grant Request","80"
"INC1058877","Class 6(6.4) : WiB not visible  PRO-HRV-2024-4738375","Application Function Issue","90"
"INC1095167","CLASS 13 System Bug MDA-EGY-2025-5543448","Application Function Issue","95"
"INC1130536","APP-3012 # i cant proceed with the completion PRO-EGY-2024-9659312","Application Function Issue","90"
"INC1133681","APP-3058 - Unable to submit Project PRO-WBG-2025-39494 due to system error.","Application Function Issue","95"
"INC1135063","APP-3314 Project disbursement PRO-EGY-2024-4818592","Service/Process Failure","80"
"INC1120572","CLASS 13 Please change the Productivity value in the Project PRO-KGZ-2025-10755981 WiB: Hotel archit","Application Function Issue","85"
"INC1132708","APP-2938 Urgent: MDA Registration Issue for UK-Based Consultant","Application Function Issue","95"
"INC1132580","APP-2906 - Cannot select consultant for MDA","Application Function Issue","90"
"INC1139016","APP-3232 Project budget on MIS is incorrect","Application Function Issue","90"
"INC1139558","APP-3275 NEW BAS MIS - can not enter completion for MDA","Application Function Issue","85"
"INC1139998","APP-3262error message occurs when I want to select consultant name for project  :  Update Project PR","Application Function Issue","80"
"INC1140416","Unable to complete the task due to the KPI error","Application Function Issue","80"
"INC1127157","3# APP-2888 - Enterprise: Vasovic DOO - I can not add e-mail while updating the enterprise data","Application Function Issue","90"
"INC1127431","CLASS 14 For North Macedonia for Non-Project activity for   MDA-MKD-2024-6317787, there is no comple","Service/Process Failure","70"
"INC1137438","APP-3217 Error in task for MDA-MAR-2025-1345276333","Application Function Issue","95"
"INC1089867","Class 6.3 - Cost share modification on MIS - PRO-LEB-2025-15047373","Service/Process Failure","60"
"INC1138540","MFR submission task not available for Serbia","Application Function Issue","95"
"INC1103083","CLASS 12 Can't create an enterprise Al Kazzi Trading S.A.L.","Application Function Issue","95"
"INC1102543","CLASS 14 Commitment number issue - PRO-LEB-2025--2144601754","Application Function Issue","95"
"INC1139299","Login issue","Access Authentication Failure","85"
"INC1139119","APP-3281 SUBMIT button FROZEN, MFR July, Serbia","Application Function Issue","95"
"INC1097872","CLASS 12 Modifications on Group Advisory Projects GAP-TRY-2025-7528070  & GAP-TRY-2025-6475832","Application Function Issue","95"
"INC1137604","APP-3249 Diary entry update - project. ID:  PRO-KAZ-2025--1876010864","Application Function Issue","85"
"INC1133076","APP-2979 - 2# MDA-Kazakhstan-2025-6134- there is a task in progress, however it doesn`t open and bri","Application Function Issue","75"
"INC1132975","APP-2995 - 2# Missing beneficiaries and documents for GAPs","Application Function Issue","90"
"INC1063133","There is a problem in final SIA selection for the project Monfa Trade LLC I, ID 5159","Application Function Issue","80"
"INC1138167","Error with the table in the evaluation tasks","Application Function Issue","95"
"INC1120295","CLASS 13 Urgent Request regarding approving MFR Belgrade on MIS","Service/Process Failure","85"
"INC1137668","MDA-Kazakhstan-2025-6142 - four disburse general expenses task need to be trigerred","Service/Process Failure","80"
"INC1135785","APP-3180 Cannot distribute Visit Minutes","Application Function Issue","90"
"INC1142069","MIS MDA L1 approved tasks missing MDA-MNG-2024-1613364205 and MDA-MNG-2024-21450070-14","Service/Process Failure","75"
"INC1076451","CLASS 8 Missing task on MDA-LEB-2025-5545444","Service/Process Failure","80"
"INC1136789","Cancelling project PRO-EGY-2025-9698054","Application Function Issue","90"
"INC1136350","APP-3184 Consultancy not visible when entering MDA","Application Function Issue","85"
"INC1138720","No task in MIS","Application Function Issue","80"
"INC1141026","Evaluation task submitted to next step, but dissappeared","Application Function Issue","75"
"INC1132770","APP-2998 - 2# I cannot update Enterprise dashboard forFincart (fincart Li Technologia Al Maa'lomat)","Application Function Issue","70"
"INC1136937","KPI ISSUE APP-3203 Completion Task- ant change the KPI PRO-KGZ-2024-5514079","null","null"
"INC1137343","please help me change budget and number of beneficiaries for MDA-POL-2024-1345106588","Application Function Issue","95"
"INC1139879","APP-3255 International project ID: 4939  CALPAK I task error","Application Function Issue","90"
"INC1138154","APP-3343 Error Evaluating UI Expression message when I try to open two Completion L2 Approval for MD","Application Function Issue","85"
"INC1143348","APP-2889 PRO-EGY-2023--1876355755 - Evaluated Ratings Error","Application Function Issue","90"
"INC1127976","CLASS 14 Generate Upload Exhibit 3 task for PRO-EGY-2024-1345097959","Application Function Issue","80"
"INC1138144","APP-3344 Unable to access Upload completed consultancy contract for  GAP-Azerbaijan-2025-6114","Access Authentication Failure","85"
"INC1138114","APP-3345 PRO-HRV-2025-6466612 - The consultant should be Appliment.","Access Grant Request","90"
"INC1094639","CLASS 13 Please delete the Enterprise from BAS MIS","Access Revoke","95"
"INC1122890","52515; 52505; 51773; 51456; 51044; 50488; 50354; 49775; 49347; 47046","Application Function Issue","70"
"INC1136252","The L1 approver doesn't receive evaluation task on project PRO-ALB-2023--1339340030","Service/Process Failure","80"
"INC1136232","Double task in MIS","Application Function Issue","80"
"INC1135729","APP-3140 - Unable to update enterprise: Modern Company For Fertilizers Production","Application Function Issue","90"
"INC1135553","APP-3123 - Unable to update/edit enterprise dashboard for "  Jinni A. M (jinni A M Al Motahda Li Eda","Application Function Issue","85"
"INC1128078","CLASS 14 Evaluation task missing PRO-ROU-2023-1613281497","Application Function Issue","70"
"INC1138550","APP-3237 Missing cross-cutting issue ("digital") in LC project (PRO-TRY-2024-1344888036).","Application Function Issue","85"
"INC1138619","Hi, I have created project in BAS MIS -PRO-KGZ-2025-39473, PRO-KGZ-2025-39587 but cannot find it in ","Access Authentication Failure","80"
"INC1087566","CLASS 6 (6.16) Edit MDA end date MDA-KGZ-2024-5463750","Access Authentication Failure","70"
"INC1093333","client net not full access","Access Authentication Failure","90"
"INC1138635","APP-3288 MFR L1 approver (Aleksandra Miladinovic) for Serbia cannot see transactions for July, in or","Application Function Issue","85"
"INC1127900","5# L1 evaluation approval task for MDA-ALB-2024-5324461 lost","Access Authentication Failure","60"
"INC1105840","CLASS 6 (6.3) please help me grant % in two separate projects. PRO-POL-2025--2144600677 ,PRO-POL-202","Access Grant Request","95"
"INC1071432","CLASS 11 On dashboard of project PRO-SRB-2145251671 there is wrong task that has to be deleted. Corr","Application Function Issue","85"
"INC1136956","No task in MIS","Service/Process Failure","70"
"INC1138648","Assign a task MDA","Access Grant Request","80"
"INC1137876","APP-3224 Task: Prepare Contract of Participation Request: 5209 - INGSOFTWARE DOO I - THERE ARE SEVER","Application Function Issue","90"
"INC1132210","APP-2941 - 2# (C) No KPI and deliverables list seen on completion stage (PRO-TRY-2025-5533925)","Application Function Issue","85"
"INC1143375","APP-3361 No task in Appian  to update the enterprise. "Semos Kompjuterski Obrazoven Centar"","Application Function Issue","80"
"INC1139317","QENDRA " BALANCE "  the qualification task for resource efficiency is lost","Application Function Issue","75"
"INC1132281","APP-2940 - 2# Glitch GAP-WBG-2024-18760628-96  - LoPs and Beneficiaries missing","Application Function Issue","90"
"INC1140539","Grant task to me","Access Grant Request","60"
"INC1141088","APP-3225 L1 approval of task MDA-MNG-2024-1613364205 and MDA-MNG-2024-21450070-14 does not show uplo","Application Function Issue","85"
"INC1134991","APP-2920- PRO-KAZ-2024-5516188, PRO-KAZ-2024--1876211224- request to add Subsidy Type Account KAZ-AL","Access Grant Request","90"
"INC1133012","APP-2920  2#PRO-KAZ-2024-4947291, PRO-KAZ-2025-7536428 -request to add subs euro account KAZ-ALM-SUB","Access Grant Request","90"
"INC1103232","CLASS 14 MDA registration process error MDA-UNK-2025-21445985-41","Application Function Issue","80"
"INC1138637","APP-2889 Completion results show negative value for LC which in old system was market as Successful ","Application Function Issue","85"
"INC1127365","APP-2901 2# trying to download newly created GA PRO-SRB-2025-6507104","Application Function Issue","75"
"INC1138681","APP-2889 PRO-UNK-2023-808332069 - on the Evaluation Reporting stage, the scoring of previous stages ","Application Function Issue","80"
"INC1137026","APP-3198[URGENT]While creating new consultancy,  When I create an individual consultant then click o","Application Function Issue","70"
"INC1138101","hi, please create a task for evaluation for the project PRO-KGZ-2023-808384977","Application Function Issue","80"
"INC1136267","APP-3232 PRO-MKD-2023-3428628 - Total Project Cost and Client Contribution Data on LC project need c","Application Function Issue","90"
"INC1130203","2# APP-2866 Completion value not visible I attempted to evaluatePRO-MKD-2023-3589572  , for both I h","Application Function Issue","70"
"INC1139966","APP-3264 Error displaying Egypt's Financials account in MIS","Application Function Issue","95"
"INC1127548","3# PRO-KAZ-2024-5516188,KPI button is not active","Application Function Issue","95"
"INC1140896","need to activate evaluation task for  GAP-GRC-2023-13393938-60","Access Grant Request","90"
"INC1142203","please re-assign the task (L2 Approval) to Scekic, Biljana. The project ID is: PRO-EGY-2025-39601","Access Grant Request","85"
"INC1137764","KPI ISSUE: BASMIS: PRO-KGZ-2024-4870661 LC project completion KPIs fix needed","Application Function Issue","90"
"INC1144393","please help me fix tasks for MDA-Poland-2025-6123","Application Function Issue","80"
"INC1139972","APP-2889 Wrong evaluation KPI score For PRO-GRC-2023-1344729581","Application Function Issue","95"
"INC1143517","APP-3352 - Number of issues for the following MDA: MDA-Georgia-2025-6181","Application Function Issue","90"
"INC1064431","CLASS 6(6.11)Change participants for MDA-GRC-2024-7454561","Access Grant Request","85"
"INC1139732","APP-3260 Urgent - While creating Enterprise Oilai Barakat LLC  for IA on the stage on "linked compan","Application Function Issue","90"
"INC1141011","evaluation of MDA task lost, please release again so we complete   MDA-ALB-2024-5324461","Password Reset","95"
"INC1125255","APP-2901 2#  Error  Grant agreement PRO-GRC-2025--2144577287","Access Grant Request","85"
"INC1137266","APP-3220 Need to edit MDA details on MIS","Application Function Issue","90"
"INC1140669","Sharepoint and shared docs cannot be open","Service/Process Failure","80"
"INC1137607","I forgot my password,please help me to reset it. I can not log in.","Password Reset","95"
"INC1137629","Reassign the evaluation to me. Of this project:  PRO-KAZ-2023-4492687 Vi-ORTIS, TOO: AUTOMATION OF B","Access Grant Request","90"
"INC1059376","Class 14 : MDA-LEB-2025-1345130695: expenses not updated in the MDA dashboard","Application Function Issue","85"
"INC1137751","Please delete extra KPIs at project conception stage with"Medico LLC"","Access Grant Request","75"
"INC1116384","CLASS 12 MDA-KAZ-2025-5548222: general expense needs to be recorded for this MDA. When the task is o","Application Function Issue","80"
"INC1126667","CLASS 14 2# MDA-EGY-2025-7589559 not able to proceed with the task shown on the dashboard.","Application Function Issue","85"
"INC1138963","I need to change this consultant name Change Zone "Al Taghyeer abr Al Bahth wal Tatweer" to Change Z","Access Grant Request","75"
"INC1139338","Duplicated task project PRO-ALB-2023--1339340030","Service/Process Failure","80"
"INC1140020","PRO-ALB-2025-9809757 on this project the Grant agreement can not be created","Application Function Issue","90"
"INC1070492","CLASS 6(6.7)URGENT - problem adding consultant to BAS MIS - Market Development Activities - MDA-ARM-","Application Function Issue","85"
"INC1139441","Please trigger evaluation tasks","Access Grant Request","70"
"INC1138480","Cov 1001 shows as outstanding the IAM and Monarch, but does not show in ClientNet.","Application Function Issue","90"
"INC1136143","APP-3172 Impossible to save and submit enterprise after uploading documents on BAS MIS","Application Function Issue","95"
"INC1142276","Wrong project number (duplication)","Security Violation","60"
"INC1139377","unable to 'to edit MDA to change end date to to '30/09/2025' - MDA-TUN-2024-13390319-41","Application Function Issue","90"
"INC1141598","APP-3302 - URGENT: Error Evaluating UI Expression for LC Project creation Additional Details Express","Application Function Issue","95"
"INC1137375","2# change consultant name","Application Function Issue","85"
"INC1130926","2#  APP-2889 Wrong evaluation for an LC project","Application Function Issue","95"
"INC1137750","I cannot see the tasks for my projects","Service/Process Failure","80"
"INC1137749","No evaluation task available","Service/Process Failure","85"
"INC1140077","APP-3265 - Update Consultancy Error- Erge Bilisim Teknolojileri Arge Faaliyetleri Organizasyon Turiz","Application Function Issue","85"
"INC1139156","Assign task "L1 Approve Consultancy" for consultant "Ibexmont d.o.o." to Matija Dautovic aka Dautovi","Access Grant Request","75"
"INC1127967","2#(A) CLASS 14 Missing task MDA  I have re-gen the "Completion task for the MDA" for the given MDA i","Application Function Issue","80"
"INC1143505","APP-3358 Wrong documents migrated to MDA Decision-Making and Branding 6158,  this is a new MDA - no ","Application Function Issue","85"
"INC1128369","APP-2964[NOT URGENT]  3# Date created for consultancies is not correctly migrated","Application Function Issue","75"
"INC1140066","please trigger completion tasks in MIS","Service/Process Failure","90"
"INC1132758","APP-3000 - 2# Cross Cutting Value PRO-MKD-2025-1345192025","Application Function Issue","60"
"INC1097816","CLASS 13 Please delete MDA-LEB-2025-5029729","Access Revoke","80"
"INC1140073","APP-3314 Could not record disbursement","Application Function Issue","95"
"INC1136921","APP-3204 PRO-TJK-2025-39514 - while uploading contract, the name of enterprise and consultant Direct","Application Function Issue","90"
"INC1135253","APP-3115 - Data for evaluations of two activities entered by the project officer is missing in L1 ap","Application Function Issue","95"
"INC1124971","I cannot upload covenants to ClientNet, which I could as a Principal Team Member","Application Function Issue","85"
"INC1127519","Uyangaa Batbayar to be made available for selection as TCRS Assignment OL","Access Grant Request","85"
"INC1142111","on GAP GAP-Albania-2025-6153 the task for uploading contract is missing","Application Function Issue","75"
"INC1137801","5095 - Kuzey Boru I IA Project Task Assignment","Access Grant Request","80"
"INC1137797","consultant -Yunusov Davron IE -Documents not migrated","Employee Offboarding","60"
"INC1098875","EGP BAS MIS: cannot update the profiles of two Blue Ribbon companies","Service/Process Failure","90"
"INC1137812","Beneficiaries not linked to MDA - MDA-ARM-2024-7451922","Application Function Issue","95"
"INC1132544","APP-2919 2# Error on uploading docs PRO-GRC-2024-6370759","Application Function Issue","90"
"INC1103007","CLASS 13 MFR - Transaction Issue","Application Function Issue","85"
"INC1056190","Class 12- Totals for Committed Funds and Disbursed Funds for 65001462 are incorrect","Application Function Issue","90"
"INC1135206","APP-3128 - PRO-KAZ-2025-9746464 cannot find ToR for this project","Application Function Issue","80"
"INC1137831","APP-3227 Glitch GAP-WBG-2024-18760628-96","Application Function Issue","85"
"INC1140033","Please migrate all documents for the enterprise EFA Solution Sh.p.k. (Country Albania)","Service/Process Failure","80"
"INC1133104","APP-2976 - Project Error PRO-EGY-2025-9812910 - Youth Not flagged","Application Function Issue","90"
"INC1116361","Class 8: An issue with MFR April transaction amounts MFR Warsaw","Application Function Issue","85"
"INC1140412","MDA-POL-2024-3974388: Error evaluating UI Expression","Application Function Issue","95"
"INC1139468","The MFR L1 approval task for june is not showing on MIS","Service/Process Failure","75"
"INC1140016","APP-3261 Technically Impossible to upload additional documents to theMDA-Tajikistan-2025-6173. Pleas","Application Function Issue","95"
"INC1127054","CLASS 14 5 # No ToR on project: PRO-KAZ-2025-15081830","Access Grant Request","85"
"INC1137239","APP-3212 Dauinvest, TOO Project - L2 approval change","Application Function Issue","90"
"INC1113726","CLASS 13 Problem in disbursement of a project (PRO-TRY-2024-1345013419)","Service/Process Failure","80"
"INC1142322","Please release evaluation taskc","Access Grant Request","70"
"INC1137838","I' m L1  approver for Albania, and i do not receive tasks for the evaluations.See below the 3 cases ","Access Authentication Failure","80"
"INC1072116","Please, can you change the project status for evaluated IM Roofart SRL II, project ID 4789. It was e","Access Grant Request","90"
"INC1141819","I forgot my MIS password.Forgot password request doesn't work,I tried several times, but theemail co","Password Reset","95"
"INC1129475","APP-2958 - Entities Diary entry - does not display the explanation provided but only the title can b","Application Function Issue","95"
"INC1142327","Evaluation task release","Service/Process Failure","85"
"INC1070775","CLASS 6((6.1)Project Budget glitch","Application Function Issue","90"
"INC1143518","Evaluation tasks not open/assigned","Service/Process Failure","80"
"INC1133271","APP-3018 - 2# MDA-ROU-2024-5481313 - please change MDA end date following extension amendment","Application Function Issue","90"
"INC1135775","APP-3181 Consultant name is not the full one  Inther Software Development SRL. ISD","Application Function Issue","90"
"INC1135635","APP-3134 - MDA-Kazakhstan-2025-6142  request to change Programme Theme "Skills in Business" to "Othe","Access Grant Request","85"
"INC1068016","CLASS 6(6.3)Change Grant Values PRO-WBG-2024-5515424","Application Function Issue","95"
"INC1135643","Unable to extract excel file from zip folder","Service/Process Failure","80"
"INC1141150","PRO-UNK-2022--1876880031 and PRO-UNK-2023-808332069","Access Authentication Failure","70"
"INC1141112","No evaluation task for PRO-KAZ-2024-1881833778 | DANIYAMED, LLP: DEVELOPMENT OF MARKETING STRATEGY a","Application Function Issue","80"
"INC1137865","APP-3225 For  PRO-GRC-2024-10591148, I cannot completedisbursement task","Application Function Issue","75"
"INC1142351","The issue is related to MIS. I cannot proceed with the creation of a local advisory project on the s","Application Function Issue","60"
"INC1141106","Evaluation task is needed for PRO-KAZ-2024-1881835710 | :TEZ TEZ COMPANY, TOO:STRENGTHENING THE BRAN","Application Function Issue","70"
"INC1136534","APP-3192[URGENT] I am trying to create a market development activity with consultant ASEE and I am g","Application Function Issue","85"
"INC1082155","Please, can you update or send the Budget report for the project Economy Society Ak Hunji II, ID 509","Application Function Issue","75"
"INC1131314","APP-3005 - 2# ErrorThere is no task for L1 to approve the evaluation : PRO-EGY-2022-1612616773 &  PR","Application Function Issue","90"
"INC1138245","Need Evaluation tasks","Application Function Issue","60"
"INC1131533","APP-2916 2# In ASB MIS, cannot see the dashboard of MDA-SRB-2024-3700449  Star Venture Business Matc","Application Function Issue","95"
"INC1130905","APP-2840 2#(B) MIGRATION ISSUE Missing Consultant Documents  Basak Medya Reklam Yayincilik Egitim Da","Application Function Issue","85"
"INC1139987","KPI ISSUE APP-3259 please remove the unnecessary rows of the KPI selection so I can move to the next","Application Function Issue","90"
"INC1135142","APP-3108 - The status of project PRO-LEB-2025-5109038 is at "Completion Pending L1 Approval" when it","Application Function Issue","95"
"INC1139292","APP-3279 [OU] FW: OPEX KGS account - discrepancy of 0.01 KGS  - Bishkek","Application Function Issue","95"
"INC1139283","APP-3279 OPEX KGS account - discrepancy of 0.01 KGS","Application Function Issue","95"
"INC1131282","APP-2950 - 2#(B)BAS MIS - Cannot upload ad hoc documents  GAP-AZE-2025-6114","Application Function Issue","95"
"INC1072359","CLASS 8 BAS MIS - PROJECT COMPLETION DATE INCORRECT","Application Function Issue","95"
"INC1132097","APP-3003 - 2# (B) Unable to upload documents for Herceg D.o.o. destination folder specified is inval","Application Function Issue","95"
"INC1135239","APP-3114 - Qualify consultant in new BAS MIS đ Advisory Type (Modaify consultant)","Access Grant Request","85"
"INC1133108","APP-3232 [URGENT] - 2# I need to change  data of dashboard  of this project @PRO-UNK-2025-10756127 E","Application Function Issue","90"
"INC1144839","Two MDA completions L2 tasks approved, MDA status is still ongoing, completion pending L2 approval","Service/Process Failure","80"
"INC1132716","APP-2942 - 3# Please advise how can I get deliverables for the project - PRO-TJK-2021-1880749583","Application Function Issue","90"
"INC1127041","CLASS 14 no evaluation task for the project PRO-SRB-2023-1076559466","Application Function Issue","85"
"INC1143824","No task in the system","Application Function Issue","95"
"INC1132835","APP-2997 - 2# Unable to complete consultant registration","Application Function Issue","90"
"INC1088891","CLASS 6(6.14) Need to replace the document in MIS. Project ID:PRO-KGZ-2024-6387621. As shown in a sc","Application Function Issue","80"
"INC1131413","APP-2916 2# In ASB MIS, cannot see the dashboard of MDA-SRB-2024-1076734000  Star Venture Business M","Application Function Issue","95"
"INC1142374","In relation to IA Project 4829 - EFA Solution II, I need to enter a date in the past. The system doe","Application Function Issue","85"
"INC1133219","APP-2990 - 2# Unable to post grant payment on new MIS","Application Function Issue","90"
"INC1133144","APP-2994 - 2# Can not proceed with the task for PRO-TRY-2025-5624226.","Application Function Issue","80"
"INC1136486","APP-3189 Edit Statistics ( Marjan Voce (Croatia))","Application Function Issue","90"
"INC1062340","Class 14 : Consultant-double entry  "Matrix Yonetim Gelistirme Danismanlik Ltd. Sti."","Application Function Issue","85"
"INC1137784","Hi, there is no task for evaluation approval (for L1) - PRO-KGZ-2023-1344772272","Service/Process Failure","75"
"INC1139349","APP-3278 features does not work when I try to create a new project","Application Function Issue","95"
"INC1141335","APP-3302 Error in MIS system","Application Function Issue","80"
"INC1070035","CLASS 12 Strange MDAs created by BAS admin on the MIS - Tajikistan","Application Function Issue","95"
"INC1117718","CLASS 6 (6.3, 6.16) Dear Team, I need to edit the project details for PRO-UKR-2024-1345120160","Access Grant Request","85"
"INC1138523","APP-3239 Not possible to start new LC project because some drop down menu is not functioning","Application Function Issue","90"
"INC1133215","APP-2991 - 2# Grant payment already posted on old MIS but does not show on the new MIS","Service/Process Failure","80"
"INC1134829","APP-3098 - Getting an error message once I open a task","Application Function Issue","90"
"INC1140242","APP-3266 Reopening ticket INC1132729 | Project moved one step back PRO-MAR-2024-7461525","Service/Process Failure","85"
"INC1140243","APP-3267 In ASB MIS, in MDA OTP Bank Financial Acceleration Programme MDA-SRB-2024-1881813751 I cann","Application Function Issue","75"
"INC1140051","APP-3268 Update Consultancy - S.A.S. FİNANSAL DANIŞMANLIK HİZMETLERİ LTD. ŞTİ","Service/Process Failure","80"
"INC1140050","APP-3269 [OU] Appian ISSUE PRO-EGY-2025-39489 -  competitive offers section","Application Function Issue","95"
"INC1140272","PRO-SRB-2023--1607777553 | FINANCIAL ANALYSIS AND PLANNING VADIAS-PLEASE TRIGGER EVALUATION TASK","Application Function Issue","85"
"INC1061657","Class 6(6.2) : PRO-TRY-2025-6398162 Urgent! Correction on butget page of a project","Application Function Issue","90"
"INC1138534","New Task: SUBMISSION: MONGOLIA, TransCapital NBFI LLC, 01/01/2025 to 30/06/2025","Service/Process Failure","70"
"INC1140273","APP-3271 Consultant profile approved by L1 but still showing as draft","Application Function Issue","85"
"INC1087931","CLASS 12 Urgent assistance required - MIS error - Consultant -  Fundacja Emic","Application Function Issue","90"
"INC1140275","Grant access to task","Access Grant Request","95"
"INC1140277","PRO-SRB-2023--1876357489 | E -CLASSROOM please trigger task for evaluation of the project","Application Function Issue","80"
"INC1141074","MDA-Kazakhstan-2025-6142 - disburse general expense task is not working - when click on it, it bring","Application Function Issue","90"
"INC1138516","APP-3240 URGENT: Unable to upload documents for enterprise Fratello Trade A.d. via manage documents","Application Function Issue","95"
"INC1136242","APP-3169 Cannot find consultant in MIS/MDA creation  consultant (YourChance)","Application Function Issue","90"
"INC1141342","APP-2989 hello, cannot open/download the final grant agreement and other docs for the project  PRO-K","Application Function Issue","85"
"INC1141328","Need Evaluation tasks","Application Function Issue","70"
"INC1141653","NEW BAS MIS - No Evaluation taskt","Application Function Issue","65"
"INC1102435","Class 12: Commitment 65001480 balance shows0.00 euro on MIS while it should be 132000 EURO - PRO-TUN","Application Function Issue","95"
"INC1066273","CLASS 6(6.3)The amount for GA-EGY-2022-807543092 under PRO-EGY-2022-807509171 needs to be updated fr","Application Function Issue","90"
"INC1138092","Need access to update information for enterprises Sayfi Qoziev Llc and Shahloi Vatan","Access Grant Request","90"
"INC1144347","VERY URGENT: Error creatio when creating a new project on MIS /PRO-TUN-2025-39657","Application Function Issue","95"
"INC1144360","URGENT: Error in MIS task - LC Project PRO-MKD-2025-39656","Application Function Issue","95"
"INC1097089","CLASS 14 Integrity questionnaire on Monarch is not working for the project PRO-MNG-2025-1345220793","Application Function Issue","95"
"INC1121239","CLASS 6 (6.14) PRO-TRY-2025-5169393 - ToR deletion","Application Function Issue","95"
"INC1144173","PRO-XKX-2025-39608 for this project, it shows error. It should open the page of project with the gen","Application Function Issue","95"
"INC1132541","APP-2926 - 2# image upload","Application Function Issue","95"
"INC1142433","Please release evaluation task for PRO-ALB-2023-4665714","Access Grant Request","95"
"INC1137636","APP-3223 [URGENT] PRO-TJK-2025-7536606 -the project is under Star venture and should be covered 100%","Access Grant Request","85"
"INC1131443","APP-2889 2# No Evaluation task in the project PRO-TJK-2024-808420691.","Access Grant Request","90"
"INC1136586","APP-3194 L1 approver error when opening ask for PRO-BGR-2024-1882033366","Application Function Issue","95"
"INC1132395","APP-2937 - 2# GAP-ARM-2025-6131: Unable to manage documents","Service/Process Failure","80"
"INC1131023","APP-3006 - [Document Utility] MIGRATION ISSUE  Project PRO-JOR-2025-9772788  on MIS has been already","Application Function Issue","95"
"INC1133134","APP-2978 - Error with a doc oppening PRO-GRC-2024-6370759","Application Function Issue","90"
"INC1133036","APP-2977 - 2# Unable to upload document to Enterprise dashboard","Application Function Issue","95"
"INC1135603","APP-3129 - I need to delete duplicate documents from consultancy dashboard. Please help clean the me","Application Function Issue","90"
"INC1142465","Disbursed funds are not correct for the following MDA: MDA-GEO-2024-7384427.","Application Function Issue","95"
"INC1143848","System does not allow to select beneficiary","Application Function Issue","90"
"INC1119101","CLASS 6 (6.14) For project PRO-GRC-2024-14942408 i am trying to revise deliverables but it doesnt wo","Application Function Issue","85"
"INC1074512","CLASS 8 Project MIS ID: PRO-TUN-2025—2144637408 - could you please amend the figure below and replac","Application Function Issue","80"
"INC1144170","Change of invoice in MIS","Application Function Issue","75"
"INC1120578","CLASS 8 EGPMIS: Modify investment details on enterprise dashboard Agrodindustrial company "Kirbi" LL","Application Function Issue","85"
"INC1141163","URGENT – Issue with the 'Upload Exhibit 3' task in the LC completion process","Application Function Issue","90"
"INC1144850","Trigger completion task -MDA-KGZ-2024-5463750","Application Function Issue","75"
"INC1144848","APP-3232 Wrong total MDA cost","Application Function Issue","95"
"INC1140597","Missing Evaluation Task","Application Function Issue","80"
"INC1102301","CLASS 6 (6.16)MDA date change MDA-TRY-2025-1882139434","Application Function Issue","85"
"INC1143851","[OU] Missing Evaluation Task for PRO-EGY-2023--1876415582","Service/Process Failure","80"
"INC1059357","Class6-change project start date","Service/Process Failure","80"
"INC1133956","APP-3232  - PRO-ARM-2024--1876060189: Wrong budget on the project dashboard","Application Function Issue","90"
"INC1140286","Completion task no appearing on current tasks for MDA","Service/Process Failure","85"
"INC1079192","CLASS 6(6.3)PRO-LEB-2025-7500466 to adjust BAS contribution to 100%","Service/Process Failure","85"
"INC1140368","Task to complete MDA","null","null"
"INC1140044","APP-3232 hello, please help with project PRO-KGZ-2024-3833210 total project cost seems to be migrate","Application Function Issue","85"
"INC1140786","APP-3303 MIS Commitment error","Application Function Issue","90"
"INC1139885","APP-3255 IA project : 4751 - Neotex SA I error with the evaluation","Application Function Issue","80"
"INC1139661","APP-3273 Issues with LC's process on MIS - PRO-MAR-2025-39545","Service/Process Failure","75"
"INC1140023","APP-3272 [OU] BAS MIS APPIAN LC Evaluation Data issue","Application Function Issue","85"
"INC1071165","CLASS 12 PRO-KAZ-2024-9601122: there is no available tasks o the project dashboard to manage the pro","Application Function Issue","85"
"INC1065780","Class 6(6.14) : Please replace document Exhibit 2 by the attached one","Access Grant Request","80"
"INC1063365","I cannot update financial figures for a Blue Ribbon company - EFA Solution. An error message is disp","Service/Process Failure","75"
"INC1134322","APP-3069 - Can you trigger the evaluation task Medlabs Consultancy Group I","Application Function Issue","90"
"INC1055995","Morocco - November MFR","Service/Process Failure","60"
"INC1136078","APP-3173 when entering new enterprise it was not possible to enter investment data (see screen shoot","Application Function Issue","95"
"INC1142524","MIS doesn't show the "approve" button.","Application Function Issue","90"
"INC1117292","CLASS 13 Wrong record an expense on country dashboard in BAS MIS","Application Function Issue","85"
"INC1141344","APP-3220 BASMIS: PRO-KGZ-2024-4870661 Completion L1 Approval error","Application Function Issue","90"
"INC1126665","CLASS 14 PRO-EGY-2024-1881971547 - can not find the Completion submitted task now.","Application Function Issue","80"
"INC1142439","when entering new project in the MIS on selecting cross cutting issues I got error info - please see","Application Function Issue","85"
"INC1115550","CLASS 13 PRO-EGY-2025-9773291 - I want to go back to the task of generating the Grant Agreement","Access Grant Request","75"
"INC1142358","Limited functions on IA project dashboards","Application Function Issue","90"
"INC1142811","Disbursement task is not working","Application Function Issue","95"
"INC1142800","[OU] PRO-EGY-2025-15018048 wrong funding line , please refer to the old funding line on the old syst","Application Function Issue","80"
"INC1115022","CLASS 12 Evaluation task to issue for project  PRO-GEO-2023-808385466","Application Function Issue","80"
"INC1072136","CLASS 6 (6.3) Modify BAS contribution to 100% as part of crisis response for Lebanon (Cost share wai","Application Function Issue","70"
"INC1115509","CLASS 12 project task was suddenly disappeared while entering consultant information for the project","Application Function Issue","90"
"INC1062906","Class 6(6.14)  : Problem with Ark System Lab Consultant profile in MIS","Application Function Issue","85"
"INC1115166","CLASS 12 The project evaluation task is disappearing PRO-LEB-2023-1881618430","Application Function Issue","95"
"INC1139493","APP-3276 Due to the error message unable to upload addition documents to MDA dashboard:   MDA-Georgi","Application Function Issue","90"
"INC1073842","CLASS 6 (6.3) Adjust cost-share for PRO-LEB-2025-9723360","Application Function Issue","85"
"INC1138653","APP-3286(Urgent)  All account balances are wrong in MFR for Serbia -July, please make correction","Application Function Issue","95"
"INC1139563","APP-3257 Incorrect opening and closing balances for August MFR - Warsaw","Application Function Issue","95"
"INC1143524","APP-3357 MIS - MDA error "MDA-GEO-2025-1345257806"","Application Function Issue","90"
"INC1127788","2#(C) While entering project the KPIs list shows more than it should be, some of the dropdown lists ","Application Function Issue","85"
"INC1128100","3# Kindly ask you to fix some issues at Creat/Update Project stage","Application Function Issue","80"
"INC1140954","APP-3232 Need to correct the Total Project Cost in project dashboard. PRO-KGZ-2024-5012178 | Marketi","Application Function Issue","95"
"INC1056576","Class14-Readjust grant values for Project with Relocation&Reconstruction type","Access Grant Request","85"
"INC1103607","CLASS 6(6.14) GAP update GAP-TRY-2025-7528070","Application Function Issue","90"
"INC1103553","CLASS 8 KAZB-2015-11-03/01: Edit Project Initial Details: FAM.ALLIANCE, TOO: Introduction of Kaizen ","Application Function Issue","80"
"INC1131099","APP-2899 2# IA PROJECT International Advisory Project - 5166 - Insta LLC I -"Open Task" button is mi","Application Function Issue","90"
"INC1127088","4# I just have an error during entry of local consultancy project - PRO-UZB-2025-39466","Application Function Issue","85"
"INC1128112","5# Company documents missing on new MIS dashboard","Application Function Issue","80"
"INC1127293","CLASS 14 2# Kindly issue the completion task for the project PRO-EGY-2024-9659312","Access Grant Request","75"
"INC1140497","Need to trigger the task to edit the LC project","Application Function Issue","70"
"INC1090896","CLASS 8 Error NasLst Technology-NASLST First","Application Function Issue","80"
"INC1137781","PRO-EGY-2025-10773108 error - Grant amount","Access Grant Request","70"
"INC1114577","Class 12: Commitment number 65001377 wrong available funds","Application Function Issue","75"
"INC1098688","Enterprise creation/could not finalise the creation on MIS","Service/Process Failure","85"
"INC1127183","CLASS 14 2#(A) In ASB MIS, for PRO-SRB-2023-4642334 project - the Evaluation task and all Documents ","Application Function Issue","60"
"INC1119546","CLASS 8 Request to reassign task MFR June 2025 (Almaty office dashboard) from HRP for Kazakhstan& Mo","Access Grant Request","85"
"INC1101497","CLASS 6 (6.3)  PRO-LEB-2025-15072157  edit grant to cover 100%","Access Grant Request","90"
"INC1127524","2#(B) LC PROJECT I have an error, while I want to add the documents into project dashboard","Application Function Issue","75"
"INC1077372","CLASS 12 Appian/BAS MIS - Unable to edit MDA ID: MDA-MAR-2025-10605529","Application Function Issue","80"
"INC1054592","Class 13 : Completion made by mistake. MDA-MDA-2024-1882023568","Application Function Issue","80"
"INC1077307","URGENT: Please delete the tasks which are highlighted in the attached ss","Access Grant Request","70"
"INC1056372","Class12-Impossible to attach documents - check lists for evaluation under the project  PRO-UKR-2021-","Application Function Issue","75"
"INC1103460","CLASS 6 (6/16) GAP Update GAP-TRY-2025-7528070","Application Function Issue","60"
"INC1127498","2#(B) LC PROJECT Need to upload the document in the Project Dashboard in the MIS PRO-KGZ-2025--18759","Application Function Issue","95"
"INC1071490","CLASS 6(6.2)PRO-LEB-2025-9723360 - BAS contribution to 100% as part of crisis response for Lebanon (","Application Function Issue","90"
"INC1127970","CLASS 8 PRO-EGY-2024-4818592","Application Function Issue","85"
"INC1130518","Cant upload documents to the platform","Application Function Issue","100"
"INC1143834","creating a new LC project on MIS "LEAN MANAGEMENT SYSTEM IMPLEMENTATION for the enterprise YUTEX"","Application Function Issue","95"
"INC1138182","PRO-LEB-2025-4003466 | Documents did not migrate","Application Function Issue","85"
"INC1108759","CLASS 6 (6.3) Grant % error PRO-LEB-2025-9784373","Access Grant Request","90"
"INC1058506","Class 6(6.2) : The system is not calculating the total of the local travel expenses as indicated on ","Application Function Issue","80"
"INC1098749","CLASS 13 Please delete GAP-ARM-2025-15070908 from BAS MIS Group Advisory Project","Access Revoke","95"
"INC1126933","APP-2903 - 3# The following two projects have been completed and disbursed ( in the old MIS system)","Application Function Issue","85"
"INC1127208","CLASS 14 Completion task for LC L1 approval can not go through","Application Function Issue","75"
"INC1092905","CLASS 6 (6.3) PRO-LEB-2025--1876011744 adjust BAS contribution to 100%","Application Function Issue","90"
"INC1131349","2# In ASB MIS,MDA-SRB-2024-1881813751 MDA is missing the evaluation task, please retrieve it.","Application Function Issue","80"
"INC1131222","2# no disbursement task for completed and disbursed project PRO-SRB-2024-3946378","Service/Process Failure","85"
"INC1131337","2# This is the 4th time of the same issue. Error keeps coming up in project: PRO-KAZ-2023-1613282924","Service/Process Failure","80"
"INC1071885","CLASS 12 PRO-TJK-2025-6429600 - please return the very initial task","Access Grant Request","75"
"INC1129548","2# Consultant's docs are missing" Prime Marketing - Filippos Kefalopoulos & Co LP"","Access Authentication Failure","60"
"INC1060351","Class 12  : The transaction is not showing under the country dashboard","Application Function Issue","85"
"INC1127567","2# (B)Can't upload ad-hoc documents to PRO-LEB-2025-10773097 | RE&C - Energy Audit for Second House ","Access Authentication Failure","75"
"INC1129533","2# PRO-TJK-2023--1607932211Unable to complete the evaluation task. The system keeps saying The Task ","Application Function Issue","80"
"INC1086667","Access issue to my account - meerve.bas","Access Authentication Failure","90"
"INC1128113","5# Unable to access documents  Thermo Flux D.o.o. Jajce","Access Authentication Failure","80"
"INC1069929","Class 8: No available task on MDA-MAR-2024-5499384","Application Function Issue","80"
"INC1108868","Adviser Diddier Grillot","Employee Onboarding","0"
"INC1105008","CLASS 6 (6.14) Submitting MFR in BAS MIS system","Application Function Issue","90"
"INC1129596","2#No documents for Golden Eagle Capital, TOO, the consultant I've uploaded all documents and got app","Application Function Issue","70"
"INC1128701","2# Cannot update drafted project PRO-KGZ-2025-39473","Application Function Issue","85"
"INC1128794","CLASS 14 Evaluation trigger request PRO-BIH-2023-3324097","Service/Process Failure","60"
"INC1135309","APP-3119 - Unable to upload Adhoc documents using the 'Manage Documents' option in MDA.","Application Function Issue","95"
"INC1082985","CLASS 13 Please delete the task "Edit Project Initial Details"","Access Grant Request","90"
"INC1128467","2#(B) MIS - Document upload error MDA.","Application Function Issue","85"
"INC1061895","Class 12 : PRO-HRV-2025-7470142 Cant chose consultant","Access Authentication Failure","75"
"INC1127064","2# URGENT: Please activate my access to financial, accounts and donors","Access Grant Request","90"
"INC1088951","CLASS 13 The task was suddenly disappeared when I was preparing a project for submission. Please che","Application Function Issue","95"
"INC1079959","CLASS 14 Cannot uploaddocuments to MDA completions","Application Function Issue","90"
"INC1126664","2#(B) MDA-EGY-2025-5118665, I am not able to manage documents and cannot upload or delete.","Application Function Issue","85"
"INC1126663","2# PRO-EGY-2025-10772893 - project related documents disappeared","Application Function Issue","90"
"INC1119556","CLASS 6 (6.14) For project PRO-GRC-2024-14942408 i am trying to revise Final Report but it doesn't w","Application Function Issue","85"
"INC1071815","CLASS 12 PRO-LEB-2025-10611800 project approved- Consultant not linked to the project","Access Grant Request","75"
"INC1129449","2#(B) For  Consultant Nest Group DOO Skopje I need to upload other documents (ad-hoc) besides the re","Application Function Issue","80"
"INC1127963","CLASS 14 2# PRO-EGY-2023--2145105591 - unable to go further with the project completion","Application Function Issue","90"
"INC1135030","APP-2901 Updated MIS- Grant Agreement   PRO-JOR-2025-6519194","Application Function Issue","95"
"INC1130462","2# Missing the evaluation task PRO-GRC-2023--2145079275","Application Function Issue","90"
"INC1112824","CLASS 6 (6.3) change grant% to 100 for: PRO-POL-2025-10745674","Application Function Issue","95"
"INC1134027","APP-3080 - Impossible to update enterprise data -  Jolly Alon Srl","Application Function Issue","90"
"INC1063294","Class 14 : Please help correct grant% on PRO-POL-2024-4980832","Application Function Issue","95"
"INC1112100","Class 12: Commitment number 65001377  wrong available funds","Application Function Issue","85"
"INC1073820","CLASS 8 PRO-EGY-2024-1344931241is ticked as coaching and we need to remove that","Application Function Issue","80"
"INC1109386","CLASS 6 (6.16)I can not update the documents for the project PRO-SRB-2024-3946378, I receive the mes","Application Function Issue","75"
"INC1129637","2# No task for evaluation PRO-MKD-2023-3589572","Application Function Issue","70"
"INC1129654","2# Missing documents for NEUROS d.o.o.","Application Function Issue","65"
"INC1127836","2# All documents are missing for Enterprise" SEMOS Kompjuterski Obrazoven Centar" for North Macedoni","Application Function Issue","80"
"INC1136525","APP-3232  IMPLEMENTATION OF BUSINESS NAVIGATOR JUNGIC RECYCLING   Project Identification Number  PRO","Application Function Issue","80"
"INC1127089","CLASS 14  Release evaluation tasks for PRO-ALB-2023-1076676281 and PRO-ALB-2023--1876355471 AND  MDA","Application Function Issue","80"
"INC1101368","CLASS 6 (6.3)Grant % wrong on a project PRO-LEB-2025--1875997246","Application Function Issue","80"
"INC1052127","Class 12 : BAS MIS error MDA-POL-2024-3974388","Application Function Issue","95"
"INC1120702","CLASS 6 (6.3)Grant % incorrect  PRO-BIH-2025--1875970936","Application Function Issue","90"
"INC1109583","CLASS 13 I'm linked to the wrong region and I can't create MDA for SEMED Region, rather for Armenia ","Access Authentication Failure","85"
"INC1076726","Task accidentally accepted and implemented, should be rolled back (Project Name:BBS Trade LLP II, ID","Service/Process Failure","75"
"INC1099181","Class6-6.14-Please, upload checklists under the project PRO-UKR-2023--1339336447","Application Function Issue","95"
"INC1068107","CLASS 12 Repeat a task","Application Function Issue","90"
"INC1138809","APP-3283 No "Submit SIA/SP Contract Amendment" button","Application Function Issue","95"
"INC1122439","CLASS 6 (6.16) I need to extend the completion of the GAP project GAP-ARM-2024-5441771 till 15/10/20","Application Function Issue","90"
"INC1104832","CLASS 6 (6.16) Change of start and end date of MDA MDA-BGR-2025-9783241","Application Function Issue","90"
"INC1112922","CLASS 13 Can not enter expense in BAS MIS - URGENT - GAP-MNE-2025-9773534 - Commitment Number:  6500","Application Function Issue","95"
"INC1093618","CLASS 6 (6.3)Taxes omitted from project dashboard on MIS PRO-LEB-2025-1345209646.","Application Function Issue","95"
"INC1128046","CLASS 14 2# PRO-ROU-2024-3950488 - Synaptiq Technologies Srl","Application Function Issue","95"
"INC1065507","Class 14 : MDA-POL-2025-7469683 Commitment balance error in MIS","Application Function Issue","95"
"INC1128131","2#(B) Can't upload ac hoc documents for PRO-UZB-2025-39476","Application Function Issue","95"
"INC1127342","2# For the enterprise Melmaks BM for North Macedonia in the updated MIS, a completion task for PRO-M","Service/Process Failure","80"
"INC1128712","CLASS 14 Please help to create a link for evaluation of MDA-TJK-2024-9516809","Access Grant Request","85"
"INC1090985","CLASS 6 (6.14 )PRO-TJK-2025-4036148 -please help to re-upload the CoI document and delete one.","Access Grant Request","85"
"INC1069210","CLASS 6(6.14)Document deletion on a project PRO-TRY-2025-5533925.","Access Revoke","90"
"INC1057363","Class 6(6.14) : Unable to add a checklist under the project  PRO-UKR-2023-808375698","Application Function Issue","95"
"INC1127437","2# SIA approval in MIS - Gregor Schoenstein","Access Grant Request","90"
"INC1088440","I need ClientNet access.","Access Grant Request","90"
"INC1091376","CLASS 6 (6.3)Adjust BAS Contribution Rate PRO-WBG-2024--1607533835","Application Function Issue","95"
"INC1144225","APP-3232 In ASB MIS, for project PRO-SRB-2024--1339058977 the figures on project dashboard are wrong","Application Function Issue","95"
"INC1085979","CLASS 12 Task is not generated to submit MDA-LEB-2025-4033264","Application Function Issue","85"
"INC1130498","2# In regards to ASB, MIS, project ID: PRO-UNK-2025-10637239","Application Function Issue","80"
"INC1075199","Class14-Wrong balance for earmark","Application Function Issue","75"
"INC1072223","CLASS 6(6.3Grant %","Application Function Issue","70"
"INC1144062","APP-3385 PRO-TJK-2025-4036148 - the summary of the project shows error (please see attached)","Access Authentication Failure","90"
"INC1076755","Issue accessing the Clientnet application","null","null"
"INC1098778","CLASS 13 changing flag on PRO-POL-2025—2144600677, Zotina Fitness","Service/Process Failure","85"
"INC1127625","CLASS 14 5#  Please, restore all documents under Hillary Cosmetics Llc (enterprise dashboard)and und","Access Grant Request","75"
"INC1091284","CLASS 6 (6.3) PRO-LEB-2024-1882021769 to amend BAS contribution to 100%","Service/Process Failure","90"
"INC1127495","CLASS 14 5# Issues with PRO-KAZ-2024-5472440 | Likomp, TOO","Service/Process Failure","80"
"INC1069137","CLASS 6(6.3) Fix project PRO-LEB-2025-508221","Service/Process Failure","95"
"INC1131481","APP-2928  2# NPM unable to approve project number  PRO-LEB-2024-7464759","Application Function Issue","95"
"INC1080471","CLASS 12 Unable to fill in Baseline KPI on Project","Application Function Issue","85"
"INC1127579","CLASS 14 Enterprise documents missing","Application Function Issue","90"
"INC1080773","Class 12: No Task showing and cost share modification","Application Function Issue","80"
"INC1126662","CLASS 14 5# Top Business - all documents for this enterprise disappeared","Application Function Issue","90"
"INC1069867","Unable to see the client datat","Application Function Issue","75"
"INC1110219","CLASS 12 Appian - KPI error PRO-UNK-2024-3701562","Application Function Issue","95"
"INC1059700","Class 14 : Technical issue with the data presented","Application Function Issue","85"
"INC1131509","2# Can not proceed with the task for PRO-TRY-2025-5624226.","Service/Process Failure","75"
"INC1127073","CLASS 14 5# PRO-UKR-2024-1345120160 reconstruction project, - no documents","Store Rebuild","65"
"INC1060176","Class 14 : PRO-POL-2025—1876046045 ITServiceRequest: please help on MIS","Service/Process Failure","80"
"INC1118960","CLASS 14 APPIAN BAS MIS expense record issue","Application Function Issue","95"
"INC1059169","Class 14 : I often encounter issues uploading documents when approving MDAs/SDAs in the system.","Application Function Issue","90"
"INC1114275","CLASS 8 i have uploaded a wrong exhibit 3 for project PRO-EGY-2023-1613003123","Application Function Issue","85"
"INC1065350","Class 12 : Pipelined/Committed/Disbursed amounts are incorrect for MDA Commitment 65001633","Application Function Issue","90"
"INC1130032","2# No Exhibit 3 task available for disbursed project PRO-SRB-2025-4013413","Application Function Issue","85"
"INC1130677","1# Urgent assistance needed - MDA-Poland-2025-6123","Access Grant Request","75"
"INC1131391","2# Project Identification Number  PRO-SRB-2023--1607688822 please generate task for evaluation of th","Application Function Issue","80"
"INC1074145","CLASS 6 (6.14)[OU] FW: Appian MIS-Issue reuploading deliverable","Service/Process Failure","70"
"INC1127334","2#  APP-2886 Cannot select expert Project PRO-ARM-2025-39468 adding expert issue on the project init","Application Function Issue","95"
"INC1074981","CLASS 6 (6.3)PRO-ARM-2025-15000493: Change grant amount","Access Grant Request","90"
"INC1127240","2# APP-2886 Cannot chose expert in LC Project PRO-MAR-2025-39464","Application Function Issue","95"
"INC1130715","2# APP-2892 Unable to add costs and donor details to an MDA","Application Function Issue","95"
"INC1072431","CLASS 12 Project PRO-GRC-2024-1881937220dashboard without tasks appearing","Application Function Issue","95"
"INC1119194","CLASS 13 INC1115878 not resolved","Application Function Issue","80"
"INC1102629","CLASS 6 (6.3) Grant %Error PRO-LEB-2025--2144601754","Access Grant Request","90"
"INC1103238","OpID 55726 - Client net","Network","70"
"INC1101879","CLASS 6 (6.3) Grant amount for PRO-TUN-2022--1608277245.","Access Grant Request","90"
"INC1074385","Please, can you update the budget reports for the projects: URFA, Ordamed, Ostfarm, Pharmprovide, Gr","Service/Process Failure","60"
"INC1126688","2# MIS ISSUE TASK NOT FOUND","Application Function Issue","85"
"INC1128915","2#Task - Closing an MDA : MDA-MAR-2023-16077563-56","Application Function Issue","80"
"INC1126671","2# PRO-EGY-2024-9669389 - Assign Task","Access Grant Request","70"
"INC1126697","CLASS 14  2# the enterprise documents for "GK global food" & "Frosty Food" were not transferred duri","Application Function Issue","60"
"INC1125920","3# Project Team modification","Service/Process Failure","85"
"INC1103298","CLASS 12 Error Whilst Updating Consultant -DVOKUT-ECRO","Application Function Issue","90"
"INC1099839","Class 12: Upload documents button not working for a consultant","null","null"
"INC1126917","CLASS 14 2# Disbursement tasks in MIS","Application Function Issue","90"
"INC1128001","CLASS 14 2# URGENT: migration error for 5208 - Avtomaticheskiye Kotly LLP II","Application Function Issue","95"
"INC1127832","CLASS 14 2# Missing documents after migration","Application Function Issue","85"
"INC1142087","APP-3232 Fixing costs in MIS of LC Project","Application Function Issue","95"
"INC1128574","2# Beneficiaries did not migrate for MDA Packaging and Food Waste 377  MDA-LEB-2025-21445991-31","Application Function Issue","80"
"INC1100119","CLASS 7 MIS spamming - Sofia Lebbar","Service/Process Failure","75"
"INC1128932","2# Please create an evaluation task for PRO-MKD-2023-1076721010 and assign it to me, Eva Korom. Than","Access Grant Request","95"
"INC1115804","Class 14: my name is wrong on appian- all applications","Application Function Issue","90"
"INC1138228","Consultant BAKER TILLY TAJIKISTAN LLC - please see the screenshot of error which pop up when tried t","Service/Process Failure","85"
"INC1130635","APP-3008 - 2# Cross Cutting Digitalisation please select and leave rural, as well- PRO-MKD-2024-1882","Application Function Issue","80"
"INC1107146","Amendment in TCRS","Access Authentication Failure","80"
"INC1071088","CLASS 8 Please generate the task to upload documents for the consultant Mohammad Al Battikhi","Access Grant Request","90"
"INC1129876","2# Hi, cannot evaluate projects, there is no task","Application Function Issue","95"
"INC1127928","2#(A) CLASS 14 evaluation task has disappeared PRO-TKM-2024-1613364399","Application Function Issue","95"
"INC1127360","CLASS 14 Please activate evaluation tasks","Access Grant Request","90"
"INC1055085","I need access to TCRS guidance access","Access Authentication Failure","85"
"INC1082048","CLASS 14 Update budget for MDA-ROU-2025-5547202","Application Function Issue","85"
"INC1116944","CLASS 13 I need to remove the selected projects, as the system glitched and now they remain in MIS. ","Application Function Issue","90"
"INC1064435","CLASS 6(6.11)MDA-LEB-2025-21446402-33 Remove the beneficiary from the MDAon MIS","Application Function Issue","95"
"INC1125805","CLASS 8 MDA budget to be increased MDA MDA-MDA-2025-5161159","Application Function Issue","80"
"INC1128285","2#APP-2896 PRO-EGY-2024-4818592 Checklist not available Declaration box issue","Application Function Issue","90"
"INC1064503","CLASS 1Problem in evaluation stage of project PRO-TRY-2023-539789666","Application Function Issue","85"
"INC1128903","2# Please trigger completion task for following MDA:  MDA-GEO-2025-3986155","Access Grant Request","75"
"INC1128291","CLASS 14 5# Missing documentation for Enterprise:MPM and Consultant :Cycle","Application Function Issue","70"
"INC1128750","CLASS 14 Wrong tasks - Completion L1 Approval for Local Consultancy Project: Dynamics 365 F&O Implem","Application Function Issue","65"
"INC1104760","Unable to download donor progress report","Service/Process Failure","60"
"INC1058866","Class 7 : I am not able to sign up to MIS (issue with password or/and username)","Access Authentication Failure","95"
"INC1128580","CLASS 14 2# I have some issues when I want to create en Entreprise on MIS due to the integrity check","Application Function Issue","85"
"INC1100112","CLASS 12 Project Evaluation Task Issue  PRO-LEB-2023-1076676963","Access Grant Request","90"
"INC1108970","CLASS 6 (6.3)  please help me edit grant % on PRO-POL-2025--2144600677","Access Grant Request","90"
"INC1128317","1# Two projects have not been compeleted the new MIS. PRO-TJK-2025--1876031742 & PRO-TJK-2025-403584","Application Function Issue","85"
"INC1086562","grant access to ClientNet and ReportCenter","Access Grant Request","95"
"INC1097759","Blue Ribbon Data Entry error","Application Function Issue","80"
"INC1127184","2#(B) I cannot upload documents in MDA: MDA-POL-2025-7469683","Application Function Issue","90"
"INC1128020","CLASS 14 2# issue with project closing","Application Function Issue","75"
"INC1108943","CLASS 6 (6.9) Update the enterprise name from "Boules Amin Masoud and Co. (Viva 1960)","Application Function Issue","90"
"INC1128415","2# error when opening documents section of enterprise, but still able to manage docs (delete/add)","Application Function Issue","85"
"INC1128408","2#(B) MIS - Enterprise Manage  documents error upload Dauinvest, TOO","Application Function Issue","75"
"INC1096075","CLASS 6 (6.14 ) Document replacement PRO-ARM-2024-9651330","Application Function Issue","95"
"INC1128294","CLASS 14 2# During the migration of BAS MIS to the new version for project PRO-SRB-2025-1345200, a p","Service/Process Failure","85"
"INC1114232","CLASS 6 (6.3) PRO-LEB-2025-15091570 to amend BAS contribution to 100%","Application Function Issue","75"
"INC1128345","2#(C)APP-2866 Baseline KPI for completion issue","Application Function Issue","90"
"INC1082350","Class 12: Egypt MDA Commitment 65001948 -balance not correct","Service/Process Failure","80"
"INC1118348","CLASS 14 In BAS MIS, MDA-SRB-2023-1076567585 was evaluated in 2024, but now after random check in MI","Service/Process Failure","80"
"INC1127636","2# CLASS 8 PRO-WBG-2025-1345266933","Service/Process Failure","80"
"INC1139906","MFR task unable to be assigned","Application Function Issue","70"
"INC1119592","CLASS 8 PRO-EGY-2024-1881971547","Service/Process Failure","80"
"INC1081297","CLASS 6 (6.14)Please replace the document Deliverables","Service/Process Failure","80"
"INC1071260","CLASS 11 Unwanted task","Application Function Issue","70"
"INC1098567","CLASS 6 (6.3) The Grant% is wrong PRO-LEB-2025--2144601754","Access Grant Request","95"
"INC1111990","Class 6.9 -  edit title for "MDA SV Lebanon Cohort 3 – BMTs for eFlow Technologies MDA-LEB-2025-1876","Access Grant Request","95"
"INC1144227","evaluation tasks missing for Steftrans Prologistics, Logo doo and HTEC","Application Function Issue","85"
"INC1138244","APP-3287 LC project on MIS "LEAN MANAGEMENT SYSTEM IMPLEMENTATION for the enterprise YUTEX" The MIS ","Application Function Issue","80"
"INC1132630","2# Completion task keep re-appearing for PRO-LEB-2025-5109038 | Innov-R&D-Cohort6- Banana Peat and b","Application Function Issue","85"
"INC1137904","Evaluations task to be assigned to me","Application Function Issue","70"
"INC1132394","APP-3062 - 2# Completion task disappeared after save and close for the project PRO-SRB-2024-9687974","Application Function Issue","90"
"INC1116373","CLASS 6 (6.14)PRO-TRY-2025-5169393 ToR document needs to be changed","Application Function Issue","65"
"INC1073677","CLASS 12 PRO-LEB-2025-10611800 grant agreement was not generated after completing the "enter contrac","Application Function Issue","85"
"INC1126841","3# please help me change contract amount for MDA MDA-POL-2025-7469683","Application Function Issue","80"
"INC1095687","CLASS 13 Correction of wrong data in before values of the projects  PRO-TRY-2023-539848413","Application Function Issue","90"
"INC1103123","CLASS 6 (6.14)Grant percentage error PRO-LEB-2025--1875996732","Application Function Issue","95"
"INC1069140","MIS - PRO-LEB-2024-746475 - Reassign Tasks","Service/Process Failure","75"
"INC1098199","CLASS 12 BAS MIS - consultant profile error "ISO MONT doo"","Application Function Issue","85"
"INC1131406","2# GAP-Armenia-2025-6126: Task missing","Application Function Issue","75"
"INC1055717","Class12-Please generate the task on MIS on MDA-JOR-2025-1882056922 as there are no tasks in the task","Application Function Issue","90"
"INC1103442","Advisor has a problem to modify data in EGPMIS, he reports some fields missing, please check if it i","Application Function Issue","80"
"INC1131422","2# In ASB MIS, for MDA-SRB-2024-5510431 I cannot add beneficiaries from other countries.","Application Function Issue","95"
"INC1128687","2# Cant edit consultants - ONON Investment LLC","Application Function Issue","90"
"INC1117023","CLASS 12 PRO-TRY-2025-5169393-Edit details","Application Function Issue","95"
"INC1054758","Incorrect project end date The project in question is MLADEGS-PAK d.o.o. III","Service/Process Failure","85"
"INC1130128","2# Can not proceed with the project completion task (PRO-TRY-2024-9640557).","Application Function Issue","90"
"INC1127605","2# Business Advisory Services MI System (BAS MIS): PRO-JOR-2025--1875972721","Application Function Issue","85"
"INC1129958","2# PRO-KAZ-2024-5489935 task to upload Exhibit 3 is inactive; task Local Consultancy Project Complet","Application Function Issue","80"
"INC1087555","CLASS 12 MDA-MDA-2024-1613592265add beneficiaries task unclickable.","Application Function Issue","90"
"INC1139924","[OU] BAS MIS LC projects evaluation tasks generation","Application Function Issue","75"
"INC1139938","Evaluation task for project PRO-GRC-2023-808286879 has disappeared","Application Function Issue","85"
"INC1087655","CLASS 6 (6.14) Replace files in BAS MIS - Projects- PRO-ARM-2024--2144975548","Access Grant Request","95"
"INC1119847","CLASS 14 MIS Access for Uyangaa Batbayar","Access Grant Request","95"
"INC1128280","CLASS 14 Evaluation task dissapeared PRO-TKM-2024-1881806897","Application Function Issue","85"
"INC1060514","Class 13 : MDA-KAZ-2023-1881460445: request to activate "Disburse general expenses" tab","Access Grant Request","95"
"INC1097694","CLASS 6 (6.16 )Change in expected completion date of a project PRO-TRY-2024--2144942099","Access Grant Request","95"
"INC1099212","CLASS11 - Reassign the project -MDA-AZE-2024-7424722 to my name.","Access Grant Request","95"
"INC1119644","CLASS 14 no task was assigned to complete the MDA-MNG-2024-18762296-73","Access Grant Request","85"
"INC1127812","CLASS 14 2#(B) PRO-MNE-2025--2144576658 documents missing","Access Grant Request","80"
"INC1088537","CLASS 6(6.11)Please delete "Sorina Mortada" from the beneficiaries of  MDA-LEB-2025-4033264","Access Revoke","90"
"INC1069468","CLASS 12 MDA-TJK-2025-1882082502 -the beneficiary disappeared","Service/Process Failure","75"
"INC1130078","2# There is no evaluation task for projectPRO-TJK-2024-808423841","Application Function Issue","80"
"INC1068984","MIS: PRO-JOR-2024--2144784046","Application Function Issue","80"
"INC1071320","CLASS  12 Remove Program Flag on Project  PRO-TRY-2025-6398162","Application Function Issue","80"
"INC1102361","CLASS 12: Funds show as 0 when entering a project","Application Function Issue","80"
"INC1064433","Grant Ratio Change in Relocation Projects","Application Function Issue","80"
"INC1128047","2#(C) Issue with completion task - baseline KPI glitch","Application Function Issue","80"
"INC1082268","CLASS 6 (6.14) Add the document to BAS MIS Consultant dashboard","Application Function Issue","85"
"INC1126404","3# Incorrect offer value on BAS MIS- Project","Application Function Issue","90"
"INC1090219","CLASS  8 Please remove MDA-MAR-2025-1882066696 - CIPE Morocco event: Women in Business Summit for Mo","Application Function Issue","75"
"INC1128258","2#(C) KPI ISSUE  Evaluation task is not active for: PRO-KAZ-2023-1613282924","Application Function Issue","95"
"INC1130079","2# No Evaluation task again in project: PRO-KAZ-2023-1613282924","Application Function Issue","95"
"INC1084472","CLASS 6 (6.14) Please replace the file","Service/Process Failure","80"
"INC1104384","CLASS 12 Dear team, please generate task for NPD for approval under MDA SBIF Stakeholder meeting (4n","Service/Process Failure","70"
"INC1129959","2#PRO-UNK-2025-10637239 - BAS project: after completion, the task disappeared. Can you please trigge","Service/Process Failure","90"
"INC1129955","2# PRO-KAZ-2024-9599255 has task for completion, however it has been already disbursed and the task ","Service/Process Failure","85"
"INC1102644","Class 12 - NPM approval task -  MDA-MDA-2025-9782783","Application Function Issue","95"
"INC1086576","Class 7: I can not log in into my account. I changed the password. It seems like my user is blocked ","Password Reset","85"
"INC1127590","2#(C) KPIID#Baseline KPIs did not migrate for PRO-LEB-2025-5109038","Application Function Issue","90"
"INC1127450","2#(C)  Baseline KPI not available in Project Completion","Application Function Issue","80"
"INC1129739","2#(C) Baseline KPIs preventing project completion/evaluation PRO-UZB-2025-5574147","Application Function Issue","90"
"INC1102820","CLASS 8 Too many ToR and Covenants - PRO-MDA-2025-4038819","Service/Process Failure","80"
"INC1057949","Class 14 : MIS,MDA-UZB-2024-6356538, not all accounts appear when disbursing the general cost","Application Function Issue","75"
"INC1067500","Please, can you change the project for evaluated for the project Tumar - Konditer LLP I, ID 4750. Th","Access Grant Request","60"
"INC1133473","APP-3014 - 2# Complete Local Consultancy Project: Increasing Kidsday's Online Brand Awareness - FIX ","Application Function Issue","90"
"INC1057474","Please, can you correct the project budget for EUR 60 000 and cost share amount for  EUR 6000. Proje","Application Function Issue","85"
"INC1071434","CLASS 12 PRO-KAZ-2025-5090554 : Need to delete /or untick Programme Flag "Youth in Business" at the ","Application Function Issue","80"
"INC1055822","Below issue has not been resolved and I still cannot download the report - INC1049652","Service/Process Failure","75"
"INC1130112","2#  No Disbursement task for the project PRO-SRB-2024-6319103, completion was already approved","Application Function Issue","90"
"INC1135810","APP-2900 I cannot upload the consultancy contract to BAS MIS","Application Function Issue","95"
"INC1130486","URGENT APP-3023 - 2#Missing Qualify Consultant task for NEUROS d.o.o.","Application Function Issue","90"
"INC1076507","CLASS 6(6.4)PRO-LEB-2025-1882100669 to amend BAS contribution to 100%","Application Function Issue","95"
"INC1102600","CLASS 6 (6.16) Start/end date update GAP-TRY-2025-7528070","Application Function Issue","90"
"INC1089212","CLASS 13 Remove the check on "this project requires a consultancy contract" MDA-UNK-2025-10637647","Application Function Issue","95"
"INC1132025","APP-2942 - 2#(B) MIGRATION ISSUE Documents are not available for the project PRO-TJK-2021-1880749583","Application Function Issue","90"
"INC1132322","APP-3002 - 2#MIGRATION ISSUE  During the migration of the MIS system, the documentation and complete","Application Function Issue","85"
"INC1076800","CLASS 6 (6.11)IN the MDA MDA-ALB-2024-16075470-36 the beneficiaries names are doubled","Service/Process Failure","75"
"INC1128310","2# (C) PRO-JOR-2025-9704874  baseline KPIs  SHOULD BE NO )","Application Function Issue","60"
"INC1103901","CLASS 13 BAS MIS -problem with entering new Enterprise ALU-FORMA.","Application Function Issue","85"
"INC1129925","2# For two projects, we need to move tasks to disbursement, as the projects are already approved and","Access Grant Request","75"
"INC1102419","Class 12: MIS - Commitment replenishment. - PRO-TUN-2025-7546109","Application Function Issue","80"
"INC1057360","Class 6(6.3) : PRO-HRV-2025--1876047199 Grant to 100%","Access Grant Request","90"
"INC1128793","2#(C) KPI baseline value required but not able to be selected PRO-MDA-2025-5534074","Application Function Issue","95"
"INC1089547","CLASS 6 (6.3) PRO-LEB-2025-15059153 amend BAS contribution to 100% instead of maximum 70%","Application Function Issue","95"
"INC1114086","CLASS 12 Project Evaluation Task PRO-LEB-2023-1881618430","Application Function Issue","90"
"INC1131198","APP-2951 - 2# for enterprise Capriolo - could you make it eligible for local consultancy project","Application Function Issue","85"
"INC1128639","2#(C) KPI is missing on Baseline Values. Project number is: PRO-GEO-2024-6295745","Application Function Issue","90"
"INC1075435","Class 6.3: Fix project PRO-LEB-2025-4004051","Application Function Issue","80"
"INC1092623","CLASS 6 (6.14) Deliverables update GAP-TRY-2024-9642496","Application Function Issue","80"
"INC1120364","Clearing entries for ASB team in Romania","Application Function Issue","70"
"INC1129634","2#(B)  URGENT-Unable to upload document on MIS enterprise dashboard SEL LLC","Application Function Issue","90"
"INC1128055","2#(C) KPI Issue while doing  Completion Stage: Evaluation","Application Function Issue","85"
"INC1128116","2# when registering and Enterprise i can not select the state or the office","Application Function Issue","75"
"INC1102188","CLASS 8 no tasks assigned for the consultant submission for TEAM Consultancy LLC in MIS","Application Function Issue","85"
"INC1128430","CLASS 14 2# Missing  documents from project dashboard PRO-BIH-2025-4078812","Application Function Issue","90"
"INC1128281","APP-2907 2# Consultancy update error - Bloom Communication SRL","Application Function Issue","95"
"INC1077613","Broken budget reports","Service/Process Failure","80"
"INC1138573","APP-3236 LC PROJECT: Cannot see KPIs at  project conception approval PRO-GRC-2025-39585","Application Function Issue","90"
"INC1100623","CLASS 13 New Task: NPM Review and Approve Project Edit - Website Development","Application Function Issue","80"
"INC1137038","Evaluation task generating","Application Function Issue","70"
"INC1136938","Hi, there is no task for evaluation approval (for L1) PRO-KGZ-2023--2145163044","Application Function Issue","60"
"INC1092590","CLASS 6 (6.14) A few modifications need to be done for the documents of GAP-TRY-2024-1345098364.","Application Function Issue","90"
"INC1084124","Class 12: Incorrect OPEX AZN balance","Application Function Issue","85"
"INC1101378","No longer able to work on progress report - kicked out of system - Report Id:","Access Authentication Failure","95"
"INC1104536","CLASS 13 Unable to edit MDA beneficiaries and consultant MDA-MAR-2025-6480760","Application Function Issue","85"
"INC1136926","After completing the evaluation task for this project: RO-UNK-2022--1876880031, the task did not app","Application Function Issue","90"
"INC1136902","Please trigger evaluation task for this project: PRO-UNK-2023-808332069","Access Grant Request","90"
"INC1130395","APP-3024 - 2#  PRO-MKD-2023-1344861163 Error in accessing the following task -Completion L1 Approval","Application Function Issue","90"
"INC1128227","2# Trigger evaluation task for MDA-KGZ-2024-5301960","Application Function Issue","85"
"INC1144217","[OU] acess to MIS","Access Authentication Failure","75"
"INC1133198","2# Missing completion task for   MDA-GRC-2025-9747618","Application Function Issue","80"
"INC1133206","APP-2993 - I'm unable to start a projectfor Biological Jordanian For Import & Export (bio Jordan)","Application Function Issue","95"
"INC1071884","CLASS6 (6.14)PRO-ARM-2024--2144762413: Replace document","Application Function Issue","90"
"INC1133935","APP-3056 - Counterparties contacts haven't been migrated from old MIS to new MIS.","Application Function Issue","85"
"INC1135561","APP-3124 - Please create a task and send me to update enterprise Shahloi Vatan Llc","Application Function Issue","80"
"INC1129682","APP-2985 - 2# Update Consultant Error Evaluating UI Expression NEUROS d.o.o.","Application Function Issue","95"
"INC1091878","CLASS 6 (6.16)MDA-MDA-2024-5258012 end date is not correct","Application Function Issue","85"
"INC1074352","Please, can you change the SIA for the project Nurislam Emerek, LLC I, ID 5185 from Mr Georgios Kala","Access Grant Request","95"
"INC1064440","Rejected project to be reapproved Castel Mimi SRL I (ID 5170)","Access Grant Request","90"
"INC1127975","2# Document upload function not available","Application Function Issue","95"
"INC1127600","2# I cannot record grant disbursement PRO-ALB-2025-9735266","Application Function Issue","85"
"INC1092566","CLASS 12 bug - can't upload documents to "Pay Mob Solutions" enterprise dashboard","Application Function Issue","90"
"INC1088459","CLASS 12 No tasks assigned to edit/submit GAP-MNG-2025-21446042-59","Application Function Issue","85"
"INC1128365","APP-2966 - 5#MIGRATION ISSUE  Company documents missing fo  Enterprise: Martex","Application Function Issue","90"
"INC1136679","APP-3195 MDA-Poland-2025-6127 - update of ToR + start and end date required","Application Function Issue","95"
"INC1111313","Class 12: I am encountering an error which wont let me proceed further for PRO-UNK-2025-9735045","Application Function Issue","80"
"INC1102266","CLASS 6 (6.14)ToR Update GAP-TRY-2025-7528070","Application Function Issue","90"
"INC1130532","2#(C) Missing KPI","Application Function Issue","85"
"INC1130539","APP-3020 - 2# Unable to edit enterprise details - Mint Hr","Application Function Issue","90"
"INC1130710","BAS MIS ENTEPRISE DASHBOARD DOCUMENTS MISSING","Application Function Issue","80"
"INC1127861","2# Can not add beneficiaries in two MDA","Application Function Issue","95"
"INC1071491","CLASS  6(6.7)Project Information on MIS","Application Function Issue","75"
"INC1127422","2# Missing beneficiaries MDA-MKD-2025-1345230735","Application Function Issue","85"
"INC1103767","[OU] to MIS team- docs for Avtobus Rent LLC","Service/Process Failure","70"
"INC1059241","Class 6(6.3) : PRO-TRY-2025—1876047048 and PRO-TRY-2025-6398162 Manual change in grant percentage fo","Access Grant Request","85"
"INC1126230","2# An approval task can not be automatically assigned to the OL(the approver)in SMART/GEP. Please ch","Application Function Issue","90"
"INC1091130","Appian notifications from all regions","Application Function Issue","75"
"INC1080713","Class 12: Task not showing on MIS dashboard + discrepancy dates","Service/Process Failure","80"
"INC1120749","CLASS 13 BAS Search Invoice","Application Function Issue","60"
"INC1129912","2# Project Identification Number  PRO-SRB-2024-9505283 has task for the phase COMPLETION while this ","Service/Process Failure","80"
"INC1095259","CLASS 6 (6.14)Replace document in BAS MIS project dashboard","Application Function Issue","70"
"INC1127518","5# Lack of documents under  K.tex-service Llc","Service/Process Failure","70"
"INC1089563","CLASS 6 (6.3) Cost Share modification on MIS PRO-LEB-2025-15047373.","Application Function Issue","80"
"INC1093883","CLASS 13 PRO-SRB-2024--1876072076 remove redundant tasks","Service/Process Failure","90"
"INC1067355","Class6-6.3-There is a grant percentage disparity between the project dashboard and the backend","Application Function Issue","85"
"INC1113641","CLASS 14 Enterprise not showing  IZAZOV d.o.o. Kalesija","Access Grant Request","70"
"INC1079337","Class 12: MDA General expense budget did not change after amendment","Application Function Issue","80"
"INC1129698","2#Error PRO-WBG-2025-39482","Service/Process Failure","90"
"INC1128983","2# Can you please create an evaluation task  for PRO-MKD-2023-1076595073 for me Eva Korom.","Access Grant Request","65"
"INC1099585","Class7-MIS spamming","Service/Process Failure","80"
"INC1093517","Please, can you send me the updated budget report on the project Economy Society Ak Hunji II, ID 509","Application Function Issue","70"
"INC1118433","CLASS 14 Request to trigger MIS task","Service/Process Failure","85"
"INC1096396","CLASS 14 Unresolved issue for BAS MIS notifications","Service/Process Failure","85"
"INC1063115","Class 6(6.14) : Project: PRO-KAZ-2024-161355115 - Necessary to delete duplicated documents","Application Function Issue","75"
"INC1127487","5# Issues with PRO-KAZ-2024-5489935 | Tsechoev, PE","Application Function Issue","80"
"INC1120079","CLASS 13 Transactions KAZ-5624548 and KAZ-5624403 didn't interface into SAP remaining on BAS Outstan","Application Function Issue","90"
"INC1113472","CLASS 8 Delete a document from MDA-UNK-2025-5132599","Application Function Issue","95"
"INC1074342","Class6--6.6-MDA requires Donor details update - MDA-POL-2025-9722953","Application Function Issue","95"
"INC1076806","CLASS 12 MDA Fully paid, but status not closed and no pending tasks","Service/Process Failure","85"
"INC1127392","APP-2902 - 2# Request to replace Dana Yeskendirova with Yuliya Kondratenko","Access Revoke","80"
"INC1132065","APP-2920 - 2# [OU] Record the expenses in MIS - PRO-KGZ-2024--2144687367","Application Function Issue","70"
"INC1075135","Class 12: no tasks assigned to edit the MDA-MNG-2025-1882099673. The task was disappeared when I was","Service/Process Failure","60"
"INC1114895","CLASS 6 (6.16)Project completion date amendment ( PRO-TRY-2024-3950690)","Access Grant Request","50"
"INC1084687","CLASS 6 (6.14) Please remove the repeated documents from the MDA dashboard - MDA-TJK-2025-1882111353","Application Function Issue","90"
"INC1085181","CLASS 8 Request to change consultant name","Access Grant Request","85"
"INC1098886","unable to clear  covenants on 49516 - KB - Macedonia Municipal Facility (KB-MMF)","Application Function Issue","80"
"INC1098157","CLASS 12 Technical issue with a LC project (PRO-GRC-2025-9764558)","Application Function Issue","95"
"INC1067162","CLASS 12 PRO-UNK-2025-3998393 update the KPI of Turnover.","Application Function Issue","90"
"INC1100805","CLASS 7 no access to mis bas and gep","Access Authentication Failure","90"
"INC1105495","CLASS 12 BAS MIS - GAP project - disburse general expense for GAP-MNE-2025-9773534","Access Grant Request","85"
"INC1126766","3 # APP-2888 - Hello, when you try to enter contact name and email, letters do not appear, just numb","Application Function Issue","95"
"INC1077304","CLASS 6 (6.3)PRO-ARM-2025-6447497: Change grant % and amount","Access Grant Request","80"
"INC1126660","2#(MIG) PRO-EGY-2025-1345275537 - This project was flagged: Digitisation and Green-tracked; now both","Access Grant Request","95"
"INC1089936","Class 6.3 - Please change the Grant % for PRO-LEB-2025-4032518 to 100%","Access Grant Request","95"
"INC1063906","Class 6 (6.14)Remove document PRO-HRV-2025-7470142","Access Revoke","95"
"INC1064592","CLASS 6(6.16)Revisions needed in project  PRO-TRY-2025-6398162","Application Function Issue","85"
"INC1089483","CLASS 6 (6.14) Documents on project dashboard mixed up PRO-SRB-2024--1876072076","Application Function Issue","85"
"INC1104515","CLASS 12 Missing info in submitted for approval project  PRO-GRC-2025--2144598089","Application Function Issue","85"
"INC1127359","2#(A) error on evaluation task LC Projects - KPI Completion Migration Error","Application Function Issue","80"
"INC1129588","2# BAS MIS - Enterprise documents missing","Application Function Issue","75"
"INC1138758","APP-3248 - Poland - Request for urgent support: MIS incidents affecting grant closures","Service/Process Failure","70"
"INC1121768","CLASS 6 (6.14 )Modifications on PRO-TRY-2025-5169393","Application Function Issue","80"
"INC1137341","Please help me change budget for   MDA-POL-2024-3974388","Access Grant Request","85"
"INC1136858","No ToRs, now documents at all for PRO-KAZ-2018--1877960327 | Kaspio Plast, TOO: Implementation of th","Application Function Issue","70"
"INC1127358","2# Migration - Need assistance on project PRO-ALB-2025-1882114119 - Project Documentation & Green Tr","Employee Onboarding","60"
"INC1086999","CLASS 13 Please help to raise the tasks for mdas MDA-TJK-2023-1344610951 &MDA-TJK-2024-9516809","Access Grant Request","90"
"INC1138515","I need to 'edit enterprise' so that I can update the enterprise information  - Seabex Middle East An","Access Grant Request","85"
"INC1099539","Class12-Rejected general expenses task as MDA was fully paid by HQ: MDA-POL-2023-1344853289","Application Function Issue","75"
"INC1118287","CLASS 6 (6.3)Change grant & WB PRO-WBG-2025-1345266933","Application Function Issue","80"
"INC1080517","CLASS 8 Please help change MDAs (x3) with status completed to status fully disbursed.","Application Function Issue","70"
"INC1145349","FW: Appain team:  [OU] PRO-UZB-2025-10639463","Application Function Issue","80"
"INC1090709","CLASS 12 Could not add beneficiaries to GAP in BAS MIS GAP-TKM-2025-15059804","Application Function Issue","90"
"INC1132206","APP-2946 2# Consultant approval","Application Function Issue","70"
"INC1113041","CLASS 6 (6.16) Start date and end date change in MDA -  MDA-TRY-2023-539900554","Application Function Issue","95"
"INC1069897","CLASS 6(6.3) Wrong Grant % PRO-LEB-2025-5080773","Application Function Issue","95"
"INC1136807","[OU] Missing Documents for Engage Consultings - Appian","Application Function Issue","85"
"INC1139142","Assign task "L1 Approve Consultancy" for consultant "FILIP CVEJIĆ PR ROSEF ENGINEERING" to Miladinov","Access Grant Request","95"
"INC1060281","Class 14 : MIS error -entries in MIS GEO-3986884 and GEO-1345131075 are not shown in SAP","Application Function Issue","90"
"INC1095156","I cannot access my account. I several times tried password renewal but have not received the e-mail ","Password Reset","85"
"INC1075808","CLASS 14 PRO-TUN-2022-807592328 -  change the project impact score","Service/Process Failure","80"
"INC1141327","I need to override/change the "Expected Start Date" PRO-KGZ-2025-39564 | WIB: Strategy for Ulan Duko","Application Function Issue","95"
"INC1127379","2# CLASS 14  Final signed GA task missing for  PRO-MNE-2025-5624495","Application Function Issue","90"
"INC1142153","APP-3365 The VAT doubled when posting  payment in   MDA-MDA-2025-5161159","Application Function Issue","95"
"INC1133674","APP-2889- Missing or wrong information for evaluation of PRO-GRC-2023-1344729581","Application Function Issue","90"
"INC1135762","APP-3183 Can you update the start date to 18th of August in this project PRO-JOR-2025-9772788","Application Function Issue","95"
"INC1068981","Bug - I can't find 65000958 commitment number on the drop-down","Application Function Issue","90"
"INC1102372","CLASS  14 Commitment number issue - PRO-LEB-2025--1875996732","Application Function Issue","85"
"INC1137304","Missing task for project on MIS - PRO-LEB-2024-7464759","Application Function Issue","80"
"INC1096628","CLASS 6(6.6)  Change of  commitment number for   PRO-SRB-2024--2145004499","Application Function Issue","85"
"INC1059646","Class 6(6.14) : PRO-UKR-2023-1613073451 enable to add checklists","Application Function Issue","90"
"INC1099215","CLASS 8 -Unable to upload a document to an MDA    MDA-MNG-2024-1882015787","Application Function Issue","85"
"INC1097132","CLASS 13  MIS project PRO-WBG-2024--1876058247","Service/Process Failure","75"
"INC1136332","Need to re-trigger the completion task: PRO-KGZ-2024--1876209341 | CRM System Development for Med in","Application Function Issue","80"
"INC1095675","CLASS 6 (6.16) Change in expected completion date of a project PRO-TRY-2024-5390327","Service/Process Failure","70"
"INC1130871","2# Missing task for PRO-LEB-2024-7464759 | Innov-R&D-cohort6-Design of a Multi-channel AI Chatbot fo","Application Function Issue","85"
"INC1075489","User cant see the Ask a question task in EGP MIS","Application Function Issue","90"
"INC1133641","APP-3048 - project 5190: remove existing tasks and re-trigger task "Identify SIAs"","Application Function Issue","95"
"INC1128363","2#(C) task: "Complete Local Consultancy Project: ERP Development for Alico SAL  Data Entry" I put th","Application Function Issue","80"
"INC1075946","Class 8: Uploading documents in the MIS.","Application Function Issue","85"
"INC1136442","APP-3190 Task not working for MDA-BGR-2025-6447745","Application Function Issue","85"
"INC1127535","5# During the migration of MIS (Appian) to the new version for project PRO-SRB-2024-7398411, a previ","Service/Process Failure","70"
"INC1128292","2# During the migration of BAS MIS to the new version for project PRO-SRB-2024-7398411, a previously","Service/Process Failure","70"
"INC1101920","CLASS 6 (6.14) MIS - PRO-JOR-2025-6480343","Application Function Issue","70"
"INC1096992","CLASS 6(6.16) Change in expected completion date of a project PRO-TRY-2024-1345013419","Service/Process Failure","80"
"INC1127555","2#During the migration of MIS (Appian) to the new version for project PRO-SRB-2025-1345200, a previo","Application Function Issue","75"
"INC1133604","APP-3053[URGENT] - Urgent Correction Needed – Budget Discrepancy for MDA-POL-2024-4974918","Security Violation","60"
"INC1129239","2#(C)KPI REQUIRED BUT CAN NOT BE ENTERED (SEE SCREESHOT)","Application Function Issue","85"
"INC1118402","CLASS 14 Can't upload any documents to the Tillo Domor PE in MIS","Application Function Issue","95"
"INC1119747","CLASS 8 completion task was not assigned for the MDA WiB Mentoring Mongolia 2024 MDA-MNG-2024-133927","Access Grant Request","85"
"INC1098109","Changing the project name","Application Function Issue","90"
"INC1095507","CLASS 14 entry ROU-1345218174","Application Function Issue","90"
"INC1117721","CLASS 6 (6.14) Need to replace the document in project dashboard  PRO-KGZ-2025-15083092","Application Function Issue","90"
"INC1090744","Please activate TCRS accounts for Anton Usov and Minjee Nayanjin","Access Grant Request","95"
"INC1130463","2#APP-2866 misssing the evaluation task PRO-GRC-2023-80828687 Completion value not visible","Application Function Issue","85"
"INC1145308","I can not  log in to the old MIS. I need to get the contacts of the companies from there.Christian C","Access Authentication Failure","90"
"INC1065571","Class 14 : BAS MIS system - request to add documentation","Access Grant Request","80"
"INC1130934","ClientNet / TCRS app - internal server error","Service/Process Failure","90"
"INC1127443","APP-2969 - 2#(C) For  PRO-MKD-2023-1344861163 | Marketing Consultancy for HeyReach, there are severa","Application Function Issue","85"
"INC1137348","APP-3219 Please help fix: Error evaluating UI expression for MDA-POL-2024-10545439","Application Function Issue","90"
"INC1139290","[OU] Grant Amount Correction  PRO-WBG-2024-6370419","Access Grant Request","95"
"INC1122169","CLASS 13 My user profile name correction","Application Function Issue","75"
"INC1130925","2# APP-2889 Project evaluation rating is calculated incorrect PRO-TJK-2023--1607932211","Application Function Issue","80"
"INC1061207","Class 6(6.14) : Need to replace the document in MIS: PRO-KGZ-2024-9527070","Application Function Issue","80"
"INC1116554","CLASS 13 An issue with MIS transactions","Application Function Issue","80"
"INC1097284","One of the projects (frameworks) that i am OL, does not appear in clientnet, which prevents me to cl","Application Function Issue","80"
"INC1069836","CLASS 6(6.3)[OU] RE: Change Grant Values PRO-WBG-2024-5515424","Application Function Issue","80"
"INC1101845","CLASS 13 Project Evaluation Issue PRO-LEB-2023--1876385351)","Application Function Issue","80"
"INC1079048","CLASS 12 Some of the project dashboard features and tasks are missing for the project  PRO-MNG-2024-","Application Function Issue","85"
"INC1145346","PRO-JOR-2023--1339514694 please push the evaluation task","Access Grant Request","75"
"INC1119739","CLASS 13 MDA-MKD-2025-1345230735 I would like to change the primary objective of one Market Developm","Application Function Issue","80"
"INC1062690","Class 14  : Correction request PRO-TRY-2024-4879627","Application Function Issue","90"
"INC1116967","As an OL, I am not able to see the Operation ID 54255 on ClientNet.","Access Authentication Failure","80"
"INC1095868","CLASS 6 (6.16 ) Change in expected completion date of a project PRO-TRY-2024-10499124","Service/Process Failure","70"
"INC1101842","CLASS 13 Project Evaluation task issue (PRO-LEB-2023-1076676963","Application Function Issue","60"
"INC1095315","CLASS 12 Unable to increase earmark 65001700","Access Authentication Failure","50"
"INC1101433","CLASS 12 MDA Star Venture BMT AVVAL - Mobilefest in Istanbul MDA-TJK-2025-1882111353 -task did not c","Service/Process Failure","40"
"INC1137829","TCRS ACCESS","Access Authentication Failure","80"
"INC1113431","CLASS 8 I cannot modify a consultant and upload docs Nestor Consulting SA'","Access Grant Request","70"
"INC1071571","CLASS 6(6.16) In BAS MIS, for MDA-SRB-2024-21447185-28     A1 Partnering - Empowering corporate-star","Application Function Issue","90"
"INC1100961","CLASS 7 Urgent MIS tool not available","Service/Process Failure","85"
"INC1134781","APP-3095 - New MIS- MDA Issue","Application Function Issue","85"
"INC1096277","CLASS 13 cannot find consultant Zhaksybai A.O.,PE","Access Authentication Failure","75"
"INC1118158","CLASS 6 (6.6) kindly urgently assist with changing PRO-EGY-2024-1344931241 Earmark from "65001924" t","Application Function Issue","95"
"INC1080010","CLASS 12 Task not showing on MIS - PRO-LEB-2025--1876034680","Application Function Issue","90"
"INC1075473","Class 12: BAS MIS blocked while entering project","Application Function Issue","85"
"INC1092078","CLASS 13 BAS MIS system - delete enterprise","Application Function Issue","80"
"INC1138247","APP-3243 Enterprise YUTEX" The MIS is requesting a long list of KPIs all mandatory some are being re","Application Function Issue","75"
"INC1127292","CLASS 14 I need to make evaluation of the project, but the task is not there for evaluation. PRO-TKM","Application Function Issue","85"
"INC1073600","[OU] MIS glitch - EGP Project: Societe Atelier du Meuble Interieurs II","Application Function Issue","90"
"INC1135325","APP-3118 - Unable to find consultant profile for project design on new MIS interface - project PRO-L","Application Function Issue","95"
"INC1145371","signed contract for MDA-Poland-2025-6127 was uploaded, but MDA still shows as 'contract upload pendi","Service/Process Failure","80"
"INC1074544","CLASS  11 Release project evaluation task for PRO-ALB-2023-808331115","Application Function Issue","80"
"INC1126996","2(B)# Error issues after migration - LC x 3","Application Function Issue","90"
"INC1139619","MIS error on project dashboard: PRO-GEO-2023--1607924290","Application Function Issue","95"
"INC1111581","CLASS 6 (6.3)PRO-LEB-2025-1345257705 to adjust BAS contribution to 100%","Application Function Issue","85"
"INC1139385","NEW BAS MIS - missing part of profile","Application Function Issue","90"
"INC1135222","APP-3111 - The Project title is missing WiB in the begining","null","null"
"INC1090912","log in credentials invalid","Access Authentication Failure","95"
"INC1145391","please delete this: MDA-Poland-0-6182","Access Grant Request","85"
"INC1134556","APP-3084 - Unable to replace or delete ad-hoc document for consultant on new MIS","Application Function Issue","90"
"INC1109063","CLASS 14  help me change project dates: PRO-POL-2025--2144600677","Access Authentication Failure","80"
"INC1109622","CLASS 6 (6.3)MIS Cost Share Modification PRO-LEB-2025-1882150570.","Access Grant Request","85"
"INC1071494","CLASS 14 Task Error - PRO-LEB-2025--1876034677","Application Function Issue","90"
"INC1145387","please trigger contract upload task for MDA-Poland-2025-6123","Access Grant Request","95"
"INC1095221","CLASS 6 (6.2) MDA Star Venture BMT AVVAL - GITEX AFRICA 2025 MDA-TJK-2025-1882111353 - the title and","Application Function Issue","85"
"INC1087982","Class 6.3 - Changing the BAS percentage for PRO-LEB-2025--1876032853","Application Function Issue","90"
"INC1118376","CLASS 12 have registered an enterprise via BAS but cannot find it "Afrim Tarashaj B.I."","Application Function Issue","80"
"INC1091360","Please, can you generate the budget report for  MyMonSource LLC I, ID 5009","Application Function Issue","90"
"INC1096256","CLASS 13 Cannot accept task PRO-BIH-2023-1344862242","Application Function Issue","85"
"INC1139734","No evaluation task for PRO-TJK-2023-1881717786","Application Function Issue","80"
"INC1134575","APP-3085 - MDA initiation Add documents through "Manage documents" is not working","Application Function Issue","95"
"INC1097817","CLASS 12 Error with KPI - evaluation for project  PRO-UKR-2023-3601924","Application Function Issue","85"
"INC1141822","Couldn't create an Enterprise Zernovaya Company LLC - an error msg appearing (see attached)","Application Function Issue","80"
"INC1055657","Class7-Forgotten password","Password Reset","90"
"INC1074494","CLASS 6(6.3)Modify the BAS overall cost to 100% for project: PRO-LEB-2025-4003466","Application Function Issue","70"
"INC1089038","CLASS 6 (6.16)MDA End date amendment MDA-MDA-2024-1344905119","Application Function Issue","70"
"INC1133248","APP-3019 - MDA-BGR-2025-1882160965 task not working","Application Function Issue","70"
"INC1068137","CLASS 6(6.3)There is a project that should be covered at 100% andit is only at 90%","Application Function Issue","95"
"INC1127436","2#(C) MIS KPIs for project creation","Application Function Issue","85"
"INC1133268","2# Trigger evaluation task for  PRO-GRC-2023-1344729581","Application Function Issue","90"
"INC1100357","CLASS 6 (6.16) Please amend the  MDA-EGY-2025-5573057 - Champions Programme - Assessment of the CBE'","Application Function Issue","80"
"INC1133576","APP-3041 - 2# Two issues - Save and close doesn't work, external investments duplicate","Application Function Issue","90"
"INC1101144","CLASS 7 Issue with MIS BAS","Application Function Issue","90"
"INC1062888","Class 14 : MDA-LEB-2025-21446402-33 - Consultant Fees Modification on MIS","Application Function Issue","85"
"INC1061700","Class 14 : MDA-POL-2024-3974388 MIS - Return TaskRequest","Application Function Issue","80"
"INC1128827","2#APP-2886 EXPERT ERROR error message in conception","Application Function Issue","95"
"INC1129538","2# APP-2892CANNOT RECORD MDA" MDA-Azerbaijan-2025-6120"","Application Function Issue","85"
"INC1137468","APP-2901Error in generating/opening the GA - PRO-XKX-2025-39515","Application Function Issue","90"
"INC1139346","Please trigger project evaluation task for following project: PRO-GEO-2023-808062043","Service/Process Failure","80"
"INC1100846","Delete 2 tasks from a International advisory project","Service/Process Failure","75"
"INC1139727","no evaluation task available for PRO-KAZ-2023-3539112 | SAF Keme,TOO: IMPLEMENTATION OF GPP SYSTEM I","Service/Process Failure","90"
"INC1062223","Class 12 : TASK is not shown on project dashboard for PRO-EGY-2025-5046519 Multi Cavities Mold Desig","Application Function Issue","85"
"INC1065454","Class 14 : PRO-GRC-2024-9556003 Re-assigned a task GRC-9705182","Service/Process Failure","85"
"INC1139060","The task has been disappeared. Please assign the task again to L1 approver for the project completio","Service/Process Failure","80"
"INC1138696","APP-2901 GA-PRO-SRB-2025-39460, MIS cannot generate GA","Application Function Issue","90"
"INC1139041","no tasks were assigned. please assign a task to L1 approver for MDA-MNG-2024-1613364205","Service/Process Failure","75"
"INC1139035","Task has been disappeared, please assign a task for L1completion approval for MDA-MNG-2024-21450070-","Access Authentication Failure","80"
"INC1139040","Could you please push the evaluation task for project PRO-JOR-2024-1881769561","Access Grant Request","90"
"INC1099173","Class6-6.14-Please upload checklists under the project PRO-UKR-2023-3590477 and replace the Exhibit ","Application Function Issue","70"
"INC1138789","Urgent - I don't have acces to the evaluation task for several LCs.","Access Authentication Failure","95"
"INC1094958","Broken DWH reports","Service/Process Failure","85"
"INC1084925","CLASS 6 (6.16) BMT end date should be changed","Application Function Issue","85"
"INC1143702","For MDA-North Macedonia-2025-6158, for task: Upload Contract Document and Confirmed Signed Contract:","Application Function Issue","80"
"INC1128569","2# (C) KPI issue Consultant is active, shows as draft and cant be selected as consultant for the pro","Application Function Issue","90"
"INC1057460","Class 6(6.1) : Change  the data and ToR in BAS MIS -PRO-ARM-2024-6371333","Application Function Issue","85"
"INC1129625","2#(C) KPI ISSUE Glitch PRO-WBG-2024-3948432","Application Function Issue","90"
"INC1127785","4# Error accessing documents of Enterprise during L1 Approver check of the project AHIRIDDIN MUHAMMA","Access Authentication Failure","80"
"INC1128288","2#(C) PRO-EGY-2025-1345275537 - The Green KPI disappeared from the KPI dashboard of the project","Application Function Issue","90"
"INC1145397","PRO-TRY-2025-5169393 Update of Dates","Application Function Issue","85"
"INC1100167","CLASS 6 (6.3)The grant % is wrong PRO-LEB-2025-4039182","Application Function Issue","95"
"INC1130731","2# Wrong Completion Date on dashboard for LC project PRO-MKD-2024-1882045888","Application Function Issue","90"
"INC1101386","The task is with the NPM on the dashboard, but it is inaccessible for the project ID 4,870 Doctor Au","Application Function Issue","85"
"INC1090941","Missing task for Golden Bridge Partners LLP I (ID 5088)","Application Function Issue","75"
"INC1139190","[OU] Missing documents for Consultant on appian , please migrate","Application Function Issue","90"
"INC1130200","2# Completion tasks not assigned","Application Function Issue","60"
"INC1135294","APP-3117 - PRO-MKD-2024-1882045888-Correction of Completion and Evaluation data on project dashboard","Application Function Issue","95"
"INC1081627","CLASS  13 Wrong KPI","Application Function Issue","80"
"INC1129253","2# Update Project PRO-EGY-2024-9659312 kindly generate a completion task","Application Function Issue","85"
"INC1127204","4# Getting an error message when trying to create new enterprise","Application Function Issue","90"
"INC1140216","APP-3232 MIS error on project dashboard: PRO-GEO-2023-808062043","Application Function Issue","95"
"INC1140711","APP-2889 Evaluation impact zero","Application Function Issue","95"
"INC1092076","CLASS 13 Please kindly correct the KIP for an evaluation on MIS PRO-TUN-2021-1880748394","null","null"
"INC1143176","4737 - Zaman Tours I Evaluation Task","Service/Process Failure","80"
"INC1091942","CLASS 6 (6.3) PRO-LEB-2025-10637301 ClimateInnov—Composite Materials Formulations for Development In","Service/Process Failure","80"
"INC1127374","2# PRO-KAZ-2024-5516188 - Cannot go further with project completion task:","Service/Process Failure","80"
"INC1065364","Class 6(6.3) : PRO-LEB-2025--2144639193 to amend BAS contribution to 100%","Service/Process Failure","80"
"INC1119805","CLASS 13 Transactions from MIS could not feed into SAP","Service/Process Failure","80"
"INC1079292","CLASS 8 Please, upload two cheklists under the project PRO-UKR-2024-1613305402","Application Function Issue","85"
"INC1117535","CLASS 6 (6.3.6.14)PRO-TRY-2025-5169393 Grant % and ToR Document, price offer document","Access Grant Request","75"
"INC1136940","APP-3202 [OU] NEW MIS- Enterprise data update","Application Function Issue","90"
"INC1101936","CLASS 8 PRO-EGY-2025-1345229983 ,I was trying to edit my comment dated 26/05/2025 on this conception","Application Function Issue","80"
"INC1111938","Class6-MDA did not start in the system","Application Function Issue","95"
"INC1130171","Unable to record MDA","Application Function Issue","90"
"INC1144289","APP-3393 a completed project is shown as ongoing","Application Function Issue","85"
"INC1109025","CLASS 6 (6.14) update on PRO-TRY-2024--2144765939","Application Function Issue","75"
"INC1097696","CLASS 6 (6.16) Change in expected completion date of a project PRO-TRY-2024-10499641","Application Function Issue","80"
"INC1134596","APP-2889- Unsatisfactory rating for the projects","Application Function Issue","95"
"INC1092133","Assistance Required for Monthly Financial Reports on MIS MFR Warsaw","Service/Process Failure","80"
"INC1129702","APP-3013 - 2# Unable to complete consultant registration","Application Function Issue","90"
"INC1086236","the report with previous submission won't get downloaded","Application Function Issue","85"
"INC1085446","Class 12: Error in balance - MFR for Almaty","Application Function Issue","95"
"INC1138066","for the consultant QENDRA " BALANCE " Albania all documents are missing in the new MIS, please migra","Application Function Issue","80"
"INC1141892","APP-3302 - New LC project creation","Application Function Issue","95"
"INC1055138","Class 7 : Taks not responding MDA-HRV-2025-5021226","Application Function Issue","90"
"INC1087419","CLASS 6 (6.3) MIS Issues -Update document + cost share","Application Function Issue","85"
"INC1141891","[OU] FW: Appian ISSUE PRO-EGY-2025-39489","Application Function Issue","75"
"INC1096230","CLASS 6 (6.3) MIS project dashboard malfunction PRO-POL-2025-5150990","Application Function Issue","90"
"INC1129275","URGENTAPP-3314, APP-3232, 4# New system errors / project PRO-UZB-2025-9745571 / PRO-UZB-2025-5631274","Application Function Issue","80"
"INC1128114","URGENT APP-3036 - 2# i have received an approval task for L1 approval,for MDA-ALB-2024-5324461.When ","Access Grant Request","65"
"INC1142320","APP-3338 Request for MDA Status Correction and Documentation Migration","Application Function Issue","85"
"INC1086566","Please, can you move the project for the Final Visit stage TECHNO-CENTER LLC I, ID 5028. There are n","Application Function Issue","75"
"INC1102761","CLASS 6 (6.14) Please add this file under project dashboard PRO-UKR-2023-3590477. Previous one doesn","Application Function Issue","80"
"INC1087222","CLASS 13 MDA add beneficiaries - task unclickable MDA-MDA-2024-5258012  ?","Application Function Issue","90"
"INC1140665","Missing task - Completion Pending L1 Approval for PRO-MKD-2023-1344861163","Access Grant Request","80"
"INC1141881","APP-2889 PRO-EGY-2023--1876357545 (Human Resources Management for International Pack)","Application Function Issue","70"
"INC1081143","CLASS 12 Error when creating MDA","Application Function Issue","70"
"INC1108929","CLASS 14 edit consultant on MIS "MAGECOM UK LIMITED"","Application Function Issue","70"
"INC1128043","APP-2974 - 3# Data migration on Appian - Eva Komov to be transferred to Eva Korom","null","null"
"INC1133538","APP-3042 - Error doc upload","Application Function Issue","95"
"INC1138608","APP-3235 Cannot update enterprise details iForm d.o.o. Siroki Brijeg.","Application Function Issue","90"
"INC1140950","APP-3337 Cannot open IA Project named SIGI II","Application Function Issue","95"
"INC1098803","CLASS 13 Need to change KPIs in PRO-POL-2025—2144600677, Zotina Fitness","Application Function Issue","85"
"INC1103855","CLASS 6(6.16) Date modification 6(6.14) Document replace Modifications on GAP-TRY-2025-6475832","Application Function Issue","80"
"INC1086057","CLASS 6 (6.16)Change a start date in a MDA","Application Function Issue","90"
"INC1137714","APP-3227(Document Utility) PRO-KAZ-2024-4917625 - there are no documents on the project dashboard","Application Function Issue","85"
"INC1077994","Class 8: BAS MIS - request for deletion of documents","Access Grant Request","75"
"INC1134640","APP-3086 - Error creating company in MIS","Application Function Issue","95"
"INC1086425","MSME Task Report not accessible","Service/Process Failure","80"
"INC1140973","PRO-ALB-2023--1876415602 no evaluation task","Service/Process Failure","70"
"INC1136924","APP-2889 Bad evaluations for existing projects","Application Function Issue","85"
"INC1089846","Class6.16-MDA start date change - MDA-POL-2025-5548021","Service/Process Failure","75"
"INC1103058","CLASS 8 the task was disappeared on TEAM Consultancy LLC. The ticket was already created. but has no","Application Function Issue","60"
"INC1140959","Please release evaluation task for PRO-ALB-2023-1076710808","Access Grant Request","80"
"INC1136883","no ER task available for sPoint, TOO: PRO-KAZ-2023--1607702971","Service/Process Failure","70"
"INC1095647","CLASS 12 Unable to start new MDA","Application Function Issue","90"
"INC1090106","CLASS 8 MIS GAP Entry GAP-TRY-2025-7528070","Application Function Issue","85"
"INC1140281","Task to start LC project evaluation is missing","Application Function Issue","95"
"INC1093877","CLASS 6 (6.11) Can't remove beneficiary duplicates from MDA dashboard MDA-BGR-2024-9573697","Application Function Issue","90"
"INC1133508","APP-3043 - 2# Migration error - documents missing  Gjirafa, Inc - Dega Në Kosovë:","Application Function Issue","80"
"INC1076490","CLASS 6(6.14)Please, remove old ToR and Covenant of Integrity from 07.03 under the project PRO-UKR-2","Application Function Issue","90"
"INC1133997","MDA completionsMDA-MAR-2025-9724123 &  MDA-MAR-2025-6507193","Application Function Issue","85"
"INC1073171","CLASS 6( 6.2)BAS cost amount on the project dashboard differs from one in the Disbursement task. Ple","Application Function Issue","80"
"INC1135786","APP-3179 MDA beneficiaries missing MDA-MDA-2024-4861501","Application Function Issue","95"
"INC1117952","CLASS 13 Not able to reverse a transaction in MIS","Application Function Issue","75"
"INC1133643","PRO-EGY-2024-4818592","Application Function Issue","80"
"INC1060709","Class 6( 6.4) : Mistake in MIS -MDA-MDA-2024-5500363","Application Function Issue","70"
"INC1102440","Class 12: Bug in earmark (= 0 EUR) - PRO-MAR-2025-1882148828","Application Function Issue","90"
"INC1134752","APP-3094 - Revert "update consultancy"","Application Function Issue","95"
"INC1131153","APP-3044 - 2# Missing documents on appian - Thirty North Llc","Application Function Issue","85"
"INC1083155","ClientNET duplicates documents uploaded by client","Application Function Issue","90"
"INC1109551","CLASS 6 (6.16)Actual star date won't appear on Project dashboard PRO-MAR-2025-1882148828","Application Function Issue","95"
"INC1128452","APP-2947 2#(C)KPI ISSUE Enterprise name: Goldberg Industries LLC Project: PRO-XKX-2025-39481","Application Function Issue","90"
"INC1076275","CLASS 12 MIS Task went missing","Application Function Issue","85"
"INC1137001","APP-3199 Missing information for mid-term visit and task  for the International Advisory project KAM","Application Function Issue","90"
"INC1130092","Can't upload contract for an approved GAP.","Application Function Issue","80"
"INC1129255","APP-2881 2#(B)unable to remove and upload documents on consultant dashboard Consultancy: Elsayed Saa","Application Function Issue","95"
"INC1130456","APP-2881 2#(B) Unable to add documents on pre-existing consultant profile","Application Function Issue","95"
"INC1131911","[OU] Missing Enterprise documents on appian  "Thrirty North LLC"","Application Function Issue","85"
"INC1059704","Class 6(6.14) : Documents on BAS MIS Project dashboard mixed up  PRO-AZE-2024--2144990607","Application Function Issue","80"
"INC1130587","APP-2881 2#(B) I cannot upload docs for ''Business Elements'' consultant.","Application Function Issue","95"
"INC1074733","Class 8: Error -Please update the enterprise name","Application Function Issue","90"
"INC1131927","2# For PRO-JOR-2023-1076568280, no task has been created. Please proceed with pushing the evaluation","Application Function Issue","85"
"INC1063979","CLASS 6(6.14) PRO-KAZ-2024-1613551151 : We can not upload or update the documents at the the project","Application Function Issue","90"
"INC1129394","APP-2881 2#(B) documents uploading issue CONSULTANT:  AL RAFI for Technology Solutions","Application Function Issue","95"
"INC1129480","APP-2881 2#(B) Unable to add documents for consulting company Cycle","Application Function Issue","95"
"INC1098770","CLASS 13 Cross cutting issue 'Gender' missing for the project PRO-SRB-2024--1876058461, Neuroblast","Service/Process Failure","80"
"INC1129474","APP-2881 2#(B) Upload documents Error message on appian","Application Function Issue","95"
"INC1074215","CLASS 6 (6.14) PRO-TJK-2025-6429787 -please delete the ToR (see attached)","Application Function Issue","90"
"INC1103067","Request Business Matching Visit task to be deleted for EGP Project: Polimaster Europe UAB I","Application Function Issue","85"
"INC1128526","APP-2881 2#(B) Unable to upload new documents for approved consultants","Application Function Issue","95"
"INC1130645","2#(B) cannot upload a pdf file to Enterprise Temirservice Astana Llp","Application Function Issue","95"
"INC1127212","APP-2881 #(B) Issue on the consultant update (compliance solutions Morocco)","Application Function Issue","85"
"INC1130855","APP-2881 2#(B) MIS issue "Upload document issue for Consultant" : AAMO Consulting LLC, Dat Consultin","Application Function Issue","80"
"INC1127607","2#(B) MIS - documents upload to project dashboard PRO-KAZ-2024-3700990 |","Application Function Issue","75"
"INC1111483","CLASS 6 (6.3) PRO-LEB-2024--2144686600 to amend BAS contribution to 100%","Service/Process Failure","70"
"INC1127624","APP-2881 2#(B) I can't upload ad-hoc documents for Consultancies","Application Function Issue","95"
"INC1127494","2#(B) Error when uploading documents to Enterprise Bbs Trade Limited Liability Partnership","Application Function Issue","90"
"INC1129569","APP-2881 Consultant dashboard documents are not linked to mandatory documents, they just uploaded as","Application Function Issue","85"
"INC1134388","i cant go through the completion task GAP-EGY-2024-1613375825","Application Function Issue","70"
"INC1054588","Class 12 : Urgent MIS Issue: MDA-POL-2024-3974388","Service/Process Failure","60"
"INC1059254","Class 6(6.3) : PRO-TRY-2025-5533925 Manualgrant percentage in Reconstruction project","Access Grant Request","95"
"INC1075671","CLASS 6 (6.4)Increase in the cost share from 90 to 100%","Access Grant Request","95"
"INC1075398","Class 6.3: Increasing the cost share form 90 to 100%","Access Grant Request","95"
"INC1055596","Don't have access to it on ClientNet","Access Authentication Failure","90"
"INC1085271","CLASS 6(6.14) Replacement of document","Access Grant Request","85"
"INC1136955","Migrate all data for a consultant Kosovo - "BBROS L.L.C"","Access Grant Request","80"
"INC1137095","APP-3197 These two projects have been disbursed and completed but still have on-going status in MIS:","Application Function Issue","90"
"INC1093553","CLASS 6 (6.2) MDA budget is not correct","Application Function Issue","85"
"INC1080365","Task removal -project DoganlarI MIS ID:5026","Application Function Issue","80"
"INC1127782","2# Cannot upload a document on the BAS MIS project dashboard.Project details:PRO-KGZ-2025--187596974","Application Function Issue","95"
"INC1127968","2#(B) Unable to Add Ad Hoc Documents in New MIS -urgent registration","Application Function Issue","85"
"INC1110803","[OU] FW:  `PRO-EGY-2025-1345230920","Application Function Issue","80"
"INC1129916","2# Can't upload files (zip.) while trying to do a project completion - PRO-UNK-2025-6481063","Application Function Issue","90"
"INC1091388","CLASS 13 MDA details update on MIS MDA-POL-2025-7527835","Access Grant Request","70"
"INC1095796","CLASS  2 Missing info in submitted for approval  project  PRO-GRC-2025-1882130538","Application Function Issue","85"
"INC1131945","2# [OU] Evaluation task missing on Appian PRO-EGY-2023--2145163406","Application Function Issue","75"
"INC1054714","Please update the enterprise name from "Liberty Internationl Textile" to "Liberty International Text","Application Function Issue","85"
"INC1078730","CLASS 6(6.16)The ongoing date on the dashboard was changed. It is error. The start date was 11 Novem","Application Function Issue","90"
"INC1138040","Not receiving covenants notifications - client Sparkasse Bank dd","Application Function Issue","75"
"INC1085931","CLASS 6 (6.16) Consultant contract end date is not correct","Application Function Issue","80"
"INC1135940","APP-3176 Missing documents and deliverables RO-BGR-2024-10581019 &  PRO-BGR-2024-1882033366","Application Function Issue","95"
"INC1075751","CLASS 12 MDA-KAZ-2024-1076848363 - request to enable "Add Beneficiaries" tab","Access Grant Request","90"
"INC1130621","APP-3009 - Request for deleting certain docs for project PRO-BIH-2024-10580200","Application Function Issue","90"
"INC1110545","Broken DWH reports","Service/Process Failure","85"
"INC1128554","APP-3031 - 2# A newly registered in the updated MIS and approved consultant appearing at Draft stage","Application Function Issue","95"
"INC1128505","2#(B) Help to add ad-hock documents to the MDA-Tajikistan-2025-6107","Application Function Issue","85"
"INC1073655","CLASS 12 Missing task","Application Function Issue","80"
"INC1054021","Class 14 : Urgent request to delete transaction KAZ-5003670","Access Grant Request","75"
"INC1130154","2# I just don't see document of enterprise Amaliy Samara Family Enterprise","Application Function Issue","70"
"INC1070469","CLASS  6(6.11)Delete list of beneficiaries from MDA From number to money training for SMEs in Romani","Application Function Issue","65"
"INC1071251","CLASS 6 (6.3)The cost of project has been amended, the BAS cost need to be changed accordingly.","Service/Process Failure","80"
"INC1109006","CLASS 13 PO Approval task not generated (MDA) MDA-TRY-2025-18759815-97","Service/Process Failure","85"
"INC1084664","CLASS 8 MDA-TJK-2025-1882111353 - the total cost is not reflected on the dashboard","Service/Process Failure","90"
"INC1095452","CLASS 13 For Project  PRO-GRC-2024--2145063177 correction of General Data","Service/Process Failure","75"
"INC1133603","Project Evaluation Issue PRO-LEB-2023-134486041","Service/Process Failure","60"
"INC1133612","APP-3052 - Participants for  MDA-GRC-2025-9747618 disappeared after submission for completion","Application Function Issue","95"
"INC1084585","CLASS 6 (6.3) Change the max grant % from 90% to 100%.","Access Grant Request","90"
"INC1132502","APP-2936 - 2# Unable to add consultancies registered in other geographies to MDA MDA-Azerbaijan-2025","Application Function Issue","85"
"INC1097209","Oracle password expired","Password Reset","95"
"INC1076724","LTA - Long term absence report - Nadezhda Litvac--Please revoke oracle access","Access Revoke","95"
"INC1074547","LTA - Long term absence report - Nadezhda Litvac--Please revoke Oracle access","Access Revoke","100"
"INC1101366","I need DET access for business purposes which requires Oracle account.","Access Grant Request","100"
"INC1115932","LTA - Long term absence report - Symbat Kurmangaliyeva--Please revoke Oracle access","Access Revoke","100"
"INC1145210","Laptop old and slow","Hardware","100"
"INC1072729","CMD Terminal Issue in Istanbul RO","Application Function Issue","100"
"INC1123068","UK Mobile - e-SIM installation","Access Grant Request","100"
"INC1066711","IT issues_laptop charger and headphones","Hardware","95"
"INC1125236","LT10418 - Issues with the laptop","Hardware","90"
"INC1142810","Replacement mac needed","Hardware","95"
"INC1118251","ASAP HELP NEEDED - Wifi and wire connection","Network","85"
"INC1142180","[OU] New Phone 16 - Old phone arrangement","Hardware","80"
"INC1059717","I can't find \\ULN1DTA1\PR0842","Service/Process Failure","70"
"INC1062689","Issue printing","Hardware","90"
"INC1053641","WS7783 does not turn on. after I turn it on, type bitlocker password and after that nothing happens.","Node/Device Down","95"
"INC1060433","My microsoft is acting weird. Printer not working ..Need urgent support please","Hardware","85"
"INC1109666","Need copilot  on MS office  and  install Croatia proofing language","Application Function Issue","90"
"INC1076297","LOST/STOLEN Mobile (COPE device/ BYOD)","Security Violation","90"
"INC1053064","Re: [OU] Bitlocker recovery key","Access Authentication Failure","80"
"INC1139496","Edge browser keeps poping up opening new tabs - Joining date 1st Sep 2025","Application Function Issue","85"
"INC1061900","IPM issue - Vardan Khachatryan","Application Function Issue","75"
"INC1144914","Printer 959 does not work in Warsaw RO, 17th floor, it does send for printing and shows error","Hardware","90"
"INC1098510","The SNL Add-In doesn't work when I try to run macros in Excel.","Application Function Issue","80"
"INC1079984","Dear Team, Engjellushe is experiencing an issue with her laptop.","Hardware","60"
"INC1053527","Laptop during leave","null","null"
"INC1093777","WS7784 - File synchronisation issue","Hardware","95"
"INC1106926","Broken phone","Hardware","90"
"INC1144215","Dear All, Could you please arrange for a brand-new laptop to be provided to Hassan, who is currently","Access Grant Request","85"
"INC1113591","It is not possible to get EBRD phone MD3929 working, probably it needs to get registration from the ","Hardware","80"
"INC1140848","[OU] EBRD SIM request","Access Grant Request","75"
"INC1071549","LTA - Long term absence report - Nevena Stevancevic--Please revoke J drive access","Access Revoke","95"
"INC1138417","Universal Hp Dock station  driver is not installed","Hardware","85"
"INC1077366","Request for Creation of Guest Account for Job Interviews","Access Grant Request","90"
"INC1113365","Cant login on another laptop","Access Authentication Failure","75"
"INC1059779","Need new laptop. Enter key is broken on laptop and needs a replacement. It stopped working about a m","Hardware","90"
"INC1095739","issue with Adobe","Application Function Issue","80"
"INC1118160","[OU] Hana Khaled - iPhone Invoice","Application Function Issue","80"
"INC1101888","Copilot potentially causing issues with saving documents, syncing and undo to the previous state","Hardware","70"
"INC1066804","User found Lost Sim Card need to Unblock the Sim Card","Access Authentication Failure","60"
"INC1058438","[OU] LT10418 - Bitlocker recovery key","Security Violation","50"
"INC1114237","Unable to launch adobe application or open any pdf file","Application Function Issue","90"
"INC1057425","Unable to login into EBRD laptop.","Access Authentication Failure","85"
"INC1115926","LTA - Long term absence report - Symbat Kurmangaliyeva","Employee Offboarding","90"
"INC1065532","Laptop overheating when connected to new screen","Hardware","85"
"INC1139400","[OU] Charger not working","Hardware","95"
"INC1069321","Can I request UK corporate Esim without corporate mobile","Access Grant Request","80"
"INC1089098","Laptop does not turn on","Hardware","95"
"INC1115768","corporative old Iphone 6","Hardware","85"
"INC1099328","Cannot copy link to MS forms I created","Application Function Issue","75"
"INC1105154","I received an iphone with icloud locked","Access Authentication Failure","85"
"INC1110734","Device SnowRecord","Hardware","90"
"INC1116735","Huseyin Ozhan's EBRD phone with UK phone number","Employee Onboarding","75"
"INC1129416","internet issue","Network","80"
"INC1111360","issue with an account","Access Authentication Failure","70"
"INC1073848","Adobe Reader error","Application Function Issue","80"
"INC1113932","[OU] Support Request – Work Mobile Battery Issue","Hardware","95"
"INC1123247","9  Donated laptops and 2 damaged laptops for RO Amman","Hardware","90"
"INC1106566","Headphones not working","Hardware","90"
"INC1061220","Ethernet adapter not working","Hardware","90"
"INC1125708","My PC works too slow, LAN doesn't work","Network","80"
"INC1069355","Istanbul , Baku want a list of assets for their local areas","Access Grant Request","70"
"INC1100901","Remove the devices under users name which are not being used anymore","Access Revoke","90"
"INC1129245","[OU] RE: New Laptop Request","Access Grant Request","80"
"INC1110902","Laptop overheating &blackout","Hardware","90"
"INC1104187","LT not working","Node/Device Down","70"
"INC1062098","LTA - Long term absence report - Iva Tustanovski--Please revoke J drive access","Access Revoke","95"
"INC1126576","My laptop trackpad is not working, I cannot click down.","Hardware","85"
"INC1143717","Cant access teams, outlook and OneDrive on spare laptop LT13413","Access Authentication Failure","80"
"INC1056419","logitech h650e not recognized","Hardware","85"
"INC1078748","a few issues with Outlook","Application Function Issue","75"
"INC1115718","LAN cable issue","Network","70"
"INC1054617","please assign LT14196 to Andreea Moraru","Access Grant Request","90"
"INC1124452","LT11639 is not connecting to printer PR0886","Hardware","95"
"INC1107462","Unable to connect to the external display -LT11783","Hardware","95"
"INC1077348","rebuild of LT11402","Store Rebuild","95"
"INC1077233","Unable to access Intranet - INC1071413","Network","85"
"INC1108111","IT Asset Donation - INC1103236","Security Violation","80"
"INC1130989","spilled water on docking station and its no longer working","Hardware","95"
"INC1053457","Excel crashes regularly","Application Function Issue","90"
"INC1121981","the laptop keeps crushing down and is very slow","Hardware","90"
"INC1090495","SNL office doe not work","Access Authentication Failure","80"
"INC1067341","Please help Kawtar rebuild those laptop","Store Rebuild","70"
"INC1081153","background wallpaper","Application Function Issue","60"
"INC1109532","Unable to connect to printer","Network","50"
"INC1137027","[OU] Patrick Carter Iphone SE Invoice","Security Violation","40"
"INC1098741","not able to copy and paste from/to in Team folders due to privacy matters as it states on the screen","Access Authentication Failure","30"
"INC1074441","Unable to access Intranet","Access Authentication Failure","90"
"INC1059366","Prints on RO printer PR0879","Application Function Issue","85"
"INC1136507","Digital sim card does not work after work phone went through the update","Hardware","75"
"INC1074989","LT11176, Laptop is still facing the same issue regarding the network connection","Network","80"
"INC1139027","Unable to login to M365apps and intranet","Access Authentication Failure","95"
"INC1104891","cannot acess to SAP from remote desktop","Application Function Issue","80"
"INC1077281","replacement of iPhone for Sebastian Pieta","Hardware","90"
"INC1113019","Unable to sign-in to outlook application on laptop","Access Authentication Failure","85"
"INC1114234","checkpoint issue on the laptop","Application Function Issue","80"
"INC1093815","SNL FI template is not working on my laptop","Application Function Issue","80"
"INC1054323","UK vodafone sim card lost. Need a replacement to be sent to Istanbul RO.","Hardware","95"
"INC1054645","Couldn't watch again today's Town Hall on a laptop?","Service/Process Failure","75"
"INC1112211","Files don't synchronizing","Service/Process Failure","70"
"INC1138566","macros are not working","Application Function Issue","90"
"INC1059180","Wiping Old G6&7 Laptops - INC1034383","Access Grant Request","85"
"INC1067917","Assign asset numbers to new  Almaty RO printers","Hardware","95"
"INC1139185","[OU] Iphone 16 Invoice - Carlos Alabama","Access Grant Request","80"
"INC1130957","Issues with login","Access Authentication Failure","95"
"INC1091384","Unable to connect to Docking station network.","Network","85"
"INC1108142","iPhone battery issue / battery replacement","Hardware","95"
"INC1071832","iPhone passcode reset","Password Reset","95"
"INC1107544","Issue with laptop camera","Hardware","95"
"INC1074686","Issue with outlook","Application Function Issue","85"
"INC1115794","Laptop Not Starting – Battery Fully Drained and Not Charging","Hardware","90"
"INC1100838","Laptop not working - LT12070","Hardware","80"
"INC1122549","Esim Swap","Hardware","75"
"INC1144906","issue with O2 eSIM card on corporate iPhone","Hardware","70"
"INC1126805","IT issue","Service/Process Failure","60"
"INC1110018","Account access","Access Authentication Failure","65"
"INC1144138","IOSEB KUMSISHVILI'S BITLOCKET ISLOCKED BPLEASE SEND INLOCK KEY  C1158CF3","Password Reset","85"
"INC1072293","Macros disabled","Application Function Issue","90"
"INC1063050","[OU] vpn app is down again","Node/Device Down","95"
"INC1058597","Monitor at HQ desk not working","Hardware","90"
"INC1106216","Lap top batteryvery weak","Hardware","80"
"INC1110057","Access to Microsoft Teams is blocked","Access Authentication Failure","85"
"INC1134444","LT14506 - Overall very bad performing computer. Mainly having outlook issues. Very slow, always not ","Service/Process Failure","75"
"INC1068552","Request for Creation of Guest Account for Job Interviews","Access Grant Request","95"
"INC1053970","laptop not properly working, few keyboard buttons do not work at all.","Hardware","90"
"INC1120330","Unable to access any site on Edge browser.","Application Function Issue","85"
"INC1069648","Printer - add device","Access Revoke","90"
"INC1107554","LTA - Long term absence report - Dana Yeskendirova--Please revoke J drive access","Hardware","95"
"INC1120824","Lost laptop - FOUND","null","null"
"INC1063829","The Excel is not working, it is constantly glitching and not responding","Application Function Issue","95"
"INC1109896","[OU] My laptop battery is heating up, slowing down machine, it has been now many months like that an","Hardware","90"
"INC1139371","Please prepare the back office system for LT10148","Service/Process Failure","85"
"INC1072281","Laptop exchange / this week","Hardware","90"
"INC1061342","Laptop charger broken","Hardware","95"
"INC1057083","Error - Security Database on the server does not have a computer account for this workstation trust ","Security Violation","90"
"INC1107712","32 GB RAM  request","Hardware","85"
"INC1133188","Constant internet connection interruptions in the office (ms teams and outlook most affected)","Network","80"
"INC1109163","[OU] FW: Your Request RITM0169603 has been opened","Access Grant Request","70"
"INC1114818","APPT User unable to access internet sites from EBRD laptop off VPN","VPN","95"
"INC1063280","Pls. setup our new printer as per the attachments","Hardware","90"
"INC1145013","Laptop issues","Hardware","85"
"INC1103236","IT equipment donation","Hardware","95"
"INC1055741","Assistance with Setup of a new Laptop","Hardware","90"
"INC1115102","HELP - expired ESIM card","Network","80"
"INC1065159","LT12400 - End user being disconnected with network frequently","Network","95"
"INC1142365","FW: [OU] opening XML files","Service/Process Failure","70"
"INC1130522","Transfer of esim from old to new Mobile and need QR code for it","Hardware","90"
"INC1067889","[OU] RE: Mobile Device Compliant","Access Authentication Failure","80"
"INC1066461","Laptop not working","Hardware","95"
"INC1137906","Device Driver outdated on the laptop","Hardware","90"
"INC1093587","'Junk email list size limit' error mesaage.","Application Function Issue","85"
"INC1075843","BitLocker PIN  reset request","Password Reset","95"
"INC1062180","LT11872 - End user: Lale Resulova left the bank and her laptop is with ITC: Yagmur Coskun","Employee Offboarding","90"
"INC1079025","My laptop screen is damaged. I cannot work on it remotely. Is there any way to get a replacement lap","Hardware","95"
"INC1122590","Urgent -notfication on unmanaged device when using EBRD latop","Security Violation","85"
"INC1122921","[OU] Adding Printer to Cairo RO Network","Hardware","90"
"INC1121882","[OU] Laptop speakers issue","Hardware","90"
"INC1084408","Laptop replacement RO","Hardware","95"
"INC1105463","Laptop keyboard is damaged","Hardware","95"
"INC1120687","i can not acess any of the sharepoint documents-  message attacched","Access Authentication Failure","85"
"INC1135913","hello, we have VC Cisco which we received from satellite office. No we need it to be connected to TV","Access Grant Request","75"
"INC1072416","Windows security pop up","Security Violation","90"
"INC1122978","BitLocker Key Prompt Loop After Restart","Service/Process Failure","80"
"INC1076741","LTA - Long term absence report - Indira Zankina--Please revoke J drive access","Access Revoke","95"
"INC1059146","ebrd.com on Safari the website won't open for me","Application Function Issue","85"
"INC1108110","when opening pdf file, getting Free trial pop up as attached screenshot","Application Function Issue","75"
"INC1142334","Work Mobile has been restored.","Hardware","90"
"INC1052909","LT13107- End user unable to charge her laptop","Hardware","80"
"INC1117033","please re-assign Warsaw RO spare laptops under me (in ServiceNow)","Access Grant Request","95"
"INC1059754","Document recovery","Service/Process Failure","70"
"INC1137022","Laptop login issue","Access Authentication Failure","85"
"INC1117200","his computer is very slow since the they he got it, uploading and starting the computer is very slow","Hardware","95"
"INC1124890","My headphones are not working properly","Hardware","90"
"INC1074967","Broken iPhone glass","Hardware","95"
"INC1062470","My Microsoft word only opens in safe mode and it is a blank document, I have restarted my computer t","Application Function Issue","85"
"INC1131415","please add new, locally purchased iPhone 16 PRO to DEP(remote management)","Access Grant Request","90"
"INC1057883","rebuild of LT11201","Store Rebuild","95"
"INC1142540","Unable to login into laptop Domain not available","Access Authentication Failure","85"
"INC1055655","VPN access","VPN","90"
"INC1111136","FW: [OU] Important update on access to Microsoft and other application","Network","70"
"INC1124188","Camera and Microphone issues with laptop","Hardware","80"
"INC1119221","issue with EBRD Corporate wireless on  spare Baku laptop LT10371","Network","75"
"INC1134380","Aijamal Tursumatova's laptop LT12271 - Secure Boot error message upon startup","Security Violation","85"
"INC1115905","UK telephone number","Hardware","90"
"INC1061348","Docking stations broken","Password Reset","95"
"INC1055500","LT12334, Forgot password and unable to login.","Web Security","90"
"INC1112303","Browser access denied  - error - " Your connection isn't private "","Access Authentication Failure","80"
"INC1139388","[OU] Outlook locked out","Hardware","70"
"INC1143680","[OU] LT13123","null","null"
"INC1060354","User facing issue with Outlook","Application Function Issue","80"
"INC1133079","Unable to access any application in the laptop","Application Function Issue","70"
"INC1120634","Laptop not turning on","Hardware","90"
"INC1105787","[OU] iPhone 16 Pro Invoice - Dr. Heike Harmgart","Access Grant Request","50"
"INC1117070","Unable to download files from external sharepoint","Network","60"
"INC1114545","I am unable to login to the bloomberg terminal, apparently due to network error. the bloomberg team ","Network","70"
"INC1115695","Issue with the land (cable) internet","Network","90"
"INC1074794","Corporate Iphone - transfer of data to now Iphone","Hardware","85"
"INC1117233","Broken headphones","Hardware","95"
"INC1059457","[OU] Corporate iphone replacement","Hardware","95"
"INC1102230","Charger for laptop - RITM0177745 TASK not generated","Hardware","80"
"INC1123988","Printer 0900 - Junk paper stuck on the queue","Hardware","90"
"INC1108783","User not able to access network on the phone","Network","85"
"INC1079089","internet acces","Network","75"
"INC1122088","LT11639 is not connecting to printer PR0886","Hardware","95"
"INC1137153","eSIM is lost after iphone is reset","Hardware","95"
"INC1131073","Unable to get the Esim configured after iPhone Wiped Off","Hardware","95"
"INC1063969","shift and enter button in laptop not working","Hardware","95"
"INC1071657","Adobe Acrobat does not open","Application Function Issue","90"
"INC1125384","Active Directory account locked out","Access Authentication Failure","95"
"INC1104085","unable to extend the display","Hardware","85"
"INC1077838","Laptop is not working","Hardware","80"
"INC1133922","O2 E sim issue after phone reset","Hardware","95"
"INC1114158","Laptop replacement","Hardware","95"
"INC1117297","Please help us with opening the attached xades files in pdf","Application Function Issue","80"
"INC1091982","The bottom case of my laptop  has started to bulge and separate from the frame.","Hardware","95"
"INC1140462","laptop doesn't connect with the screen.this has happened yesterday after an update to the laptop occ","Hardware","90"
"INC1063357","Printer disposal","Hardware","90"
"INC1124586","USB headsets are not connecting to the laptop","Hardware","90"
"INC1076718","LTA - Long term absence report - Nadezhda Litvac---Please revoke J drive access","Access Revoke","95"
"INC1122143","Mobile is out of service","Node/Device Down","85"
"INC1057209","How to request UK SIM?","Access Grant Request","80"
"INC1074546","LTA - Long term absence report - Nadezhda Litvac --Please revoke J drive access","Access Revoke","95"
"INC1140976","[OU] Uk mobile","Access Grant Request","70"
"INC1114090","User excel keeps on crashing","Application Function Issue","90"
"INC1132738","Bitlocker  - Recovery Key","Security Violation","80"
"INC1062045","RE: [OU] Your new corporate iPhone awaits: schedule a pick-up","Access Grant Request","90"
"INC1073080","Laptop is working very slow. When I open excel files, it opens them slowly, even during working in e","Application Function Issue","70"
"INC1133521","Passcode not working on device","Access Authentication Failure","85"
"INC1103850","LOST - IPHONE","Hardware","95"
"INC1128610","Experiencing problem to visualize content of external email","Service/Process Failure","75"
"INC1097574","The laptop is not charging from the hub","Hardware","95"
"INC1116295","Access to JDrive","Access Authentication Failure","85"
"INC1102056","My office headphones broke","Hardware","90"
"INC1056355","Mark Davis's UK Phone Sim and New Devices","Store Rebuild","90"
"INC1084243","urgent- LT13364 needs rebuild because it has not been used in several months","Password Reset","95"
"INC1131561","Printer PR0991","Hardware","80"
"INC1100423","Account is locked, net to unlock and change the password please","null","null"
"INC1120996","DTM Dataflow Error","Access Authentication Failure","95"
"INC1087677","Account activation","Access Grant Request","90"
"INC1086509","eFront not working","Application Function Issue","90"
"INC1102687","for a few days I cant log in into e-Front application","Access Authentication Failure","90"
"INC1067705","Manual change of OL in eFront","Access Grant Request","85"
"INC1089603","Account locked","Access Authentication Failure","95"
"INC1069593","Login Error","Access Authentication Failure","95"
"INC1061876","End-User Account Activation","Access Grant Request","95"
"INC1079578","Cagatay Gultekin is unable to login to efront.","Access Authentication Failure","90"
"INC1110130","My account is blocked","Access Authentication Failure","95"
"INC1086085","Activate the account","Access Grant Request","85"
"INC1060764","Can't access eFront","Application Function Issue","90"
"INC1072727","Efront login doesn't work","Access Authentication Failure","90"
"INC1087402","Locked account","Access Authentication Failure","95"
"INC1088646","No access to eFront from Warsaw RO","Network","80"
"INC1095328","DTM Dataflow Error","Service/Process Failure","85"
"INC1126173","efront account locked","Access Authentication Failure","95"
"INC1065997","Efront","Application Function Issue","70"
"INC1088986","unlock and reset the password","Password Reset","90"
"INC1102614","Unlock Profile","Access Authentication Failure","100"
"INC1097688","Can't see the information regarding the company/submission even though I am the OL","Access Authentication Failure","100"
"INC1089340","User account locked","Access Authentication Failure","100"
"INC1078335","Account locked","Access Authentication Failure","100"
"INC1057852","Efront account locked","Access Authentication Failure","100"
"INC1139961","[OU] Efront_blocked account","Access Authentication Failure","100"
"INC1064561","Login Error","Access Authentication Failure","100"
"INC1086235","Unlock eFront Account","Access Authentication Failure","100"
"INC1087774","The user can't see the information regarding the company/submission even though he is the OL","Access Authentication Failure","85"
"INC1113475","My account was locked. I received this message: The following error occurred during password recover","Password Reset","90"
"INC1133926","EBRD Fax- Faxutilweb","Application Function Issue","70"
"INC1064892","[OU] Error on Annual Code of Conduct Compliance Statement","Service/Process Failure","80"
"INC1056311","Wi Fi network in Bishkek RO","Network","95"
"INC1142056","Planned internet outage in Bratislava RO","Network","95"
"INC1073805","Electricity cut in RO Amman office / Emmar building","Network","80"
"INC1142573","FW: Unable to access the EBRD intranet","Access Authentication Failure","70"
"INC1129514","Adobe Acrobat PDF does not work","Application Function Issue","90"
"INC1122681","Request to Activate S&P Cap IQ Pro User","Access Grant Request","95"
"INC1123126","Adobe reader is not working.","Application Function Issue","90"
"INC1127304","Zoom Business account","Access Grant Request","85"
"INC1137098","Please restore","Access Authentication Failure","60"
"INC1130134","Banking apps access lost, DTM access lost, Projectlink access lost?","Access Authentication Failure","75"
"INC1084672","I cannot access EBRDlink","Access Authentication Failure","90"
"INC1068694","Cannot access project link","Access Authentication Failure","85"
"INC1085589","Assistance moving  files within Livelink folders","Application Function Issue","75"
"INC1098713","DTM, Monarch - no access","Access Authentication Failure","95"
"INC1109045","Projectlink file upload","Application Function Issue","80"
"INC1063071","Unable to fetch the below livelink path","Access Authentication Failure","85"
"INC1074836","Guest Wi-Fi Connectivity Issues Affecting Users in RO-Lebanon","Network","90"
"INC1142884","Please contact from Teams. My wifi password in the RO is not working. I need a new wifi password.","Password Reset","95"
"INC1134682","Issue connecting to guest wifi","Network","85"
"INC1113246","Experiencing issues with the Wi-Fi connection - INC1101462","Network","90"
"INC1076788","EBRD Wifi not working on my phone","Network","90"
"INC1061058","No internet in Medeu Conference room on MTR.","Network","80"
"INC1132485","I am facing problems with RO WIFI","Network","85"
"INC1144249","DYURVPN1.ebrd.com is Down","Node/Device Down","95"
"INC1059177","issue with internet connection  to Lenovo monitor in Warsaw office","Network","85"
"INC1116853","WiFi not connected on personal iPhone","Network","90"
"INC1070288","Can't connect to office WiFi on my phone","Network","90"
"INC1120100","Can't sign in to the office wifi in Tashkent RO","Access Authentication Failure","80"
"INC1067921","New printers MACs need to be allowed","Hardware","90"
"INC1142049","End use Unable to Connect to EBRD Wifi in RO","Network","90"
"INC1119792","Unable to connect to the Office WIFI","Network","95"
"INC1124987","issues with WiFI in Warsaw RO - please reset devices limits for Aruba accounts connected to Andreea'","Network","90"
"INC1137770","I want to join corporate wifi through my personal laptop, am I allowed to do so? If yes please, coul","Access Grant Request","85"
"INC1135039","WIFI connection issues in RO ,no access to WiFi Portal","Network","90"
"INC1125027","Process Commissioning the Printer - Add Printer to Network","Service/Process Failure","80"
"INC1140392","I recently received a wifi code from our Istanbul RO Office Officials. However my Iphone does not co","Network","80"
"INC1104459","WIFI connection failure from my cell- Istanbul","Network","90"
"INC1114454","Wi-Fi access","Network","70"
"INC1108052","Reoccurring issue with LAN in Baku","Network","95"
"INC1076242","WIFI","Network","60"
"INC1129371","Unable to connect to office network from personal mobile phone","Network","85"
"INC1122637","WIFI problem","null","null"
"INC1124213","my corporate iPhone is blocked - MD2771","Network","95"
"INC1142376","Unable to connect to WIFI","Network","95"
"INC1143642","[OU] RO WiFi","Network","95"
"INC1130914","Cairo Guest wifi issue","Network","95"
"INC1121984","EBRD Wifi is not working in Almaty RO","Network","95"
"INC1056881","new printer is unreachable","Hardware","85"
"INC1107606","RO guest wifi  "Visitor account receipt"  email format is wrong","Access Authentication Failure","75"
"INC1137727","Wi-Fi  credentials","Network","95"
"INC1130618","Need help to connect to office Wi-Fi","Network","95"
"INC1127415","Wi-Fi in Amman is not working","Network","95"
"INC1118490","Wi-Fi not working and new outlook is not working","Network","85"
"INC1109429","Cannot connect to office wifi in RO","Network","95"
"INC1122788","RO Wifi Connection","Network","90"
"INC1106349","Unable to connect personal devices","Network","80"
"INC1132837","Yerevan RO internet interruptions","Network","90"
"INC1069953","Problems with connecting to Wi-Fi on corporate phone","Network","90"
"INC1120172","Need a printer port on ANKS3","Network","95"
"INC1139821","Unbale to connect to WIFI Or LAN in office Warsaw","Network","95"
"INC1119549","i need wifi access password","Access Authentication Failure","85"
"INC1118441","wifi connection in mobile phone","Network","90"
"INC1112743","End User contacted in teams on behalf of Ayman Algindy for EBRD wifi Issue","Network","80"
"INC1116882","Intermittent internet connectivity issues at Beirut RO (LAN & WIFI)","Network","90"
"INC1121468","Unable to connect to EBRD wifi on mobile","Access Authentication Failure","85"
"INC1104446","[OU] access to Wi Fi - RO Dushanbe","Network","95"
"INC1092672","WI-FI connection fail","Network","95"
"INC1115473","Unable to connect to Wi-fi from mobile.","Network","95"
"INC1136909","Unable to connect to the WIFI","Network","95"
"INC1101222","Wi-Fi connectivity issues at Dushanbe RO","Network","95"
"INC1125751","I cannot connect my devices to EBRD WIFI available at the RO","Network","95"
"INC1133184","issue with connection to EBRD Wi-FI","Network","95"
"INC1142041","Reauthenticating on guest wifi.","Network","95"
"INC1116320","Wi-Fi network connectivity issues at Ankara RO","Network","95"
"INC1119692","Unable to connect to WIFI","Network","90"
"INC1066566","New MTR device is unable to get IPs","Hardware","85"
"INC1142896","[OU] Issues logging into Cigna App on the laptop","Application Function Issue","80"
"INC1119931","WIFI not working on my phone","Network","90"
"INC1103031","New Username and Password Needed for EBRD WiFi","Password Reset","85"
"INC1123806","[OU] RO Wi-Fi access","Network","80"
"INC1142841","My Devices are not connecting to WiFi in office premises, can you please clear the MAC adresses.","Network","95"
"INC1123266","EBRD WIFI MOBILE","Network","85"
"INC1077946","Wifi incident on my personal phone","Network","80"
"INC1117425","problem with mobile wifi connection for our team","Network","85"
"INC1129891","There is no wifi in conference rooms area in Chisinau resident office","Network","90"
"INC1072408","Issues with connecting to Wifi","Network","90"
"INC1137442","issue with connection to EBRD Wi-FI","Network","95"
"INC1141119","[OU] RO Tunisia Wi-Fi","Network","90"
"INC1128035","internet connection does not come to office desk phone from 12-CP-C-12","Network","95"
"INC1102359","change port vlan","Network","85"
"INC1143410","wifi disconnected from phone in office - cannot reconnect","Network","90"
"INC1145038","Istanbul RO Patara MTR network problem","Network","80"
"INC1107460","Mobile phone unable to connect to EBRD wifi in the office","Network","90"
"INC1140942","EBRD Wi-Fi (Guest) issue at Istanbul RO.","Network","95"
"INC1139121","EBRD WIFI(Guest) login issue in Istanbul RO.","Network","95"
"INC1091257","please help to connect to RO wifi","Network","90"
"INC1128494","Internet speed issues at the Skopje RO","Network","95"
"INC1139942","Not login to guest WIFI","Access Authentication Failure","85"
"INC1129658","issue with Wi-Fi network in Chisinau RO","Network","95"
"INC1143202","Unable to connect to Wi fi","Network","90"
"INC1069003","Wifi connection problem","Network","90"
"INC1121380","I am based in Belgrade and cannot login to the wifi","Network","90"
"INC1057390","Unable to connect to wifi","Network","95"
"INC1059736","issue with internet connection  to Lenovo monitor in Warsaw office","Network","85"
"INC1117380","Bishkek RO issue- follow-up INC1114401","Access Authentication Failure","70"
"INC1125420","Unable to connect to wifi for personal phone","Network","90"
"INC1074739","How to find my current EBRD wifi password for mobiles","Password Reset","80"
"INC1104898","[OU] Tashkent RO wifi","Network","95"
"INC1140386","EBRD WiFi on phone not working - keeps saying authentication failed","Access Authentication Failure","95"
"INC1066957","Yealink is asking for the Admin Password","Access Authentication Failure","85"
"INC1132491","Unable to connect to EBRD WIFI on personal mobile","Access Authentication Failure","90"
"INC1121581","Authentication Failed Error","Access Authentication Failure","95"
"INC1144201","Tbilisi Internet Link is down","Network","90"
"INC1123837","Unable to connect to office Wifi","Network","95"
"INC1125840","Office wifi connection","Network","80"
"INC1129875","WI-FI not working","Network","95"
"INC1119708","Yealink MP56 Desk phones: Whitelist the below MAC address for Dushanbe RO","Access Grant Request","95"
"INC1135671","Unable to connect to EBRD-WIFI  - "Authentication failed"","Access Authentication Failure","90"
"INC1099821","WI-FI not working in the Bucharest RO","Network","85"
"INC1127787","RE: [OU]  WIFI login details.","Application Function Issue","70"
"INC1124869","Could you please add below printers to the Casablanca  RO server : Color Laser Jet Pro MFP M479dw & ","Hardware","80"
"INC1062281","Security camera in Astana RO is not reachable","Node/Device Down","90"
"INC1137701","RO Tunisia internet trouble","Network","95"
"INC1134445","Guest Wi-Fi not accessible at Almaty RO","Network","95"
"INC1117167","End User Unable to Connect to EBRD Wifi with personal phone","Network","90"
"INC1137004","Guest Wifi Issue in Cairo","Network","95"
"INC1106500","End User Unable to Connect to EBRD Wifi","Network","90"
"INC1144364","TSKSVPN1.ebrd.com is Down","Node/Device Down","95"
"INC1127999","Need to remove MAC address from the user WIFI records","Access Revoke","95"
"INC1137121","can't connect to wifi in Istanbul RO","Network","95"
"INC1114947","cannot connect to office wifi via phone","Network","90"
"INC1136173","Wireless connectivity issue at Almaty RO","Network","95"
"INC1130930","Wireless controller TBLW1 was down at Tbilisi RO","Node/Device Down","90"
"INC1139874","**Urgent **Unable to connect to EBRD WIFI","Network","85"
"INC1134645","Hello, I have started an assignment at the Warsaw RO (Ukraine team) and have trouble connecting to w","Network","80"
"INC1058026","wifi issue","Network","70"
"INC1131512","wi-fi password","Password Reset","90"
"INC1116121","Unable to connect to office Wi-Fi on corporate phone","Network","80"
"INC1144238","pdgrvpn1.ebrd.com is down","Node/Device Down","95"
"INC1119106","Unable to connect to EBRD Wifi on both personal and work mobile phones","Network","85"
"INC1068462","LT11176 issue with Wifi access","Network","70"
"INC1057353","[OU] FW: RO Wi-Fi access issue please assist to resolve!- INC1048538","Network","75"
"INC1113428","Smith, Rob contacted in Teams  on Behalf of Mark Davis Unable to Connect to EBRD Wifi in Cairo RO","Network","95"
"INC1066697","Can't connect to Casablanca's RO wifi from my phone","Network","90"
"INC1134461","Hello, I am on an assignment at the Warsaw RO (Ukraine) and have been provided access to the OfficeS","Access Grant Request","85"
"INC1138689","Hello, I raised an AskIT ticket (INC1134461) on 18 August, but haven't heard back from the team. Cou","Service/Process Failure","75"
"INC1125700","[OU] Office Desk Booking Application Error","Application Function Issue","95"
"INC1122469","An issue with accessing Visual Directory","Access Authentication Failure","85"
"INC1086590","Request to look at the transactions not feeding through SAP from BAS MIS","Service/Process Failure","90"
"INC1080458","Unable to see any requisition under Recruiting page in SF","Access Authentication Failure","80"
"INC1093372","SAP Profile unlock","Access Grant Request","90"
"INC1119760","MIS expense recordings aren't reflected to SAP: GEO-4078675 and GEO-1345266628","Service/Process Failure","85"
"INC1071668","SAP report error","Application Function Issue","90"
"INC1075590","[OU] Zagreb RO - HSBC","Access Authentication Failure","85"
"INC1073300","Please assist with updating the photo in SuccessFactors.","Access Grant Request","95"
"INC1054511","Issue with ESS system","Application Function Issue","80"
"INC1119462","No access to user's account in SAP (#20194, RaushanTulepbayeva)","Access Authentication Failure","95"
"INC1100884","changes in list of the SAP role for each of the SAP users in Cairo RO","Access Grant Request","90"
"INC1064260","Unable to Access Employee self service and manager self service in ESS and getting the error as atta","Application Function Issue","90"
"INC1141934","[OU] bank details on ESS","Application Function Issue","85"
"INC1053715","ESS Portal Not Working for Fratrik, Marek","Application Function Issue","95"
"INC1065950","unlocking performance review feedback for matrix manager input","Access Grant Request","80"
"INC1123030","Unlock the Profile of Khalil Dinguizli","Access Grant Request","90"
"INC1126325","Annual Leave Request - SelfService error","Application Function Issue","75"
"INC1099331","SF posting country error","Application Function Issue","85"
"INC1121925","SAP Holiday Calendar Update Request For Lebanon","Access Grant Request","90"
"INC1054305","my cost centre - BG600","Employee Onboarding","75"
"INC1132045","Hello, please how can we add two people Asol Nusuvalieva and Zulfia Moidinova who are under CCT cont","Access Grant Request","80"
"INC1073927","I wanted to add my banking details to the personal information section on the self-service platform,","Access Grant Request","85"
"INC1144205","The Infosys Team is unable to raise a PO for both contracts Kenya and Senegal.   SP-Kenya and SP-Sen","Service/Process Failure","85"
"INC1056025","When trying to post the job on LinkedIn from Success Factors the Technical  error message appears. T","Application Function Issue","90"
"INC1059070","No ESS access","Access Authentication Failure","95"
"INC1127412","In the system when i click on show  team calendar there is no one shown in my team except of my own ","Application Function Issue","80"
"INC1082152","issues in display balances for our petty cash accounts (RO360)","Application Function Issue","95"
"INC1135319","On success factor I cannot see any of my previous performance feedback as if no history at all","Application Function Issue","90"
"INC1102180","SAP Holiday Calendar Update Request For Mongolia","Access Grant Request","85"
"INC1105589","Job ad font in Success Factors","Application Function Issue","90"
"INC1077501","ESS not working","Service/Process Failure","80"
"INC1093220","Issue with Travel Approvers for Michal Literski","Access Authentication Failure","75"
"INC1121969","When submitting expense claim for validation receive message Workflow in error, screenshot attached","Application Function Issue","95"
"INC1122896","I'm unable to log in to SAP as my user account is for some reason LOCKED. My laptop is currently not","Access Authentication Failure","90"
"INC1099990","Change cost center","Access Grant Request","85"
"INC1083998","SAP Report","Application Function Issue","70"
"INC1098151","Requesting Budget Officer Permission on CE030","Access Grant Request","80"
"INC1133999","BAS Bank Rec is ready for viewing as at COB 14/08/2025 - not visible on accurate for us","Service/Process Failure","85"
"INC1143161","Transactions not uploaded into SAP","Application Function Issue","90"
"INC1065183","Issue with ESS application","Application Function Issue","95"
"INC1107539","INC1100506 - Whenever I wanna attach a file, it makes it look like it got executed with no other mes","Application Function Issue","80"
"INC1145040","cannot create a claim for Loic Hessou","Access Authentication Failure","70"
"INC1119044","cannot attach files to SAP","Application Function Issue","90"
"INC1137737","Generate reports","Application Function Issue","80"
"INC1089933","SAP ACCESS ISSUE","Access Authentication Failure","90"
"INC1093801","SAP access to profile:  Dimitris  Chatziiakovou BG520","Access Authentication Failure","90"
"INC1120080","BAS MIS Transactions KAZ-5624548 and KAZ-5624403 didn't interface into SAP remaining on BAS Outstand","Service/Process Failure","85"
"INC1071242","AL issue on ESS","Application Function Issue","75"
"INC1067575","Manager Self Service (ECM) - right to edit","Access Grant Request","85"
"INC1075226","Access to Ayman Algindy and Yasmine Deghedi SAP accounts","Access Grant Request","90"
"INC1109433","Discrepancy between Accurate/SAP and MIS/original bank statements","Application Function Issue","85"
"INC1111314","Unable to reopen the requisition in SF","Application Function Issue","80"
"INC1135230","HSBC Attachment Icon not visible while raising Trip for the Staff 19306","Application Function Issue","75"
"INC1089271","Old performance forms for employee rehired under new ID","Employee Onboarding","60"
"INC1064897","calibration is shown as due","Service/Process Failure","70"
"INC1113783","I can access SAP to view Nabil Zghidi’s expenses; however, when I create a new expense, it shows as ","Application Function Issue","85"
"INC1133244","Beirut RO office manager cannot make a SAP posting to GL 4310050 on behalf of Corporate Services who","Application Function Issue","80"
"INC1071745","ECF Validation in SAP","Application Function Issue","75"
"INC1077169","Error displayed instead of the content","Application Function Issue","70"
"INC1087781","Unable to see any requisition under Recruiting page in SF again","Application Function Issue","65"
"INC1067850","Manager edits not working for Performance and Development Review","Application Function Issue","95"
"INC1107183","SF Report for disqualifying question","Application Function Issue","85"
"INC1058550","cant login to self service portal","Access Authentication Failure","90"
"INC1122634","Load D&I Information July 2025","Service/Process Failure","80"
"INC1097731","Could you please help with access to CE030 as a travel booker to be able to process staff expenses -","Access Grant Request","95"
"INC1139769","Hi team,   I have a mandatory trainings on ESS and am unable to login to the platform (Attached the ","Access Authentication Failure","85"
"INC1062338","Please note that this is an urgent request!!P The contract for Banush Shabanaj (SAP number 19772) ha","Access Grant Request","70"
"INC1126830","Manager service tab missing in ESS portal","Application Function Issue","90"
"INC1122306","SAP is not displaying the employee's info","Application Function Issue","80"
"INC1089569","Requisitions status open, but locked for the update","Service/Process Failure","75"
"INC1064140","Access to https://selfservice.ebrd.com/","Access Authentication Failure","80"
"INC1128383","SAP Postings cannot be found","Application Function Issue","90"
"INC1053172","Membership Update - Cote d'Ivoire","Employee Onboarding","95"
"INC1126935","Error - not completed my self-assessment","Service/Process Failure","85"
"INC1115951","Please assign the Travel Approver role to user Jelena Ceperkovic and add her as an alterante to Matt","Access Grant Request","95"
"INC1072022","Registered employee 50140927 as new CCT in ESS. please advise on next steps","Employee Onboarding","90"
"INC1105361","Manager Self Service approvals page outdated approvals error","Application Function Issue","85"
"INC1076840","ESS issue","Access Authentication Failure","70"
"INC1105977","SAP Holiday Calendar Update Request For Mongolia","Access Grant Request","90"
"INC1117768","access to SAP","Access Authentication Failure","80"
"INC1089179","SAP lock out","Access Authentication Failure","85"
"INC1076809","lost access in SAP for CE030 residents in Warsaw RO (RO010)","Service/Process Failure","75"
"INC1058046","Posting via SF expired on LinkedIn outside of originally set posting end dates","null","null"
"INC1097221","MIS transactions not correctly fed into SAP","Access Authentication Failure","80"
"INC1065831","Assistance-urgent","Access Grant Request","90"
"INC1126343","GAIN ACCESS IN TRAVEL EXPENSE MANAGER FOR THE PREPARATION OF CLAIMS FOR ILIR BASHAWHO HAS RECENTLY M","Access Grant Request","85"
"INC1061276","Annual leave requests wrongly sitting in my approval box","Application Function Issue","75"
"INC1070305","SAP profile unlock","Access Authentication Failure","95"
"INC1076494","Access to cost centre CE030 - SAP","Access Grant Request","90"
"INC1054051","[OU] No permission to use ESS portal","Access Authentication Failure","90"
"INC1075150","[OU] 7056, 19482, 16913 - no access in SAP","Access Authentication Failure","95"
"INC1144025","Unable to access ESS.","Access Authentication Failure","90"
"INC1127161","I cannot generate any line item report for GL account4020025 for Belgrade RO260 cost center beyond 2","Application Function Issue","85"
"INC1055494","missed to set the rating,  access this document through  "to do" list via the Home Page but the  req","Access Authentication Failure","80"
"INC1062367","i cannot generate a display balance for account 1156332 Chisinau HSBC Credit card Suspense","Application Function Issue","85"
"INC1108792","SAP-unable to access to team member's expense claim","Access Authentication Failure","95"
"INC1113989","EBRD Self Service is not working. Please, can you restore access to self service URGENT","Access Authentication Failure","90"
"INC1059795","Need to update2025 holiday calendar in SAP","Application Function Issue","85"
"INC1129515","I have no access to Hamza Al-Assad SAP profile to do his expenses anymore","Access Authentication Failure","95"
"INC1053009","Performance Review submitted for calibration with no rating","Service/Process Failure","80"
"INC1125383","Project codes are not in the SAP concur","Application Function Issue","90"
"INC1125335","Could you please delete posted claim of Nurgul Esenamanova in SAP? SAP Bank ECC - Production (SPS)","Access Revoke","85"
"INC1130103","Dina Moussa (SAP ID 16860) left the bank last week, I wanted to process her expense claim for July 2","Employee Offboarding","95"
"INC1125924","SAP trip approval","Access Grant Request","80"
"INC1079024","hello, Altynai needs an access to self service. thanks","Access Grant Request","75"
"INC1053452","EBRD Self-Service","Access Authentication Failure","60"
"INC1136963","Remove the items in my inbox which are not relevant.","Access Revoke","85"
"INC1057168","User facing an issue with SAP Netweaver Password Locked","Password Reset","90"
"INC1118431","Technical glitch with Sucess Factor, I am trying to complete my performance appraisal but not able t","Application Function Issue","95"
"INC1115516","please grant access for making claims for staff number 5360","Access Grant Request","95"
"INC1118784","Could you please share with me the full list of expense types? Now, I can only see 9AIR in the list ","Application Function Issue","80"
"INC1059109","Access to ESS","Access Authentication Failure","85"
"INC1070556","No access toESS","Access Authentication Failure","90"
"INC1140636","[OU] Profile unlock - Assaad El Turk","Access Grant Request","95"
"INC1077370","Unable to update personal information on ESS","Application Function Issue","80"
"INC1081379","Access to SAP Travel","Access Authentication Failure","90"
"INC1119150","Transactions from MIS could not feed into SAP","Service/Process Failure","85"
"INC1077614","Hello, I had access to Nurgul's claim but now her cost centre was changed and since this month no ac","Access Authentication Failure","75"
"INC1135629","the SAP list of HSBC 1156326  does not include some claims for the staff who actually had expenses  ","Application Function Issue","85"
"INC1115522","The working status says that the claim is in my inbox for validation, but I do not actually have it.","Application Function Issue","75"
"INC1073395","My new bank account is not updating properly","Application Function Issue","90"
"INC1067666","Manager Self Service does not open, displays Critical Error message","Application Function Issue","95"
"INC1097824","SAP error","Application Function Issue","60"
"INC1099221","I'mrunning into an issue while attempting to create a claim. When I try to save it as a draft, the c","Application Function Issue","95"
"INC1137697","Generate a report","Application Function Issue","80"
"INC1076578","Need access to create expenses for CE030 Cost Centre","Access Grant Request","90"
"INC1124941","URGENT PLEASE: change the validator of Alessandro's claims to Lenka Kasova","Access Authentication Failure","85"
"INC1090770","project code 55907 cannot be used","Application Function Issue","90"
"INC1094984","Dear Team,  Hope all is well. I need my SAP user role to be able to carry out my duties","Access Grant Request","95"
"INC1062155","SuccessFactors glitch during calibration task","Application Function Issue","90"
"INC1109041","I need to create claim and reimburse to the traveller in UZS, expenses were done on AZN currency","Access Authentication Failure","85"
"INC1102581","Board of directors are unable to see objectives of direct reports after 2021","Application Function Issue","80"
"INC1079848","no access to ESS","Access Authentication Failure","90"
"INC1106538","SAP access is required for the new joiner, Lumta Ramadani.","Employee Onboarding","95"
"INC1081896","pls unblock g/l 4900050 for use in SAP","Access Grant Request","90"
"INC1122927","the personal SS portal is not assigned","Application Function Issue","85"
"INC1145156","ESS login problem","Access Authentication Failure","80"
"INC1076653","when booking on R&M for me, the approval is being sent to Gretchen Biery instead of Khalil Dinguizli","Security Violation","75"
"INC1115568","I have a claim on the RO130 HSBC list. However, it was processed and posted by RO131.","Service/Process Failure","70"
"INC1074618","New Joining date not synching from SAP to ServiceNow","Application Function Issue","85"
"INC1085922","No access to travel booker in SAP","Access Authentication Failure","90"
"INC1135203","INC1123030  - same issues","Application Function Issue","70"
"INC1103589","Internal Job Vacancies","Employee Onboarding","60"
"INC1117869","Unable to cancel ALin the system (already approved) for 27.06 and 30.06.","Service/Process Failure","80"
"INC1113721","No access to SAP","Access Authentication Failure","95"
"INC1127464","as a HR Coordinator for RO Warsaw I would like to ask for the access to annual leave calendars in SA","Access Grant Request","95"
"INC1135172","I am a new employee and I don't have yet an access to SAP.","Access Grant Request","90"
"INC1075248","SAP access","Access Grant Request","85"
"INC1070786","Casablanca RO staff travel approvals","Access Grant Request","80"
"INC1126604","[OU] mid-year review from Manager not available","Application Function Issue","75"
"INC1078120","Please provide access to create claims for Ana Kresic","Access Grant Request","90"
"INC1126226","Requesting access for Petra Remeta (employee number 20115) expenses in SAP","Access Grant Request","95"
"INC1075369","Unable to access Employee Self Service","Access Authentication Failure","85"
"INC1066604","Request for assistance for the SAP app","Application Function Issue","80"
"INC1125913","Success Factors: Issue with Accessing to Mid-Year Review","Access Authentication Failure","75"
"INC1119012","Midyear appraisal (which I submitted last Wednesday) does not appear to my manager","Application Function Issue","70"
"INC1052962","Due to change of teams the Performance Asessment form has been re-assigned to new manager.  Need to ","Employee Offboarding","80"
"INC1098563","2 bank transactions of ASB Poland office were not infed into SAP and remain outstandingin BAS 039 re","Application Function Issue","90"
"INC1127442","Job posting slot limitation for LinkedIn in SF set to 35 posting slots and we now have 45","Service/Process Failure","70"
"INC1120714","access to BG600, BG630, BG631 cost centres","Access Authentication Failure","60"
"INC1120771","SAP doesn't work","Application Function Issue","95"
"INC1086319","wrong profile photo in Success Factors aplication","Application Function Issue","90"
"INC1071911","SAP error - link between SAP Travel and SAP Financial Accounting","Application Function Issue","85"
"INC1138896","Sap payment error","Application Function Issue","80"
"INC1144915","Create an exchange rate from XOF to TND on SAP","Access Grant Request","75"
"INC1108205","Authorize access","Application Function Issue","95"
"INC1143112","Please note that 056433 doesn't exist in SAP this is an error message i received; checked with SIG t","Access Authentication Failure","60"
"INC1113253","Profile access","null","null"
"INC1124197","my over time icon is gray color and not opening","Access Authentication Failure","85"
"INC1081265","ESS - number of AL days entitlement not correct","Access Authentication Failure","75"
"INC1091346","SAP travel claim not able to start approving process","Application Function Issue","90"
"INC1078320","I cannot access Milena Popovic Martinelli profile in order to proccess her expense.","Access Authentication Failure","95"
"INC1082177","I cannot enter in EBRD Self Service","Access Authentication Failure","80"
"INC1103308","Reporting of applications in Forwarded and Invited to apply status","Service/Process Failure","85"
"INC1071368","Transaction code : GEO-5081218  - does not reflected in SAP from BAS MIS system.","Application Function Issue","85"
"INC1126247","Bucharest RO accounts have appeared in my SAP application, but I have not requested access for them.","Access Authentication Failure","90"
"INC1111372","SAP expense claim disappeared","Service/Process Failure","80"
"INC1143760","This is the second time this issue has occurred, and I’m currently unable to access SAP. Please refe","Node/Device Down","75"
"INC1093135","SAP inbox error","Application Function Issue","70"
"INC1059165","Issue with performance management system","Application Function Issue","80"
"INC1071563","Asking for access to this report please - t-code zhrw I need to make sure the annual holidays for Br","Access Grant Request","90"
"INC1121457","cleared history in SAP for one colleague","Access Revoke","70"
"INC1070241","SAP does not allow to log in","Access Authentication Failure","95"
"INC1086462","SAP not working","Application Function Issue","85"
"INC1076437","Need access to raise expeneses claims for CE030 users","Access Grant Request","95"
"INC1071232","It seems that I am logged out of SAP.","Access Authentication Failure","90"
"INC1102958","SF Text box change","Access Authentication Failure","80"
"INC1079633","no access to Employee self service","Access Authentication Failure","80"
"INC1120623","please grant Ana Maria Bostan rights to post Payments in SAP forRO060 and RO061","Access Grant Request","95"
"INC1072781","Ana Kresic Intranet profile","Application Function Issue","70"
"INC1129753","Wrong job title","Application Function Issue","70"
"INC1065281","Unable to access ESS","Access Authentication Failure","80"
"INC1054544","Need access to Employee self service portal","Access Grant Request","95"
"INC1102426","please advise -which role to request under "Request something" to become a Budget Officer for an RO ","Access Grant Request","85"
"INC1118906","As a Line Mgr I need to approve leaves, absences and OvTime in ESS. Unfortunately I cannot do it now","Application Function Issue","75"
"INC1078698","Error in accessing the service","Service/Process Failure","60"
"INC1120657","SAP Access  due to cost centre change","Access Grant Request","80"
"INC1069331","Profile photo in SuccessFactors","Application Function Issue","70"
"INC1071208","Application Access - SuccessFactors Rim Dahmeni  dahmenir@ebrd.com","Access Authentication Failure","95"
"INC1128705","nO aUTHORIZATION FOR POSTINGPERIOD 008 2025","Access Authentication Failure","90"
"INC1106805","SAP report error","Application Function Issue","85"
"INC1113445","approvers are missing for cost center PA010","Access Grant Request","90"
"INC1076615","success factors displays "invalid login"","Access Authentication Failure","95"
"INC1114958","Access required to cost center PA010","Access Grant Request","80"
"INC1127308","SAP Holiday Calendar Update Request For Poland","Service/Process Failure","75"
"INC1066937","Issues related to Success factors","Application Function Issue","80"
"INC1140879","[OU] profile information","Employee Onboarding","70"
"INC1100123","PA010 cost center is under PA050, please move it under IS000","Application Function Issue","90"
"INC1082153","RO360 cash and Nostro Payments Monthly Report","Application Function Issue","85"
"INC1107239","SAP Holiday Calendar Update Request For Croatia","Application Function Issue","85"
"INC1127601","Please open mid-year performance forms in Self-service for Naum Ribaroski, Danica Piseva Isajlovska,","null","null"
"INC1081181","hello, she needs access to Travel booker in SAP","Access Grant Request","90"
"INC1125189","Unable to Access the project code in SAP","Access Authentication Failure","85"
"INC1102397","SF is prompting an error","Application Function Issue","75"
"INC1086047","NO SAP available as a traveller for him.","Access Authentication Failure","80"
"INC1113402","Unable to copy text from copilot (on Edge browser)","Web Security","60"
"INC1072152","This URL is not getting blocked as cloud service, it is getting blocked as possible Spear Phishing i","Security Violation","70"
"INC1115694","My Teams is not saving changes I make in the document, syncing issues? The Word is loosing my data/n","Application Function Issue","90"
"INC1114387","I cannot access to both printers to print 334 and 333","Hardware","85"
"INC1137867","Email release from eyad.bakri@cab.ps","Access Grant Request","70"
"INC1070702","L drive missing","Hardware","95"
"INC1116753","Laptop -  sure start recovery","Hardware","80"
"INC1116543","Email release from maciej.pasek@pekaoleasing.com.pl","Access Grant Request","70"
"INC1137863","Issues with SMART GEP","Service/Process Failure","85"
"INC1114803","Mobile Device Compliant","Security Violation","80"
"INC1114776","unable to login to teams and outlook and getting error as "access to M365 is blocked"","Access Authentication Failure","95"
"INC1116527","Pls. remove Kristijan Donchov from Skopje RO distribution list, thanks","Access Revoke","90"
"INC1127180","Recovery key needed for laptop LT12200","Hardware","85"
"INC1123738","[OU] Problems with internet access.","Network","75"
"INC1126739","My Drive is logged out and says "cannot authenticate user".","Access Authentication Failure","90"
"INC1118600","Windows Security Popup Issue","Security Violation","85"
"INC1114735","Laptop's camera doesn't work","Hardware","90"
"INC1116549","Changing of Teams folder privacy","Access Grant Request","75"
"INC1128347","MS Authenticator is not working on mobile phone after phone restart","Application Function Issue","80"
"INC1136985","Password reset","Password Reset","95"
"INC1114240","it is impossible for me to work PC keeps on freezing especially outlook","Service/Process Failure","85"
"INC1128358","Unable to access outlook on mobile phone","Application Function Issue","80"
"INC1122269","Bitlocker required","Password Reset","95"
"INC1116596","Account locked issue","Access Authentication Failure","90"
"INC1116752","Bitlocker recovery key","Security Violation","85"
"INC1116652","LT11709 - Display Fonts and Theme Settings Issue","Application Function Issue","90"
"INC1122121","please reset iPhone password (MD2637)","Password Reset","95"
"INC1119329","Email from mailer-daemon@dmg01.alexbank.com","Security Violation","80"
"INC1121800","Facing issues in  installing the authenticator on my new iphone.","Application Function Issue","85"
"INC1136347","[OU] Retrieving harmful files","Security Violation","90"
"INC1122293","Account Unlock AD","Access Authentication Failure","95"
"INC1126782","Issues with laptop","Hardware","85"
"INC1114469","SAP closes itself every 3 mins in the middle of a transaction","Application Function Issue","90"
"INC1125862","outlook is not working","Application Function Issue","80"
"INC1127445","Unlicensed Outlook in ebrdremote","Security Violation","90"
"INC1141132","Unable to connect to Sarajevo Ro Wi fi","Network","85"
"INC1129197","[OU] Iphone locked - assistance please","Access Authentication Failure","80"
"INC1117063","While sending emails , the emails remain in the outbox and cannot be sent .","Service/Process Failure","95"
"INC1115181","Authenticator is trying to log me at the office","Access Authentication Failure","85"
"INC1115575","Error when opening emails","Application Function Issue","90"
"INC1122387","Phishing email","Security Violation","95"
"INC1114701","I can not open R&M Portal","Application Function Issue","80"
"INC1118770","Email release from poistovna@generali.com","Access Grant Request","70"
"INC1133631","Access to RO Wi-Fi","Network","85"
"INC1117561","User unable to reset password","Password Reset","95"
"INC1114926","[OU] Bitlocker Recovery key","Security Violation","90"
"INC1116717","Wi-Fi connection issue at RO","Network","85"
"INC1127696","Email release from roder@fev.com","Access Grant Request","95"
"INC1116715","Guide to VPN","VPN","90"
"INC1116723","bitlocker pin unable to set new pin.","Security Violation","80"
"INC1127701","Email release from andrzej.orzechowski@gkpge.pl","Access Grant Request","95"
"INC1126801","User wanted teams installed in her laptop","Hardware","70"
"INC1119455","Password expired","Password Reset","95"
"INC1126826","Unable to authenticate using MS authenticator","Access Authentication Failure","95"
"INC1121203","BitLocker","Application Function Issue","85"
"INC1120435","Account Unlock AD","Password Reset","90"
"INC1116266","Laptop - Black screen","Hardware","90"
"INC1118176","[OU] VPN issue","VPN","95"
"INC1136983","unable to login into laptop after password change","Password Reset","95"
"INC1122404","[OU] Please release email with attachment FW: We found harmful files in a message","Security Violation","90"
"INC1122409","Need BitLocker recovery key","Access Authentication Failure","85"
"INC1136010","Account locked","Access Authentication Failure","95"
"INC1114653","Urgent IT Support Required – Email Access Issue (Ahmed Abbes)","Access Authentication Failure","85"
"INC1120438","Email release from ambulanta@morela.si","Access Grant Request","90"
"INC1124868","Assistance in logging into EBRDRemote","Access Authentication Failure","90"
"INC1126733","Remove an email block","Access Authentication Failure","80"
"INC1116840","Access and sign in to the system","Access Authentication Failure","75"
"INC1127247","Re: [OU] BitLocker","Security Violation","60"
"INC1118806","[OU] ESS Access & One Drive Synch Issues","Service/Process Failure","70"
"INC1121944","I tried to add account knowhowserbia@ebrd.com and it failed (see screen shoot). Could you please add","Access Authentication Failure","85"
"INC1122994","unable to access outlook and teams","Access Authentication Failure","75"
"INC1126831","Please remove Idil Bilgic Alpaslan (bilgici@ebrd.com) from RO - Ankara RO-Ankara@ebrd.com","Access Revoke","90"
"INC1126965","User receiving Windows Pop up","Application Function Issue","80"
"INC1114978","no copilot +OneDrive needs update","Application Function Issue","70"
"INC1122962","Please install Russian Proofing to MS Word","Application Function Issue","85"
"INC1121197","Getting windows security pop up on browser and outlook","Security Violation","85"
"INC1121342","Unable to connect to VPN","VPN","95"
"INC1115029","I have purchased new mobile phone and need to add my email to new authenticator","Access Grant Request","75"
"INC1118954","[OU] Authenticator issue","Application Function Issue","80"
"INC1144037","Unable to delete the logged test account from Laptop: LT12471.","Hardware","70"
"INC1141080","Outlook and Teams not working on phone","Service/Process Failure","80"
"INC1125668","User wanted to connectto EBRD remote on his personal laptop","Network","85"
"INC1115052","Teams is not working on my laptop, only in mobile phone","Application Function Issue","90"
"INC1126982","Bit-Locker issue","Security Violation","80"
"INC1115095","laptop LT13027 not connecting to home wifi","Network","95"
"INC1127039","[OU] Laptop login","Access Authentication Failure","75"
"INC1127031","[OU] Recovery key urgent","Password Reset","90"
"INC1124274","Ashgabat  RO internet password.","Network","80"
"INC1115138","Unable to access my Outlook and intranet","Access Authentication Failure","85"
"INC1116383","Link my Onedrive to my new Remarkable 2 device","Hardware","80"
"INC1116943","End User wants to Install Personal Printer in Home","Hardware","80"
"INC1114974","Unable to sign in to Intranet on Mobile","Access Authentication Failure","90"
"INC1117173","Wifi Issue","Network","70"
"INC1117650","problem with logging  in to intranet and internet","Access Authentication Failure","85"
"INC1127068","Unable to EBRD intranet web page","Access Authentication Failure","85"
"INC1111896","[OU] Outlook Calendar issue","Application Function Issue","75"
"INC1119667","Phishing email","Security Violation","95"
"INC1116998","Mobile Device Compliant","Hardware","90"
"INC1117000","Email release from piotr.maslejak@amberinfrastructure.com","Access Grant Request","85"
"INC1115364","Bitlocker key required","Security Violation","80"
"INC1121258","Unable login in out and teams and error : Microsoft 365  applications Blocked","Access Authentication Failure","95"
"INC1115419","Re: [OU] Wi-Fi  credentials [MD3089]","Network","75"
"INC1134967","IPM file issues","Application Function Issue","70"
"INC1135996","Issues with bank mobile phone","Hardware","85"
"INC1133472","Issue with the work mobile phone","Hardware","85"
"INC1132831","Blocked  outlook ( Vesela Banova)","Access Authentication Failure","85"
"INC1117081","Please install 7zip on my computer","Access Grant Request","90"
"INC1133621","M365 MS Authenticator","Access Authentication Failure","80"
"INC1133602","Account Unlock AD","Access Authentication Failure","95"
"INC1118010","Phishing Email","Security Violation","95"
"INC1127124","adding my number to mfasetup","Access Grant Request","85"
"INC1121268","Bitlocker required","Hardware","90"
"INC1121310","Bitlocker Recovery Key","Hardware","90"
"INC1121312","unable to connect EBRD wifi","Network","85"
"INC1115257","Email release from agnieszka@ogonowska.com","Application Function Issue","80"
"INC1115152","Could you please let me know, the maximum size of email we can receive and we can send by corporate ","Application Function Issue","70"
"INC1114937","PDFs are not downloading","Application Function Issue","90"
"INC1118497","Unable to access external sites using EBRD Laptop off VPN via personal/hotspot","Network","85"
"INC1127059","Sharing Microsoft Teams call recording with External Parties","Security Violation","75"
"INC1117114","MS Word not responding, loading very slowly.","Application Function Issue","95"
"INC1124846","Unable to launch outlook, stuck at processing","Application Function Issue","90"
"INC1117126","Request for Bit locker Recovery key","Access Authentication Failure","85"
"INC1122954","Reset Iphone PIN","Password Reset","95"
"INC1122513","Lost access to membership in outlook groups","Access Authentication Failure","80"
"INC1123093","Able to see overheating sign on laptop LT14808","Hardware","90"
"INC1123173","Assistance to reset her password","Password Reset","95"
"INC1118979","I am trying to access Mandatory course "Domiciliation at the EBRD" but I keep receiving the followin","Access Authentication Failure","80"
"INC1115425","I can't create my email esignature","Application Function Issue","90"
"INC1117159","Unable to login to laptop, account locked","Access Authentication Failure","95"
"INC1120180","Laptop slow issue","Hardware","85"
"INC1122967","OneDrive - sync issues","Application Function Issue","90"
"INC1121439","Urgent- Account locked from Laptop","Access Authentication Failure","95"
"INC1121409","Outlook and Teams are not opening.","Service/Process Failure","85"
"INC1122498","Connect printer at RO","Hardware","80"
"INC1136907","Release Email","Access Grant Request","90"
"INC1119098","Google search issues","Application Function Issue","70"
"INC1121375","Outlook access and as well as Teams","Access Grant Request","85"
"INC1121550","Email release from p.maksimenko@greenfingroup.com","Access Grant Request","95"
"INC1121398","not able to print","Hardware","75"
"INC1117230","EBRD intranet vertical ribbon not showing on homepage (in both Edge and Chrome browsers)","Application Function Issue","80"
"INC1120673","Email release from elzbieta.zdunczyk@ing.pl","Access Grant Request","90"
"INC1120333","Hello, please kindly provide access for Meltem Ozkan to TMT shared project folders.","Access Grant Request","95"
"INC1120098","Access toMicrosoft 365 is blocked error","Access Authentication Failure","85"
"INC1136897","Release Email","Application Function Issue","70"
"INC1115362","I had problems connecting remotely since it took me too long to open each file in my computer.  Besi","Hardware","80"
"INC1117220","Web cam not working","Account Unlock AD","90"
"INC1119120","Account Unlock AD","Password Reset","85"
"INC1121464","Trouble signing in","null","null"
"INC1119082","Blocked M365 Apps - Outlook","Application Function Issue","95"
"INC1118367","Unable to access Wifi in personal phone, laptop and ebrd iphone","Network","85"
"INC1119058","URGENT: username blocked for SakiyevI@ebrd.com","Access Authentication Failure","90"
"INC1119001","Acrobat Reader is not working on my device","Application Function Issue","80"
"INC1121623","Teams got struck on mobile","Application Function Issue","90"
"INC1121595","Account Unlock AD","Access Authentication Failure","95"
"INC1121615","My colleague can't have access to his work phone as it requires a code that we can't find","Hardware","75"
"INC1120950","Need Bitlocker recovery key.","Password Reset","95"
"INC1137018","User receiving security pop up","Security Violation","85"
"INC1121725","Account Unlock AD","Access Authentication Failure","90"
"INC1122655","Outlook crashes multiple times a day when closing an email","Application Function Issue","90"
"INC1121593","URGENT: M365 not working for Assaad El Turk (LT13577)","Service/Process Failure","80"
"INC1120626","External sites not accesible","Network","75"
"INC1121603","Iphone Reset without Trigger","Hardware","70"
"INC1119123","Teams not working","Application Function Issue","85"
"INC1122422","Windows Security Pop Up Issue","Security Violation","90"
"INC1121728","Email release from poistovna@generali.com","Access Grant Request","85"
"INC1127311","User was stuck on bitlocker page","Application Function Issue","80"
"INC1121702","Cannot login with the new password","Password Reset","95"
"INC1119100","User wants macros in excel","Application Function Issue","70"
"INC1119028","Urgent - logged out from emails on laptop","Access Authentication Failure","85"
"INC1119346","Account unlock for Irina Sakiyeva","Access Grant Request","90"
"INC1136944","[OU]  cant open word docs from outlook on phone please assist","Application Function Issue","85"
"INC1123765","[OU] VPN issue","VPN","95"
"INC1121350","Password Changed and Forgotten, Devices Now Inaccessible","Password Reset","90"
"INC1117989","I am currently unable to use either printer 333 or printer 334 when printing documents from SAP or a","Application Function Issue","80"
"INC1123744","[OU] Help needed","Access Authentication Failure","75"
"INC1117239","I cannot open PDF docs","Application Function Issue","70"
"INC1121348","please unlock Agnieszka's account","Access Grant Request","85"
"INC1130919","Adobe Acrobat not launching","Access Authentication Failure","95"
"INC1136870","unlock the account","Access Authentication Failure","90"
"INC1137257","GEP SMART Access","Application Function Issue","85"
"INC1137030","Account locked out","Access Authentication Failure","95"
"INC1120136","Unable to connect to VPN","Network","90"
"INC1120331","Flickering laptop screen","Hardware","80"
"INC1117073","How to increase font size/appearance in SAP?","Application Function Issue","85"
"INC1121871","End user contacted on behalf of Tamas Nagy Unable to Connect to EBRD wifi","Network","90"
"INC1117285","Login issues to onedrive and ms office","Access Authentication Failure","95"
"INC1118256","Urgent access Problem - login notifications keep popping up","Access Authentication Failure","90"
"INC1118247","Laptop not connecting to corporate iphone's hotspot","Network","85"
"INC1118241","User was getting windows security pop up","Security Violation","80"
"INC1118240","LT11987 - Unable to access the EBRD internet Webpage","Service/Process Failure","75"
"INC1117610","[OU] RE: TASK2389013 -  Amend Teams Site to include External Users - Nurgul Kudranova","Access Grant Request","60"
"INC1118782","Need urgent support with some slides that went missing on teams","Application Function Issue","80"
"INC1122142","Request to Reset WiFi Username and Password for Mehmet Uvez (Ankara RO) -ref TASK2392860","Password Reset","95"
"INC1121846","unable to login with new passsword","Access Authentication Failure","85"
"INC1117478","Issue with Monarch application","Application Function Issue","90"
"INC1119936","Email release from munkhtselmeg.n@xacbank.mn","Access Grant Request","95"
"INC1119937","Email release from central@charming-bled.com","Access Grant Request","95"
"INC1120750","Debt Operations Enquiry Tool (DET) is not working","Application Function Issue","95"
"INC1136875","forgot his password and doesn't have an access","Password Reset","90"
"INC1136923","[OU] Account blocked","Access Authentication Failure","85"
"INC1119250","Unable to connect to office Wi-Fi","Network","80"
"INC1116737","PDF is not working","Application Function Issue","85"
"INC1118549","Bitlocker Recovery key.","Security Violation","75"
"INC1121612","Access to ClientNet","Access Grant Request","70"
"INC1118345","Emails stuck in outbox","Service/Process Failure","80"
"INC1118407","Client Dynamics Access Issue","Access Authentication Failure","75"
"INC1140215","LT11639 - BitLocker recovery Key ID Issue","Access Authentication Failure","95"
"INC1119325","Email release from brice.dacosta@axian-group.com","Access Grant Request","90"
"INC1119095","Unable to login to the intranet","Access Authentication Failure","95"
"INC1119282","Account unlock","Access Authentication Failure","95"
"INC1118551","locked out, not able to use any business applications","Access Authentication Failure","95"
"INC1127580","End User Unable to Send Emails From Outlook","Access Authentication Failure","95"
"INC1127589","Account Unlock","Access Authentication Failure","95"
"INC1118472","account is blocked","Access Authentication Failure","95"
"INC1117404","Authenticator / connection issues","Access Authentication Failure","95"
"INC1117580","Bitlocker recovery key","Access Grant Request","95"
"INC1118717","Assistance to set up MFA","Access Authentication Failure","95"
"INC1118370","Adobe _PDF issues","Application Function Issue","85"
"INC1117583","Email release from michal.tesar@newton.cz","Access Grant Request","95"
"INC1127606","Email release from mohamed.said@securepluseg.com","Access Grant Request","95"
"INC1118769","Email release from z.strycharska-szyjka@maspex.com","Access Grant Request","95"
"INC1118757","unable to connect VPN","VPN","95"
"INC1117364","LT11633 periodically displays error about issues with my Work account","Application Function Issue","80"
"INC1121054","Issue with printing","Application Function Issue","70"
"INC1118691","kind request for access to mailbox knowhowkosovo@ebrd.com","Access Grant Request","90"
"INC1118803","Cannot open intranet.","Application Function Issue","85"
"INC1118821","Password expired, getting windows security pop ups.","Password Reset","95"
"INC1117664","Test Chat","Security Violation","30"
"INC1115438","Email release","Service/Process Failure","75"
"INC1118774","Bitlocker Recovery Key","Security Violation","60"
"INC1119363","RE: [OU] adobe not working","Application Function Issue","90"
"INC1127640","Email release from andrzej.orzechowski@gkpge.pl","Access Grant Request","85"
"INC1122116","unable to connect EBRD guest wifi","Network","80"
"INC1122120","My OneDrive Desktop app doesn't sync with cloud infrastructure (Teams Channels).","Application Function Issue","75"
"INC1117944","[OU] DTM not working","Application Function Issue","95"
"INC1122140","Add User to RO Head Working Group","Access Grant Request","85"
"INC1132715","Adobe not working","Application Function Issue","90"
"INC1126508","Urgent - laptop LT10757-password reset assistance","Password Reset","95"
"INC1125764","I need to urgently download a meeting recording created by AmCham Serbia on https://we.tl/t-MIiWuGBd","Access Authentication Failure","85"
"INC1116202","MS word freezes","Application Function Issue","90"
"INC1116123","User was locked out","Access Authentication Failure","90"
"INC1116316","User was unable to find client dynamics in EBRD intranet","Access Authentication Failure","80"
"INC1114305","Adobe Acrobat Reader installation needed.","Application Function Issue","85"
"INC1120805","User was unable to access the intranet page and applications","Access Authentication Failure","85"
"INC1115829","While sending an email , the email remains on the outbox and cannot be sent.","Application Function Issue","90"
"INC1120109","HSBC email with the second stage corporate credit card application doesn't reach my inbox despite be","Access Authentication Failure","75"
"INC1122433","[OU]  IT ticket - Cannot access to internal systems - Need immediate support","Access Authentication Failure","95"
"INC1116365","need to unlock the account","Password Reset","90"
"INC1116369","Access to M365 is blocked","Access Authentication Failure","95"
"INC1121357","Cant access my mobile email it says mobile compliance not met","Access Authentication Failure","90"
"INC1116428","He was facing delay in accessing applications on his desktop","Application Function Issue","85"
"INC1125770","Bit locker recovery key","Security Violation","90"
"INC1129382","BitLocker","Security Violation","80"
"INC1121270","Getting windows security pop on screen","Security Violation","95"
"INC1115501","Need BitLocker recovery key","Security Violation","90"
"INC1121276","Windows security Popup Issue","Security Violation","95"
"INC1116395","Bitlocker recovery key.","Security Violation","90"
"INC1114584","Vpn issues","VPN","95"
"INC1115513","account is locked","Access Authentication Failure","95"
"INC1113864","Re: [OU] Wi-Fi  credentials","Network","85"
"INC1115557","LT11095 - BitLocker recovery key recurring issue","Security Violation","80"
"INC1119487","Unable to get codes  on MS Authenticator App","Application Function Issue","75"
"INC1119527","BitLocker","Security Violation","70"
"INC1118935","365 blocked, dont have access to Outlook","Access Authentication Failure","85"
"INC1115540","Andi Aranitasi/WIFI access for corporate iphone","Network","80"
"INC1115475","Hi there, please could you unlock Amanova's account?","Access Authentication Failure","95"
"INC1114033","[OU] Request to Add S&P Capital IQ Pro Access","Access Grant Request","95"
"INC1114983","LT12012 -I do not access my outlook or intranet because it does not accept my password for some reas","Access Authentication Failure","90"
"INC1115597","MS authenticator set up on new mobile","Password Reset","85"
"INC1115527","[OU] Svetlana Kim's account locked","Access Authentication Failure","95"
"INC1115536","WiFi issue - LT11576","Network","80"
"INC1115143","Issue with Elsy","Access Authentication Failure","80"
"INC1115495","My computer is working very slow today.","Network","80"
"INC1115520","[OU] Error message","Application Function Issue","70"
"INC1123038","Issue with Disappeared Email Account","Access Authentication Failure","90"
"INC1115678","[OU] teams not working","Application Function Issue","70"
"INC1115708","Access to M365 Apps is Blocked","Access Authentication Failure","95"
"INC1115769","User was unable to connect with EBRD WIFI","Network","85"
"INC1115813","[OU] Lumta Ramadani - Access to Microsoft 365 Blocked","Access Authentication Failure","95"
"INC1115615","I changed my password recently and now I do not have access to my Microsoft 365 on my laptop (I do h","Password Reset","85"
"INC1115809","User unable to access M365 applications","Access Authentication Failure","75"
"INC1115581","Onedrive sync issue","Application Function Issue","90"
"INC1107628","Phishing email","Security Violation","95"
"INC1118112","No access to J Drive - resolved 3rd","Access Authentication Failure","60"
"INC1136422","[OU] Checking emails for safety","Security Violation","80"
"INC1115802","blocked email","Security Violation","90"
"INC1115857","Confirmation of email address/ Operational Risk Management / is@ebrd.com","Security Violation","80"
"INC1115906","Bit locker Recovery","Hardware","90"
"INC1115911","Bitlocker key urgent","Hardware","90"
"INC1115841","RE: [OU] How to create Bitlocker PIN?","Access Authentication Failure","70"
"INC1121757","Mobile Device Compliant","Network","85"
"INC1115942","Email release from anita.buljan@otpbanka.hr","Access Grant Request","75"
"INC1144069","User is unable to access wifi in their phone","Network","85"
"INC1119463","Unable to login to system,  getting incorrect username or password error","Access Authentication Failure","95"
"INC1144084","[OU] slow outlook","Application Function Issue","85"
"INC1119469","Unable to login, account locked","Access Authentication Failure","90"
"INC1116050","BitLocker","Security Violation","70"
"INC1115523","[OU] Bitlocker recovery for one of the laptops","Security Violation","80"
"INC1118143","User called as she is not able to login to teams and outlook and getting error as "access to M365 is","Access Authentication Failure","85"
"INC1115529","[OU] Urgent bitlocker","Security Violation","90"
"INC1113770","after the recent global IT incident Adobe acrobat reader wouldn`t start","Application Function Issue","95"
"INC1117611","Name doesn't match email","Security Violation","90"
"INC1118509","Unable to access external sites using EBRD Laptop off VPN via personal/hotspot","Network","85"
"INC1110186","[OU] RE: Visitor account receipt for GABRAC@EBRD.COM","Access Grant Request","80"
"INC1115602","Bitlocker - New laptop login issue","Hardware","90"
"INC1116040","hello, please could check we Bishkek RO is not included in GroupCAROs@ebrd.com list as we didn't rec","Access Authentication Failure","80"
"INC1116053","[OU] Appears that my account has expired","Access Authentication Failure","90"
"INC1137071","Account Unlock AD","Access Authentication Failure","95"
"INC1118223","LT10560- End User Unable to Print","Application Function Issue","90"
"INC1116071","[OU] account locked","Access Authentication Failure","95"
"INC1116090","[OU] Assistance Required with Zipping Files","Application Function Issue","85"
"INC1114946","RO Almaty RO distribution list","DL creation","70"
"INC1116267","Email release from pe-nl@apexgroup.com","Access Grant Request","90"
"INC1115742","accidentally deleted folders","Security Violation","85"
"INC1112718","Request for Shared Calendar Setup","Access Grant Request","95"
"INC1114904","Not able to login on Cigna website","Access Authentication Failure","80"
"INC1116233","Teams does not work when accessed from laptop since Friday 27 June. It works on the phone. The messa","Application Function Issue","75"
"INC1120813","unable to access the any of the apps . getting windows security pop up","Security Violation","85"
"INC1120843","Mobile Device Compliant","Security Violation","80"
"INC1119595","One Drive Access Issues","Application Function Issue","70"
"INC1117645","Need assistance with login to EBRD remote.","Access Authentication Failure","90"
"INC1127060","Can't open PDF attachments","Application Function Issue","60"
"INC1118253","Unable to access the teams and outlook and Error Message  : Microsoft 365 is blocked","Service/Process Failure","85"
"INC1118275","BitLocker","Hardware","75"
"INC1116643","[OU] 28 Mbt file","Network","50"
"INC1128142","Phishing email","Security Violation","95"
"INC1122464","Issue with checkpoint Endpoint","Application Function Issue","80"
"INC1122466","Cannot sign off corporate card Attestation","Access Grant Request","70"
"INC1126330","Issue with authenticator","Access Authentication Failure","90"
"INC1122445","User was unable to access teams and outlook  and error : M365 applications is blocked","Service/Process Failure","85"
"INC1125366","End user Unable to Open External Websites in Office","Application Function Issue","75"
"INC1116702","I need to have an extra tab in my excel named S&P Capital IQ Pro Access","Access Grant Request","60"
"INC1133598","Mouse not working","Hardware","95"
"INC1118296","Windows Security pop-up","Security Violation","85"
"INC1122414","[OU] Adobe app is not working at all, no reponce","Application Function Issue","90"
"INC1129252","Phone Reset – Setup Required","Password Reset","80"
"INC1116697","problems with logging into Microsoft account (new joiner)","Employee Onboarding","75"
"INC1106985","Account Unlock AD","Access Authentication Failure","85"
"INC1145187","Bit locker recovery Key","Security Violation","70"
"INC1117634","[OU] URGENT","Access Authentication Failure","60"
"INC1117620","I cannot access Outlook nor Teams on my computer after changing my password yesterday","Password Reset","85"
"INC1121437","Account Lock out Issue","Access Authentication Failure","95"
"INC1136860","User was unable to login into her system","Access Authentication Failure","90"
"INC1121450","Access to M365 is Blocked","Access Authentication Failure","95"
"INC1118485","Trouble receiving emails from Cigna","Application Function Issue","70"
"INC1124700","OneDrive Access Blocked","Access Authentication Failure","95"
"INC1120061","[OU] Incident: Windows Security","Security Violation","80"
"INC1119322","Calendar access","Application Function Issue","75"
"INC1121315","Need bitlocker recovery key","Access Authentication Failure","90"
"INC1137100","release file","Access Grant Request","85"
"INC1115164","No access to ESS","Access Authentication Failure","80"
"INC1121487","Windows pop-up error","Application Function Issue","75"
"INC1118425","Email release from keyaccount@t-mobile.pl","Access Grant Request","95"
"INC1119603","unlock the account","Access Authentication Failure","85"
"INC1144063","Could you enable Copilot to access my emails?","Access Grant Request","70"
"INC1118403","Outlook - Support Pop-Ups (see below screen shots)","Application Function Issue","65"
"INC1122459","Trouble enrolling my iPhone","Access Authentication Failure","75"
"INC1116755","Outlook doesn't start - Blocked access to M365","Access Authentication Failure","95"
"INC1122577","VPN Stucks at 47% On the Login Page","VPN","90"
"INC1137144","User was locked out - LT13692","Access Authentication Failure","85"
"INC1137112","Discovered Check Point issue impossible to sign in","Security Violation","80"
"INC1118448","Getting windows security pop up on browser and outlook","Application Function Issue","75"
"INC1119746","WS7773 - End user unable to open or launch word application","Access Authentication Failure","70"
"INC1116183","Email release from chiruoc@yahoo.com","Security Violation","65"
"INC1116859","Trouble opening a template email","Access Authentication Failure","80"
"INC1118249","getting widnows security pop up to enter login","Security Violation","70"
"INC1119636","Waiting for phone","Application Function Issue","60"
"INC1119705","User was unable to login into account","Access Authentication Failure","90"
"INC1119585","One Drive issue","Application Function Issue","85"
"INC1118950","LT13704 - Adobe Acrobat Reader not Launching","Application Function Issue","95"
"INC1119660","LT14750 -M365 Apps Blocked","Service/Process Failure","75"
"INC1123312","Email release from infemini@infemini.pl","Email","0"
"INC1121284","Access to M365 is blocked after password change.","Password Reset","95"
"INC1116841","Elaman Saralyev's access to the EBRD account","Access Grant Request","85"
"INC1121609","unable to print","Application Function Issue","70"
"INC1136473","[OU] Urgent bitlocker recovery","Security Violation","90"
"INC1118535","Account Unlock AD","Access Authentication Failure","80"
"INC1118506","Unable to access external sites using EBRD Laptop off VPN via personal/hotspot","VPN","85"
"INC1117311","Urgent IT Support Required – Email Access Issue (Ahmed Abbes)","Access Authentication Failure","90"
"INC1119647","Acrobat Reader is not working and access to RO wi fi withEBRD IPhone","Application Function Issue","85"
"INC1130908","Unable to send email from outlook","Application Function Issue","90"
"INC1121789","[OU] FW: Mobile Device Compliant","Access Authentication Failure","75"
"INC1116458","M365 Access blocked","Access Authentication Failure","80"
"INC1119818","Field in excel got deleted","Application Function Issue","95"
"INC1119802","Please help me undo all the edits i have made to this file in the 'Pipeline please update' tab","Application Function Issue","90"
"INC1117959","[OU] Issue accessing ESS platform","Access Authentication Failure","80"
"INC1117993","[OU] Notification delay","Password Reset","80"
"INC1119819","I cannot change my password.","Access Authentication Failure","90"
"INC1121329","Microsoft teams Blocked","Application Function Issue","70"
"INC1122544","Account issue Windows Security window keeps popping up","Security Violation","85"
"INC1119869","User account was locked","Access Authentication Failure","95"
"INC1119887","Account Unlock AD","Password Reset","90"
"INC1125896","I cannot open any of PDF documents","Application Function Issue","60"
"INC1125938","Unable to access old laptop LT10190","Hardware","80"
"INC1121718","Email release from agnieszka.ledwolorz@bosbank.pl","Access Grant Request","95"
"INC1122814","Could you please assist with adding another user diana.rnjak@dollybell.rs","Access Grant Request","95"
"INC1120912","Email release from jolanta.tokarska@pkobh.pl","Access Grant Request","95"
"INC1120167","Email release from ovchinev@nbdbank.ru","Access Grant Request","95"
"INC1120355","Request to install SAP, Tableau and SQL in new laptop","Hardware","80"
"INC1121127","User requested for bit locker recovery  key","Access Authentication Failure","75"
"INC1119900","Suspicious Whatsapp message received on  EBRD mobile number on name President (Odile Renaud-Basso )","Security Violation","95"
"INC1122167","Link to be added to trusted sites","Access Grant Request","90"
"INC1131922","bit locker recovery key","Password Reset","85"
"INC1122537","Teams not working on laptop","Application Function Issue","80"
"INC1120059","unable to login into laptop due to  screen blank.","Access Authentication Failure","75"
"INC1120082","[OU] permission to calendar","Access Grant Request","90"
"INC1121833","[OU] Urgent - please unblock Ilyas Akhetov","Access Grant Request","95"
"INC1121862","Unable to login to EBRD laptop as she forgot the password","Password Reset","95"
"INC1128374","EBRD Remote","Access Authentication Failure","80"
"INC1120282","Outlook sent email getting stored in outbox","Application Function Issue","90"
"INC1133565","Copilot + Reasercher","Security Violation","90"
"INC1127841","Unable to access ESS portal on intranet","Access Authentication Failure","85"
"INC1127872","Emails getting stuck in outbox","Application Function Issue","95"
"INC1122722","Phishing email","Security Violation","95"
"INC1120089","User was unable to access the outlook and teams and Error message : micorsoft365 was blocked","Access Authentication Failure","85"
"INC1120088","My Microsoft account is locked Laptop No LT12839","Access Authentication Failure","90"
"INC1122408","RE: [OU] How to enable remote Management for an iPhone S?","Application Function Issue","75"
"INC1122926","unable to see printer in laptop","Hardware","80"
"INC1120437","Email release from tsichlim@piraeusbank.gr","Access Grant Request","60"
"INC1120405","Issue connecting to guest wifi","Network","90"
"INC1120149","unable to access link","Application Function Issue","90"
"INC1118379","Hello, the Teams app is not working for me.","Application Function Issue","85"
"INC1120148","Unable to open the word document","Application Function Issue","80"
"INC1131020","RO Tunisia wifi connection","Network","95"
"INC1117853","My laptops' s keyboard sytoppedworking","Hardware","90"
"INC1122674","Login issues - New joiner","Employee Onboarding","85"
"INC1120503","Unable to  print PDF files from Adobe Acrobat.","Application Function Issue","80"
"INC1120430","Request to Reactivate Account – Ahmed Abbes","Access Grant Request","95"
"INC1120565","LT14016 -  Laptop not charging","Hardware","95"
"INC1118053","User is unable to access her laptop -  LT11894","Hardware","95"
"INC1122691","Password not sync","Password Reset","90"
"INC1125351","Account lockout issue","Access Authentication Failure","90"
"INC1120334","Account Locked","Access Authentication Failure","90"
"INC1125364","Bitlocker Recovery Key","Security Violation","85"
"INC1118153","[OU] Issue with S&P Capital IQ PRo","Application Function Issue","80"
"INC1120639","VPN Connection Issues","VPN","95"
"INC1122213","Email release from postmaster@jea.org.jo","Service/Process Failure","85"
"INC1132763","unable to login with new password","Access Authentication Failure","95"
"INC1119090","I can't login into CIGNA application.","Access Authentication Failure","90"
"INC1120305","Unable to login to teams and outlook and getting error as "access to M365 is blocked"","Access Authentication Failure","85"
"INC1120304","Email release from tsichlim@piraeusbank.gr","Access Grant Request","90"
"INC1120276","Iphone wifi access","Network","80"
"INC1123095","User requesting for the bit locker recovery key","Password Reset","85"
"INC1123785","[OU] Laptop locked out","Access Authentication Failure","90"
"INC1125605","[OU] Problems with Authenticator","Access Authentication Failure","95"
"INC1123818","[OU] Bitlocker recovery","Password Reset","90"
"INC1123821","Account got locked out","Access Authentication Failure","90"
"INC1123825","[OU] FW: We found harmful files in a message","Security Violation","85"
"INC1125939","Unable to login to new laptop LT13452","Access Authentication Failure","80"
"INC1123503","Account Unlock AD and Password Reset","Password Reset","95"
"INC1143668","[OU] Unlock emails","Access Authentication Failure","85"
"INC1129559","unable to connect VPN","VPN","90"
"INC1122490","My laptop Screen flickering/flashing","Hardware","90"
"INC1122724","Access to M365 is blocked after password Reset","Password Reset","85"
"INC1121891","Unable to send emails from the "Athensadmingroup@ebrd.com" email address","Application Function Issue","80"
"INC1123868","M365 MS Authenticator","Access Authentication Failure","75"
"INC1123817","[OU] Request to setup an account, mobile wifi, VPN and authenticator","VPN","70"
"INC1123874","Bit locker recovery key","Security Violation","65"
"INC1123880","Teams/Outlook blocked, access issue after password change","Access Authentication Failure","90"
"INC1123424","I dont have power point on the pc","Application Function Issue","85"
"INC1123876","SAP Manager Self Service is not working since 14.07.2025. I am unable to process leave requests in t","Application Function Issue","80"
"INC1125435","Email release from salibamills@gmail.com","Security Violation","75"
"INC1143858","Bitlocker error on new EBRD laptop LT15002 and Unable to access EBRD WiFi","Hardware","95"
"INC1123449","Tunis RO Internet down","Network","90"
"INC1122878","Email release from info@mail.mubi.pl","Security Violation","80"
"INC1131163","Difficulty to detect the Cairo RO printers","Hardware","70"
"INC1127030","User got locked out from her laptop","Access Authentication Failure","90"
"INC1123020","MS Project license","Application Function Issue","85"
"INC1133691","outlook is not opening","Application Function Issue","90"
"INC1124110","M365 Blocked","Service/Process Failure","85"
"INC1128451","Phishing email","Security Violation","95"
"INC1124208","Login Issue Following Password Change and Sync","Access Authentication Failure","95"
"INC1124276","Email release from stefania.oprea@unicredit.ro","Access Authentication Failure","80"
"INC1123067","Troubles in the RO internet","Network","90"
"INC1124112","M365 Blocked","Access Authentication Failure","95"
"INC1124145","I tried to change the version of Outlook - Error account blocked","Application Function Issue","85"
"INC1118800","[OU] OCR of PDF","Service/Process Failure","70"
"INC1125461","The network connection is unreliable","Network","90"
"INC1122699","I can't access files","Access Authentication Failure","95"
"INC1124038","unable to access Teams","Access Authentication Failure","90"
"INC1138492","Getting windows popup","Security Violation","60"
"INC1122381","[OU] Computer locked me out","Access Authentication Failure","95"
"INC1122897","[OU] Fw: Locked out","Access Authentication Failure","90"
"INC1126334","user was unable to access the Askit on EBRD intranet","Access Authentication Failure","85"
"INC1126350","Account Unlock AD","Access Authentication Failure","90"
"INC1124163","PDF files does not open","Application Function Issue","80"
"INC1123387","[OU] email to check","Access Authentication Failure","75"
"INC1124441","Email release from gerard@mruna.com","Access Grant Request","60"
"INC1124451","Email release from stefania.oprea@unicredit.ro","Access Grant Request","60"
"INC1124449","Email release from izabela.majcherczyk@mwik.bydgoszcz.pl","Access Authentication Failure","80"
"INC1138080","Approved GenAI tool","Access Grant Request","85"
"INC1126326","Internet presentation of Public ESCO project - Enable access  javniescosrbija.com","Network","70"
"INC1125300","Access blocked for Teams","Access Authentication Failure","90"
"INC1121125","outlook pop up issue due to password expired","Password Reset","95"
"INC1122932","Dear IT Team, I joined Istanbul RO this monday.I have been told by the Admin Department that I would","Employee Onboarding","85"
"INC1126352","Windows proxy issue","Network","90"
"INC1136527","Account locked","Access Authentication Failure","85"
"INC1121176","Password reset issue","Password Reset","95"
"INC1123562","PRINTER PR0886","Hardware","95"
"INC1123430","Please help me to connect vpn.","VPN","90"
"INC1124627","[OU] FW: Files attached to a message triggered a policy","Security Violation","80"
"INC1124628","Issue with Bitlocker","Application Function Issue","75"
"INC1124634","Bitlocker recovery key","Password Reset","95"
"INC1123853","Dear IT Team, I am a new joiner and could not find access to our password management policy within o","Employee Onboarding","85"
"INC1124647","URGENT - Laptop blocked for 24 hours and can not log in","Access Authentication Failure","90"
"INC1127055","Unable to click on reply all option on outlook and headset issue","Application Function Issue","75"
"INC1124755","User wanted to change password","Password Reset","95"
"INC1124719","Need help with Guest wifi","Network","80"
"INC1124698","Windows security pop-up","Security Violation","80"
"INC1124716","Please enable wifi on my office iPhone no MD5080","Network","90"
"INC1129297","[OU] Access to L drive","Access Authentication Failure","85"
"INC1124658","PDF is not opening","Application Function Issue","95"
"INC1127435","Hello, I am unable to open and use SAP Concur app on my mobile.","Application Function Issue","90"
"INC1122648","Access to EBRD applications via mobile Intranet","Access Authentication Failure","80"
"INC1124874","Account Unlock AD","Password Reset","95"
"INC1123862","Unable to access external link","Network","85"
"INC1124877","One-time access to WeTransfer.","Access Grant Request","90"
"INC1105430","Trouble with accessing Cision","Access Authentication Failure","80"
"INC1128065","Phishing email","Security Violation","95"
"INC1125023","Email release from marcin.murawski@ing.pl","Access Authentication Failure","80"
"INC1128086","Phishing email","Security Violation","95"
"INC1125081","Account Unlock AD","Access Authentication Failure","80"
"INC1125142","RE: [OU] FW: Vacation Bonus: Our Thanks to You!","Security Violation","95"
"INC1125547","User informed user account has been locked","Access Authentication Failure","80"
"INC1125864","Litera Compare","Application Function Issue","70"
"INC1125612","Account Unlock AD","Access Authentication Failure","80"
"INC1123669","VPN partly working","VPN","95"
"INC1125215","Unable to login to system","Access Authentication Failure","90"
"INC1138564","Unable to access Intranet","Access Authentication Failure","85"
"INC1143830","RE: [OU] Duplicated by mistake","Service/Process Failure","70"
"INC1126192","Account Locked","Access Authentication Failure","95"
"INC1123615","Vpn issue","VPN","80"
"INC1128613","Email release from sh.e.9088@mail.ru","Security Violation","60"
"INC1131287","Unable to access intranet and monarch application","Access Authentication Failure","90"
"INC1129310","Microsoft Edge is not working properly","Application Function Issue","75"
"INC1125247","Bitlocker Recovery Key ID Issue","Security Violation","80"
"INC1125810","Unable to login to EBRD laptop","Access Authentication Failure","90"
"INC1144163","[OU] FW: A message couldn't be examined","Service/Process Failure","70"
"INC1129384","unable to download theGoogleChrome","Application Function Issue","85"
"INC1131199","Email release from izabela.majcherczyk@mwik.bydgoszcz.pl","Access Grant Request","60"
"INC1126914","EBRD laptop is not working","Hardware","85"
"INC1131210","Email release from alexandra.leman@ensor-consult.com","Access Grant Request","60"
"INC1126899","please unlock Jola's account","Access Authentication Failure","95"
"INC1126930","Unable to Log In to Email on Corp Phone","Access Authentication Failure","90"
"INC1128082","The Copilot only appears on the bottom half of it on the laptop screen, and the full screen isn't vi","Application Function Issue","85"
"INC1127657","Assistance in how to operate  remote access","Access Grant Request","80"
"INC1129350","Account got locked","Access Authentication Failure","95"
"INC1141843","Account locked out","Access Authentication Failure","95"
"INC1123986","Emails not coming through","Service/Process Failure","85"
"INC1125211","User contacted that he was unable to login into his account as he had reset his password multiple ti","Password Reset","85"
"INC1123508","User not able to access authenticator application on phone","Access Authentication Failure","90"
"INC1141851","[OU] Cant access intranet","Network","75"
"INC1126963","Password issue","Password Reset","95"
"INC1129229","User was unable to access Wifi in her phone","Network","80"
"INC1128620","Account Unlock AD","Access Authentication Failure","90"
"INC1130775","EBRD iPhone","Hardware","60"
"INC1127008","S2C SMART Access","Access Authentication Failure","80"
"INC1127011","Account Unlock AD","Password Reset","95"
"INC1138535","Email release from noreply.reinnoire@groupama.ro","Access Grant Request","90"
"INC1126297","User not able to connect VPN","VPN","95"
"INC1138498","I can't send emails in Outlook","Application Function Issue","85"
"INC1138441","Unable to switch to Outlook New","Application Function Issue","80"
"INC1125439","User contacted that she was unable to login into her account as she had reset her password multiple ","Password Reset","90"
"INC1128615","Email release from tour2@globalair-kz.com","Access Grant Request","90"
"INC1125290","Cannot loggin in Desctop","Password Reset","85"
"INC1141658","User forgot the Laptop password","Password Reset","90"
"INC1125291","Unable to access wetransfer link","Application Function Issue","75"
"INC1123410","Files not syncing in file explorer","Application Function Issue","80"
"INC1129764","BITLOCKER for LT13309","Security Violation","60"
"INC1141333","User was locked out and wanted bitlocker","Security Violation","70"
"INC1125421","Some emails from non-EBRD users are not being delivered to my inbox, even though I regularly communi","Service/Process Failure","85"
"INC1130285","Unable to set up new EBRD iPhone","Access Authentication Failure","85"
"INC1131304","Please unlock Levan Modebadze's account modebadl@ebrd.com","Access Grant Request","90"
"INC1131280","Release block on email sent","Access Authentication Failure","75"
"INC1131320","Password change request","Password Reset","95"
"INC1143539","Account locked out","Access Authentication Failure","90"
"INC1138604","NEW TICKET - Automatic Installation Prompt","Application Function Issue","80"
"INC1127185","Account Unlock AD","Access Authentication Failure","85"
"INC1139849","[OU] Virus or spam email","Security Violation","70"
"INC1125311","I am not able to access CIGNA health insurance log in page - please see attached screenshot","Access Authentication Failure","95"
"INC1125431","Please assist with EBRD Self-Service access to "manager/employee service" in order to approve","Access Grant Request","90"
"INC1127058","RITM0192263  - download the requested files for the user and transfer them to Milena","Application Function Issue","85"
"INC1129463","Macros are disabled from excel","Application Function Issue","90"
"INC1127215","Account Unlock AD","Access Authentication Failure","95"
"INC1127232","Assistance to reset my password","Password Reset","95"
"INC1129586","Recovery key urgently needed","Access Grant Request","85"
"INC1129608","Unable to login into account","Access Authentication Failure","90"
"INC1126476","Account Unlock AD","Access Authentication Failure","80"
"INC1138400","REMINDER  - Sayan Birimzhan last working day: 25-08-2026.","Employee Offboarding","75"
"INC1128149","Email release from payingagentssd@bayernlb.de","Access Grant Request","70"
"INC1129729","Copilot access request","Access Grant Request","70"
"INC1128152","Email release from pinter.andrea01@gmail.com","null","null"
"INC1143877","[OU] Wi-Fi at home","Network","90"
"INC1141856","[OU] Microsoft 365 blocked","Network","85"
"INC1141866","RITM0200032","Application Function Issue","70"
"INC1129791","Word file crashed","Network","80"
"INC1129079","Unable to Enroll to Work Iphone   Getting Website not Reaching","Access Authentication Failure","65"
"INC1129770","Email release from anita.buljan@otpbanka.hr","Security Violation","75"
"INC1129028","unable to login to iphone","Access Authentication Failure","70"
"INC1126536","Unable to connect to VPN","VPN","95"
"INC1128176","Bitlocker","Security Violation","80"
"INC1129731","Credentials not working","Access Authentication Failure","95"
"INC1128172","Email release from esalameh@fdc.com.lb","Access Grant Request","85"
"INC1129870","Cant install MS Authencitator on my new phone.","Application Function Issue","90"
"INC1143451","Re: [OU] Bitlocker recovery","Access Authentication Failure","80"
"INC1129695","User was unable to login into his system","Access Authentication Failure","90"
"INC1129440","Can not populate the Grant Equivalent calculator file","Application Function Issue","85"
"INC1128896","Account is disabled.","Access Authentication Failure","95"
"INC1128239","[OU] Bitlocker recovery","Access Authentication Failure","80"
"INC1127829","outlook","Hardware","80"
"INC1128465","BSOD","Security Violation","70"
"INC1128200","[OU] Issue with my laptop","Hardware","90"
"INC1128234","[OU] BitLocker recovery key for 99039230","Access Grant Request","85"
"INC1129934","Security alert","Security Violation","95"
"INC1128330","Account Unlock AD","Password Reset","90"
"INC1128326","web cam laptop","Hardware","75"
"INC1139895","[OU] Locked account","Access Authentication Failure","95"
"INC1129926","Removal of Restriction to WeTransfer and its website","Access Grant Request","80"
"INC1131203","Google homepage issues","Access Grant Request","70"
"INC1130002","Outlook not launching in computer","Application Function Issue","90"
"INC1137913","No Access to Smart by GEP via personal phone and iPad","Access Authentication Failure","85"
"INC1139211","On the outlook app, I'm not part of Shared Calendar which the name is ROUlaanbaatarMBX.","Access Authentication Failure","75"
"INC1139281","RE: [OU] Account check","Access Grant Request","60"
"INC1130010","Access to WeTransfer download link","Access Authentication Failure","80"
"INC1128814","Unable to access .pdf files on laptop.","Application Function Issue","85"
"INC1145209","Please add my email address to the emailing group RO-Bucharest-Bankers@ebrd.com","Access Grant Request","95"
"INC1130806","How to have font permanently enlarged in Outlook messages body?","Application Function Issue","90"
"INC1139045","the two C plugs in the laptop are not working so I can't be connected to the laptop.","Hardware","95"
"INC1145300","User was locked out","Access Authentication Failure","85"
"INC1126818","I need to add few team members to my plan, but Teams does not allow to add individual members, just ","Access Grant Request","80"
"INC1130110","Bitlocker Key","Password Reset","95"
"INC1129966","Re: [OU] RE: Domain not available on laptop","Security Violation","80"
"INC1129516","Access to SIG Vacations Calendar and Key to Adobe Acrobat Pro","Access Grant Request","90"
"INC1130174","need bitlcoker recovery key","Password Reset","95"
"INC1130014","Issue with outlook","Application Function Issue","85"
"INC1130237","M365 blocked error after password change","Service/Process Failure","85"
"INC1130305","Email release from tamalta-pefunds@apexgroup.com","Security Violation","75"
"INC1130224","Medical insurance","Employee Onboarding","70"
"INC1127540","INC1117297 - Please help us with opening the attached xades files in pdf","Application Function Issue","85"
"INC1139824","EBRD Wi-Fi(Guest ) login issue","Network","90"
"INC1131444","Wifi username and password","Access Authentication Failure","80"
"INC1139009","Mimecast Portal blocked an email containing useful files","Security Violation","75"
"INC1130411","Access to Goodle drive","Access Authentication Failure","70"
"INC1129003","Account disabled issue  Celine Mano","Access Authentication Failure","85"
"INC1130428","Email release","Access Grant Request","65"
"INC1130431","Query related to the Shared mailbox delegation","Access Authentication Failure","80"
"INC1136625","[OU] RE: Files attached to a message triggered a policy","Security Violation","70"
"INC1128495","SAP Logon installation","Application Function Issue","90"
"INC1128839","I cannot access any external website, I get the following message - Your connection isn't private","Network","85"
"INC1139048","User was unable to login into his system","Access Authentication Failure","95"
"INC1141926","hello, please remove Shamshiev, Ibraimov, Alima Omorova from Bishkek RO list and add  Dzhekisheva, Z","Employee Offboarding","95"
"INC1130549","Connection issue","Access Authentication Failure","85"
"INC1145045","Teams is not working","Application Function Issue","90"
"INC1141283","Account locked out","Access Authentication Failure","90"
"INC1139144","End User (new joiner)  Unable to Login to Laptop","Employee Onboarding","80"
"INC1139174","Account Lockout Issue","Access Authentication Failure","95"
"INC1130543","Login page not load","Application Function Issue","85"
"INC1130480","[OU] Issue with VPN","VPN","95"
"INC1126469","PDF issue urgent","Application Function Issue","80"
"INC1128981","unable to access some links/ apps","Access Authentication Failure","90"
"INC1145044","[OU] Bitlocker recovery key","Security Violation","70"
"INC1139110","Unable to login into laptop .","Access Authentication Failure","95"
"INC1129049","Email release from ebrdevents@reedmackay.com","Access Grant Request","95"
"INC1129050","Email release from ewa.zimmermann@lahmeyer.com","Access Grant Request","95"
"INC1129051","Account Unlock AD","Access Authentication Failure","95"
"INC1130792","Email release from alisa.buzimkicbecic@nlb.ba","Access Grant Request","95"
"INC1138402","Microsoft Teams not working","Application Function Issue","80"
"INC1139206","Wifi Connection - First Day Intern Belgrade Office","Network","90"
"INC1142054","Bitlocker recovery key","Security Violation","70"
"INC1141560","Laptop won't switch on","Hardware","95"
"INC1130479","[OU] VPN message","VPN","85"
"INC1139262","[OU] I don't see SAP on my new laptop?","Hardware","75"
"INC1139113","Re: [OU] Fw: Tatevik Dangyan new joiner","Employee Onboarding","60"
"INC1139286","[OU] I also can't instal Viber on my laptop?","Hardware","70"
"INC1130842","release email outbox block","Security Violation","85"
"INC1145345","Please allow today access to wetransfer link https://we.tl/t-PC0Y6cWhq8","Access Grant Request","90"
"INC1141999","[OU] Fw: Bitlock recovery- urgent support","Security Violation","95"
"INC1130859","Unable to connect to intranet getting popup message to sign in","Access Authentication Failure","80"
"INC1139958","[OU] FW: Files attached to a message triggered a policy","Security Violation","95"
"INC1144265","[OU] FW: Files attached to a message triggered a policy","Security Violation","95"
"INC1143443","RE: [OU] Email Group","Network","80"
"INC1130624","User was unable to login in her system","Access Authentication Failure","90"
"INC1130593","User Receiving the VPN error","VPN","95"
"INC1141630","[OU] Fw: Files attached to a message triggered a policy","Security Violation","85"
"INC1145380","cannot connect phone device to office WIFI","Network","90"
"INC1135623","Still cannot open PDF","Application Function Issue","70"
"INC1139276","[OU] WIFI login details at HQ","Network","95"
"INC1139360","FW: Documents exchange with clients","Security Violation","80"
"INC1139365","Password reset prompt","Password Reset","95"
"INC1140952","[OU] URGENT NO INTERNET","Network","85"
"INC1131508","reassign ownership to another OneDrive for Business owner","Access Grant Request","80"
"INC1131616","Outlook problem","Application Function Issue","90"
"INC1140965","User was locked out","Access Authentication Failure","90"
"INC1145350","Account expire","Access Authentication Failure","85"
"INC1131125","Word crashing","Application Function Issue","95"
"INC1145359","SNL add in has been removed from my excel","Application Function Issue","90"
"INC1145376","Enable Second display screen","Hardware","80"
"INC1138751","Download files an EBRD client has made available via the following link: Relevant documentation.7z","Network","80"
"INC1130992","TASK2397450 - am facing the same issue.","Application Function Issue","70"
"INC1139260","[OU] EBRD Istanbul RO staff in London HQ - need access to Wifi","Access Grant Request","90"
"INC1145372","Bit locker recovery key -LT10649","Hardware","85"
"INC1145317","[OU] Issue logging in for Irina Sakiyeva","Access Authentication Failure","95"
"INC1139310","User was unable to open any websites","Network","90"
"INC1145302","Just can't use the internet properly","Network","80"
"INC1139724","[OU] Recovery key urgent","Password Reset","90"
"INC1139726","[OU] can't connect to vpn","VPN","95"
"INC1139733","User wants recovery key","Password Reset","85"
"INC1140070","I cannot open any Word document and the MS Word application","Application Function Issue","90"
"INC1138692","Trouble signing into Microsoft apps on personal phone","Access Authentication Failure","80"
"INC1138725","Email release from munkhtselmeg.n@xacbank.mn","Security Violation","70"
"INC1145390","Account locked out","Access Authentication Failure","95"
"INC1137794","Account locked","Access Authentication Failure","95"
"INC1140305","Word application not responding.","Application Function Issue","90"
"INC1130733","Account locked out","Access Authentication Failure","95"
"INC1130701","Set up EBRD iPhone MD4818","Service/Process Failure","85"
"INC1138468","can not have an access to clientnet/tcrs","Access Authentication Failure","90"
"INC1129179","[OU] Fw: Mobile Device Compliant","Security Violation","70"
"INC1140354","[OU] Expecting urgent email","Service/Process Failure","80"
"INC1143626","MS365 crushes and outlook is not working properly","Application Function Issue","85"
"INC1138060","User was unable to login with her current password","Access Authentication Failure","95"
"INC1134377","FW: Nukus-Namangan - weekly update email 08.08.25","Application Function Issue","80"
"INC1139730","Blocked email from permitted user in mimecast","Security Violation","90"
"INC1139913","no teams in outlook","Application Function Issue","85"
"INC1131892","User is unable to login into his system","Access Authentication Failure","90"
"INC1132011","Fw: [OU] Fw: Bitlocker recovery - Urgent","Security Violation","75"
"INC1134512","Account locked and unable to login","Access Authentication Failure","95"
"INC1124196","Urgent please - Ethernet is disabled","Network","90"
"INC1132075","LT 13424  BitLocker pin unlocka","Security Violation","85"
"INC1135602","ESS problem","Application Function Issue","95"
"INC1127400","I cannot open PDF files on my computer","Application Function Issue","80"
"INC1134340","Password Expired – Reset Required - SSPR failing to reset the password","Password Reset","95"
"INC1133419","I can't reply to emails in Outlook","Application Function Issue","85"
"INC1132102","Issue with Bitlocker key","Security Violation","80"
"INC1133611","WorkPhone -Setup","Hardware","75"
"INC1134516","Enabling Authenticator on my office phone","Access Authentication Failure","85"
"INC1132080","Refinitiv Excel Plug-in","Application Function Issue","90"
"INC1134729","Bitlocker recovery","Password Reset","80"
"INC1132123","Unable to access to websites","Network","75"
"INC1143237","[OU] Authorization to open a link","Access Grant Request","95"
"INC1119146","I am not able to open PDF documents","Application Function Issue","85"
"INC1134804","Email release from galzaya@golomtbank.com","Security Violation","80"
"INC1132024","LT 11668 BitLocker pin unlock","Password Reset","90"
"INC1120159","Unable to access the pdf files from adobe acrobat reader - adobe crashing","Application Function Issue","95"
"INC1133689","Some issues with my laptop","Hardware","80"
"INC1132092","I cannot open PDF files","Application Function Issue","85"
"INC1131483","Locked out of my iPhone","Access Authentication Failure","75"
"INC1132411","Email release from berk.ay@dome-group.com","Email","0"
"INC1132412","Email release from berk.ay@dome-group.com","Email","0"
"INC1132312","I cannot access my corporate iPhone or reset my password","Password Reset","85"
"INC1132471","I need to add a new mobile device","Access Grant Request","85"
"INC1132496","[OU] Please help with recovery key","Password Reset","90"
"INC1132188","Unable to join office wifi via mobile phone","Network","80"
"INC1132382","User wanted to access ebrd wifi in her phone","Network","75"
"INC1134302","Bitlocker recovery key","Password Reset","95"
"INC1131935","[OU] Assistance","Access Grant Request","70"
"INC1134304","Password Expired – Reset Required","Password Reset","95"
"INC1135568","Error while booting laptop","Hardware","80"
"INC1130910","Phish Mail button missing","Security Violation","85"
"INC1132712","Laptop is blocked","Access Authentication Failure","90"
"INC1134319","[OU] FW: 🗓 EBRD/Fort Capital collaboration  on July 31, 2025 | Read Meeting Report","Application Function Issue","70"
"INC1132887","Need assistance on how to share files with colleagues using link.","Access Grant Request","80"
"INC1132888","Email release from przemyslaw.neurath@rothschildandco.com","Security Violation","95"
"INC1128904","hi, I got access to acrobat reader pro but I am not able to install it. Could you please help with t","Access Authentication Failure","80"
"INC1134951","Wi-Fi icon has disappeared in the Ashgabat RO office","Network","90"
"INC1132940","Fw: [OU] Fw: Mobile Device Compliant","Access Grant Request","70"
"INC1140390","Bitlocker Recovery key","Security Violation","60"
"INC1132969","Release Email","Service/Process Failure","50"
"INC1132882","Request to access Wetransfer external documents","Access Authentication Failure","85"
"INC1117787","Unable to access Adobe Acrobat Reader","null","null"
"INC1132841","Issue login into the pc","Access Authentication Failure","90"
"INC1132998","Files sent to me by CLient blocked and in the system its flagged like: "Files attached to a message ","Security Violation","85"
"INC1140369","[OU] blocked email account","Access Authentication Failure","80"
"INC1134433","VPN connection failed","VPN","95"
"INC1134660","Connecting with the office printer","Hardware","75"
"INC1135020","Issues with my connection","Network","70"
"INC1135037","Unable to connect to WiFi at RO Office","Network","90"
"INC1133023","IPM not working","Service/Process Failure","85"
"INC1135043","Account Unlock AD -SSPR link not working","Password Reset","85"
"INC1134953","critical error in ESS","Application Function Issue","90"
"INC1138642","Please help with the access to the link and download the documents","Access Grant Request","75"
"INC1133978","User not able to connect to the VPN","VPN","95"
"INC1133007","Getting error access is been restricted","Access Authentication Failure","80"
"INC1132883","Domain not available","Node/Device Down","70"
"INC1135035","Mobile Device Compliant","Hardware","60"
"INC1134922","[OU] Windows Recover needed","Service/Process Failure","85"
"INC1130531","Problems with IPM","Access Authentication Failure","90"
"INC1133150","I can't connect to office Wi-fi","Network","85"
"INC1135741","User is a new Joinee and needed help in setting up the Laptop","Employee Onboarding","95"
"INC1135764","Unable to login","Access Authentication Failure","95"
"INC1135781","Account Unlock AD","Password Reset","90"
"INC1135481","Release blocked email","Access Grant Request","95"
"INC1134919","Release blocked email","Access Grant Request","95"
"INC1135496","User is unable to login into his system after multiple password attempts","Access Authentication Failure","95"
"INC1136853","Need Bitlocker recovery key","Access Authentication Failure","95"
"INC1134065","Account locked out","Access Authentication Failure","95"
"INC1134086","Account lockout issue","Access Authentication Failure","95"
"INC1134095","Issue with capital IQ","Application Function Issue","90"
"INC1133490","Credentials pop up - current credentials for Windows do not work","Access Authentication Failure","95"
"INC1135822","Account Unlock AD","Access Authentication Failure","95"
"INC1135487","[OU] Account logged out","Access Authentication Failure","95"
"INC1134664","7-Zip - kindly extract the attach files for me","Access Grant Request","85"
"INC1134791","Account Unlock AD","Access Authentication Failure","95"
"INC1134797","Email release from astrokina@environcons.com","Security Violation","90"
"INC1135532","Please provide wifi password and username that works in the Cairo RO.","Access Grant Request","85"
"INC1132978","IPM excel file does not link with DTM","Application Function Issue","80"
"INC1134128","Phishing Email","Security Violation","95"
"INC1136912","Unable to login into Laptop","Access Authentication Failure","75"
"INC1136880","appreciate receiving BitLocker recovery key.","Access Grant Request","70"
"INC1133318","Email release from akuspanov@kpmg.kz","Security Violation","90"
"INC1133328","Email release from dejan.hochevar@kb.mk","Access Grant Request","95"
"INC1133330","Email release from dejan.hochevar@kb.mk","Access Grant Request","95"
"INC1133316","unable to login into laptop due to loading issue","Access Authentication Failure","90"
"INC1135557","Microsoft word markup issue","Application Function Issue","85"
"INC1134859","Login details","Access Authentication Failure","80"
"INC1135546","WIFI not working","Network","90"
"INC1136899","bitlocker recovery key","Security Violation","85"
"INC1136981","Account Unlock","Access Authentication Failure","95"
"INC1135236","Unable to login to Reed & Mackay Travel Portal","Access Authentication Failure","90"
"INC1133406","[OU] User locked out of system/not connected to intranet","Access Authentication Failure","95"
"INC1136998","bitlocker key","Access Authentication Failure","90"
"INC1135545","Microsoft Teams desktop app not available","Application Function Issue","85"
"INC1135009","Emails Stuck in Outbox","Access Authentication Failure","90"
"INC1135021","Unable to login to system, account locked","Access Authentication Failure","95"
"INC1133447","Laptop requests Secure Boot","Hardware","80"
"INC1135989","Account lockout issue","Access Authentication Failure","95"
"INC1136920","Unable to login","Access Authentication Failure","90"
"INC1143215","[OU] Re: Account is logged out","Access Authentication Failure","95"
"INC1137230","Unable to access outlook in web browser","Access Authentication Failure","95"
"INC1137182","Unable to access to EBRDRemote","Access Authentication Failure","95"
"INC1129765","RITM0193448  - One-time download of the file","Application Function Issue","85"
"INC1137273","need bitlocker recovery key","Security Violation","90"
"INC1138007","account is locked out","Access Authentication Failure","95"
"INC1136529","could you please restore document that I accidently replaced with other without changing name (see s","Service/Process Failure","80"
"INC1135042","Account Unlock AD","Access Authentication Failure","95"
"INC1137063","Bitlocker required","Security Violation","80"
"INC1136079","Run full scan, reset user password and advise user not to browse below site","Password Reset","90"
"INC1137392","Having some issues with vfsglobal.com website","Application Function Issue","70"
"INC1137394","Web browser issue","Application Function Issue","80"
"INC1136626","Re: [OU] adobe not working","Application Function Issue","60"
"INC1135549","Need Armenian font","Hardware","90"
"INC1129688","PDF reader is not working","Application Function Issue","70"
"INC1137305","Headset Earphone Logitech Stereo is not working.","null","null"
"INC1063643","[OU] Technical issue Chouliaras Greece","Network","80"
"INC1113080","User is unable to connect to intranet","Access Authentication Failure","90"
"INC1138407","account is locked out","Access Authentication Failure","95"
"INC1138877","[OU] FW: Files attached to a message triggered a policy","Security Violation","85"
"INC1076179","Email release from  "Khaled Raafat" <khaled.raafat@tilegreen.org>","Network","75"
"INC1077168","[OU] intranet access","null","null"
"INC1112755","Rob Smith contacted in on behalf of  Mohamed Mansour For Guest Wifi Access to Connect EBRD Wifi","Access Grant Request","95"
"INC1142042","Need Bitlocker recovery key","Password Reset","90"
"INC1142079","Account lockout  issue","Access Authentication Failure","90"
"INC1137598","User was locked out","Access Authentication Failure","90"
"INC1137610","Account locked out","Access Authentication Failure","90"
"INC1139857","The user needs to enter recovery key, it says too many tried attempts","Password Reset","85"
"INC1139056","[OU] Bitlocker recovery","Password Reset","80"
"INC1136050","Acces to GEP Smart","Access Grant Request","80"
"INC1136171","Adobe is not launching and unable to open PDF","Application Function Issue","95"
"INC1140487","[OU] Pin is requested","Access Grant Request","90"
"INC1140504","[OU] Unlock Outlook account","Access Grant Request","90"
"INC1140383","[OU] Issue with IPM files","Access Grant Request","90"
"INC1139099","Keyboard  some keys are not working","Hardware","95"
"INC1139118","i can't connect to EBRD Belgrade RO WIFI please provide credentials","Network","85"
"INC1137444","Unable to access to Teams and Outlook","Access Authentication Failure","80"
"INC1114915","Access to M365 is blocked","Access Authentication Failure","80"
"INC1144445","Unable to restore deleted history in chrome","Application Function Issue","90"
"INC1143882","[OU] WeTransfer Access","Access Grant Request","85"
"INC1138065","Outlook Login Error","Access Authentication Failure","95"
"INC1138018","help me in activating the Microsoft Authenticator","Password Reset","80"
"INC1136280","Email release from hussein.elgindy@seedstars.com","Service/Process Failure","75"
"INC1144384","Unable to access Ask IT","Network","85"
"INC1141949","Pls help to connect corporate  Wi-Fi to my new mobile","VPN","70"
"INC1090104","Please release all my emails from archive starting October 2009","Access Grant Request","85"
"INC1109656","My personal and work phone do not connect to Baku RO wifi","Network","90"
"INC1137168","Unable to login","Access Authentication Failure","95"
"INC1136803","Cannot access Reed and Mackay website","Web Security","80"
"INC1136340","User was unable to login into her system","Access Authentication Failure","95"
"INC1143749","FW: Files attached to a message triggered a policy","Security Violation","85"
"INC1143407","[OU] VPN issue","VPN","95"
"INC1144365","[OU] RE: Files attached to a message triggered a policy","Security Violation","80"
"INC1138705","Account Locked Out","Access Authentication Failure","90"
"INC1141578","[OU] Urgent - EBRD RO wifi connection","Network","85"
"INC1141053","New Joinee password issue","Employee Onboarding","95"
"INC1104947","Distribution list","DL creation","70"
"INC1139242","set up new laptop for new user.","Hardware","90"
"INC1071592","Email release from jolanta.tokarska@pkobh.pl","Access Grant Request","85"
"INC1140531","Problems with Jabra headphones no longer working with my laptop","Hardware","95"
"INC1140466","To remove Hannes Takacs and Jahan Shamsiev to Ulaanbaatar RO email list. (RO-Ulaanbaatar@ebrd.com)","Access Revoke","95"
"INC1140072","My messages in outlook are not delivering.","Application Function Issue","85"
"INC1139232","Unable to hear sound from laptop","Hardware","80"
"INC1137713","Account locked out","Access Authentication Failure","90"
"INC1137623","I want to send medical leave request and it does not work in ees","Application Function Issue","75"
"INC1138156","Hello, I am trying to submit my Short Term Assignee Accommodation Manual Payment Request form via Do","Access Grant Request","85"
"INC1142109","Bitlocker required","Hardware","75"
"INC1140078","User not able to send emails through Outlook","Application Function Issue","90"
"INC1139264","[OU] Can't open file ChromeSetup.exe to install Chrome on my laptop?","Security Violation","80"
"INC1142075","User is getting windows security pop up","Network","95"
"INC1143194","WIFI login details - Istanbul RO","null","null"
"INC1139195","Capital IQ Pro/SNL plug-in for Daors Sahatciu / LT14634","Application Function Issue","80"
"INC1137441","How to enlarge To and Subject fields/font in Outlook messages","Application Function Issue","80"
"INC1140087","Account got locked","Access Authentication Failure","95"
"INC1140620","User unable to open attachments from outlook application","Application Function Issue","85"
"INC1140250","[OU] Not all RO staff can print to PR0976?","Service/Process Failure","70"
"INC1141929","unlock the account","Access Authentication Failure","90"
"INC1138206","Please help to unlock the corporate phone","Hardware","60"
"INC1141948","getting multiple windows security pop up to enter credentials","Security Violation","85"
"INC1141980","need bitlocker recovery key","Access Authentication Failure","90"
"INC1142000","[OU] Re: Attachment file issue","Application Function Issue","75"
"INC1141674","Account Unlock AD","Access Authentication Failure","80"
"INC1137827","Error - "The message has been deleted before it was sent."","Service/Process Failure","85"
"INC1140678","Email from Client not Delivering to User","Network","70"
"INC1140175","[OU] Assistance Required to Connect to Printer PR0715","Hardware","80"
"INC1139914","Phishing email","Security Violation","95"
"INC1141576","Fw: [OU] Форма заявки: Консультации для малого бизнеса - Заполненная Анкета","Access Grant Request","85"
"INC1142766","[OU] wetransfer one-time access request","Application Function Issue","75"
"INC1140224","Unable to send emails, emails are getting stuck in outbox.","Service/Process Failure","90"
"INC1139187","Getting error on Intranet","Network","60"
"INC1141013","Blocking an outgoing email to our major counterparty.","Access Revoke","80"
"INC1137059","Hello, Microsoft Edge shuts off randomly without prior notice and it happens multiple times during t","Application Function Issue","90"
"INC1144890","Re: [OU] Bitlocker Recovery Key","Access Grant Request","80"
"INC1138339","Email release from andrey-sg@tut.by","Access Authentication Failure","70"
"INC1143205","I cannot access Smart by GEP application.","Application Function Issue","95"
"INC1138289","Team's channel - Project Bobur","Security Violation","60"
"INC1142371","[OU] FW: Files attached to a message triggered a policy","Service/Process Failure","85"
"INC1106515","[OU] Reed & Mackay: Access Request","Access Grant Request","95"
"INC1140743","Account Unlock","Access Authentication Failure","90"
"INC1140749","[OU] Can you pls unlock my account","Access Authentication Failure","85"
"INC1141566","Re: [OU] Request for the creation of a new email group","DL creation","80"
"INC1142412","[OU] Cannot access a client's website","Access Authentication Failure","75"
"INC1142139","FW: Files attached to a message triggered a policy","Security Violation","70"
"INC1140690","IPM","Application Function Issue","60"
"INC1143252","[OU] Help needed","Access Grant Request","55"
"INC1140299","Fw: Files attached to a message triggered a policy","Security Violation","80"
"INC1141387","Unable to login into laptop by using bit locker pin","Access Authentication Failure","90"
"INC1071160","Please update Adobe Acrobat Reader at Tbilisi RO,  when we are opening it it freezes and then system","Application Function Issue","85"
"INC1142530","Account Unlock AD","Password Reset","95"
"INC1138406","Account got locked","Password Reset","95"
"INC1138412","assist me with the Bitlocker","Access Authentication Failure","85"
"INC1138411","need bitlocker recovery key","Password Reset","90"
"INC1138404","EBRDVPN can not connect properly.","VPN","95"
"INC1142569","[OU] MS365 Sharepoint - Team Space","Access Grant Request","85"
"INC1140754","End user unable to access Intranet on Edge browser","Application Function Issue","80"
"INC1140757","Account Unlock AD","Password Reset","90"
"INC1076351","Unable to login to the system","Access Authentication Failure","90"
"INC1140012","[OU] allow access to website","Access Grant Request","85"
"INC1140355","Pls help to connect to EBRD wifi","Network","80"
"INC1104494","WPS application on my laptop","Application Function Issue","75"
"INC1142305","Re: [OU] Wi-Fi  credentials","Access Authentication Failure","90"
"INC1142647","End User Unable to Login Laptop got Stuck","Access Authentication Failure","85"
"INC1142662","User was locked out - LT11447","Access Grant Request","95"
"INC1142494","Need EBRD Guest WiFi Access.","Access Authentication Failure","80"
"INC1067506","[OU] Hello. Is it possible to open whatsapp web on our desctops? it is very useful to have desctop w","Application Function Issue","70"
"INC1065365","Unable to login to laptop","Access Authentication Failure","95"
"INC1143631","Unable to login to Laptop","Access Authentication Failure","95"
"INC1144583","Unable to login into laptop","Access Authentication Failure","95"
"INC1140130","FW: [OU] IPM error","Application Function Issue","85"
"INC1144829","need Bitlocker recovery key","Password Reset","90"
"INC1141911","Shared calendar -ROUlaanbaatarMBX","Network","75"
"INC1142719","Account locked out","Access Authentication Failure","90"
"INC1144589","WIFI Access in Office","Network","80"
"INC1144591","Query -M365 Apps","Application Function Issue","85"
"INC1144569","Unable to open the file on one drive file","Application Function Issue","70"
"INC1142714","[OU] Issue with my computer","Hardware","65"
"INC1141484","User account is disabled","Access Authentication Failure","95"
"INC1144602","Bitlocker","Security Violation","85"
"INC1142534","Secure boot error in new laptop","Hardware","90"
"INC1131584","Why SAP logs off so quickly?","Application Function Issue","80"
"INC1142457","[OU] EBRD wifi passcode for HQ","Network","90"
"INC1144599","[OU] FW: SNL macro error","Application Function Issue","75"
"INC1142048","[OU] Re:","Access Grant Request","70"
"INC1143651","Teams shows that I have an unread message, though all the messagesread.","Service/Process Failure","85"
"INC1144618","Kindly provide me with a copilot license","Access Grant Request","80"
"INC1144613","can we integrate copilote to word documents and  Power point?","Application Function Issue","80"
"INC1144582","[OU] Fw: 🇻⁠​⁠🇲⁠​⁠ ⁠🇷⁠​⁠🇪⁠​⁠🇻⁠​⁠🇮⁠​⁠🇪⁠​⁠🇼⁠​⁠ ⁠#⁠2⁠0⁠7⁠🇪⁠​⁠🇨⁠​⁠2⁠🇨⁠​⁠🇨⁠​⁠-⁠2⁠🇧⁠​⁠8⁠🇦⁠​⁠-","Access Authentication Failure","70"
"INC1142695","Cant login to LT","Access Authentication Failure","95"
"INC1139535","Account Locked","Access Authentication Failure","95"
"INC1140407","User's account was locked out","Access Authentication Failure","95"
"INC1143637","[RES] FW: Kudo, Akihiro shared "BN  Swiss Ambassador Set 2025" with you","Access Authentication Failure","95"
"INC1141765","User account is disabled","null","null"
"INC1143718","[OU] Urgent assistance","Access Authentication Failure","80"
"INC1144676","[OU] Urgent: Bitlocker recovery","Password Reset","90"
"INC1143570","[OU] Enable Macros on Excel","Access Grant Request","70"
"INC1140981","[OU] Locked laptop","Hardware","95"
"INC1144709","Microphone in Copilot stopped working","Application Function Issue","85"
"INC1142100","I need to share large file downloaded to my laptop","Access Authentication Failure","75"
"INC1081902","please unlock my account - the compulsory IT training has been just completed","Access Authentication Failure","90"
"INC1144722","Password expire","null","null"
"INC1144705","User is unable to see VPN in hidden tray","VPN","90"
"INC1144728","Account Locked out","Access Authentication Failure","85"
"INC1141788","[OU] FW: Check out what your team has been up to lately!","Security Violation","75"
"INC1143481","[OU] Mouse not working","Hardware","90"
"INC1144795","Account got Locked","Access Authentication Failure","80"
"INC1140484","Unlock IT outlook","Password Reset","85"
"INC1144789","[OU] Microsoft Loop","Application Function Issue","60"
"INC1141985","Unable to access the EBRD intranet","Network","70"
"INC1143416","Phishing email","Security Violation","80"
"INC1142258","[OU] Bitlocker for LT 10945","Security Violation","80"
"INC1142808","RE: [OU] FW: Laptop LT10678","Security Violation","80"
"INC1144889","Need to disable an audio driver","Application Function Issue","70"
"INC1144882","Laptop does not charge","Hardware","90"
"INC1142846","I can't access my share point","Access Authentication Failure","70"
"INC1143206","[OU] Authentication issue","Access Authentication Failure","90"
"INC1144017","Microsoft authenticator set up on new mobile","Application Function Issue","80"
"INC1113469","Authenticator App","Access Authentication Failure","90"
"INC1143269","[OU] Bitlocker code","null","null"
"INC1143297","[OU] Access help","Access Authentication Failure","80"
"INC1144940","New Joinee password issue","Password Reset","70"
"INC1053976","Outlook on phone is working slow","Application Function Issue","90"
"INC1142209","[OU] sinchronisation - INC1142209","Access Authentication Failure","60"
"INC1083726","S&P Capital IQ stopped working in excel. I can't see the additional button in the office bar.","Application Function Issue","85"
"INC1070750","DTM data does not populate","Service/Process Failure","75"
"INC1145102","[OU]","Access Authentication Failure","50"
"INC1145085","[OU] Issue with finding  a printer in the office","Hardware","65"
"INC1141626","[OU] Unblock for google docs","Access Grant Request","95"
"INC1060947","An issue with my phone","Hardware","85"
"INC1103798","Windows Security PopUp Issue","Security Violation","90"
"INC1076380","Unable to connect to ebrd wifi in RO","Network","90"
"INC1058579","LT11245 - End user wants to set new password for Apple ID as he forgot.","Password Reset","95"
"INC1057337","LT10763, Need bitlocker recovery key.","Access Authentication Failure","80"
"INC1064917","No personal OneDrive folder in File Explorer","Service/Process Failure","85"
"INC1059172","LT 13190 cant connect to the printer and LAN cable.","Network","90"
"INC1114719","Sing in issue","Access Authentication Failure","85"
"INC1101837","Bit locker","Security Violation","80"
"INC1054559","EMAIL RELEASE","Access Grant Request","75"
"INC1076784","My internet doesn't work again… INC1071413","Network","95"
"INC1060141","[OU] problem with excel","Application Function Issue","70"
"INC1075177","Account Unlock AD","Access Authentication Failure","85"
"INC1104893","Phishing email","Security Violation","90"
"INC1054792","Issue with outlook","Application Function Issue","80"
"INC1113077","Access to M365 application is blocked after restart","Access Authentication Failure","95"
"INC1059282","Iphone locked","Hardware","85"
"INC1057002","Wifi is not working","Network","90"
"INC1113249","Phishing email","Security Violation","95"
"INC1067745","Account Unlock AD","Password Reset","90"
"INC1058013","Unable to login to the system","Access Authentication Failure","80"
"INC1064738","Cannot add members outside of organization to the Share Point","Access Grant Request","75"
"INC1058453","Need help with Authenticator","Service/Process Failure","85"
"INC1079541","Emails - can not attach files to emails","Password Reset","95"
"INC1070340","Password expired.","Access Authentication Failure","90"
"INC1074607","Please unlock my computer","Access Grant Request","85"
"INC1068739","Wifi password","Network","80"
"INC1072765","Cant Connect both mobiles to EBRD WIFI","Network","75"
"INC1067497","Webwhatsapp blocked","Security Violation","70"
"INC1061660","Account Locked","Access Authentication Failure","80"
"INC1070314","J Drive access","Access Grant Request","70"
"INC1074357","Laptop Not Turning On, Screen Remains Black","Hardware","90"
"INC1052333","GEP application","Hardware","95"
"INC1066356","Problem with Intranet page","Application Function Issue","90"
"INC1097975","Requesting access to " knowhowlebanon@ebrd.com "","Access Grant Request","95"
"INC1054257","Unable to connect Bluetooth earphones","Hardware","85"
"INC1110761","Unable to access Teams","Application Function Issue","90"
"INC1112598","[OU] Problem with teams and mail","Application Function Issue","80"
"INC1064500","Laptop camera not working","Hardware","90"
"INC1107482","Computer crashing","Service/Process Failure","85"
"INC1067016","AD Account has been locked","Access Authentication Failure","95"
"INC1068015","Adobe Licence is already allocated to user - Help with installation (RITM0161313 )","Access Authentication Failure","80"
"INC1081538",""Don't use audio" option is active by default for all meetings.  It shall be disabled.","Application Function Issue","90"
"INC1075871","Word / Outlook issue since last update","Application Function Issue","85"
"INC1054045","[OU] VPN connection issue","VPN","95"
"INC1073513","Re: [OU] Fw: Confirmation: Please Review and eSign Docu today 28/02/25 Ref:8VZ0-CTLQ3O-RPW8","Service/Process Failure","70"
"INC1070563","Change picture in IT system","Password Reset","95"
"INC1068417","Laptop restarts itself","Hardware","85"
"INC1063575","Reset a forgotten BitLocker PIN/password","Password Reset","95"
"INC1061623","[OU] can't run vpn app and can't access citrix","VPN","90"
"INC1055428","Account unlock and password reset","Access Grant Request","80"
"INC1105031","hello, please can you include Asol Nusuvalieva to Group-ROBankingBudgetOfficers@ebrd.com","Access Grant Request","80"
"INC1102306","Please extract files from the below cloud and share","null","null"
"INC1063811","SuccessFactors does not let me submit the calibration for my Analyst (I am her line manager)","Application Function Issue","95"
"INC1076843","Critical Error - has occurred while entering ESS- Malika Iskandarova","Application Function Issue","90"
"INC1061053","unable to connect EBRD Wifi(Guest) on mobile.","Network","85"
"INC1070270","LT10428 - Account Unlock AD","Access Authentication Failure","90"
"INC1102991","Hello, please can you remove Bolot Satykeev and Shirin Dadybaeva from Bishkek RO distribution list. ","Access Revoke","95"
"INC1107992","Email release from nfakher@tcvegypt.com","Access Authentication Failure","80"
"INC1071545","Changes not saved to shared documents","Application Function Issue","90"
"INC1083218","please provide bitlocker recovery for LT10639","Password Reset","70"
"INC1110252","We need Form1 for arrival at the Bank for the following employees -Johan Stalgren,   Anders Garly An","Employee Onboarding","85"
"INC1077186","[OU] printer issue","Hardware","60"
"INC1109954","User getting incorrect username or password when he was trying to log in to Outlook and Teams","Access Authentication Failure","95"
"INC1113664","Phishing email","Security Violation","90"
"INC1064962","New EBRD iPhone - Unbale to connect to EBRD Wi-Fi at RO Office","Hardware","85"
"INC1112783","MS Outlook:may I please request an email knowhowcentralasia@ebrd.com","Access Grant Request","75"
"INC1105398","Bucharest Printer","Hardware","90"
"INC1063362","Email release from ilona.mausch@kruksa.pl","Access Grant Request","70"
"INC1069544","Authenticator Reset","Access Authentication Failure","80"
"INC1099638","Password update","Password Reset","95"
"INC1055557","Password reset","Password Reset","95"
"INC1074196","outlook does not send mails, also it is not synchronized with mobile app","Application Function Issue","85"
"INC1069602","IPM doesnt work","Application Function Issue","90"
"INC1068738","Mouse not working","Hardware","95"
"INC1072299","getting security pop up when connecting to VPN","VPN","80"
"INC1054797","Files attached to a message triggered a policy","Security Violation","90"
"INC1113670","Email release  from bbajaj@mercuria.com","Service/Process Failure","75"
"INC1079631","Cannot find/add office printers to my computer","Hardware","90"
"INC1102595","Request for Laptop Reconfiguration – LT10771 & LT10790","Hardware","95"
"INC1062921","Email release from ovchinev@nbdbank.ru","Access Grant Request","90"
"INC1064699","Chrome browser on laptop","Application Function Issue","85"
"INC1063856","Authentificator Issue to access Elsy","Access Authentication Failure","90"
"INC1079993","Need to receive files of big size through email","Network","80"
"INC1055553","Wi-Fi on phone is not working","Access Grant Request","90"
"INC1071589","Email release from muhammed.cezik@kervangida.com","null","null"
"INC1056575","Authenticator app on phone not working","Access Authentication Failure","90"
"INC1067239","EBRD Wifi Issue at Tashkent RO","Network","85"
"INC1055702","Unable to connect to wifi","Network","95"
"INC1107461","WiFi password","Password Reset","95"
"INC1080280","Can not send e-mail","Application Function Issue","80"
"INC1074797","Windows account unlock","Access Authentication Failure","85"
"INC1067520","WIFI PASSWORD","Password Reset","95"
"INC1074920","No access to intranet","Network","90"
"INC1056054","A message triggered content policies","Security Violation","80"
"INC1075476","Email release from ivana.pajic@nlbkb.rs","Access Authentication Failure","80"
"INC1106298","Unable to login to system","Access Authentication Failure","90"
"INC1097567","Outlook email sync problem","Application Function Issue","85"
"INC1069115","Issue with the network drive","Network","95"
"INC1059845","I cant access my outlook","Access Authentication Failure","85"
"INC1076881","HQ guest wifi","Network","80"
"INC1113409","Phishing email","Security Violation","90"
"INC1055613","Login issue","Access Authentication Failure","95"
"INC1070561","VPN Connectivity Issue","VPN","95"
"INC1071708",""Reply all" function in Outlook does not work","Application Function Issue","95"
"INC1112837","Unlocking iPhone","Hardware","85"
"INC1055401","Phone passcode","Password Reset","90"
"INC1064856","Account Unlock AD","Access Authentication Failure","90"
"INC1065661","Need to find the email which is not showing in draft or outbox","Service/Process Failure","80"
"INC1114197","Urgent bitlocker recovery please help","Security Violation","85"
"INC1099853","ESS critical error","Node/Device Down","75"
"INC1102249","Blocked email adress","Blocked email adress","70"
"INC1101483","I have received such ON HOLD mail from a 'medicalpark' extension email.","Security Violation","80"
"INC1064540","Unable to access saved outlook mails","Access Authentication Failure","90"
"INC1074791","Missing I-drive","Hardware","95"
"INC1089534","My account is blocked","Access Authentication Failure","95"
"INC1111624","Emails/meeting invite sent to me from Tuesday evening to yesterday afternoon (around 17:30)  are sti","Service/Process Failure","70"
"INC1077382","Unable to access to Gmail and USB ports on the laptop","Hardware","90"
"INC1112659","Bitlocker Recovery Key Issue","Password Reset","95"
"INC1111942","I don't see the shared calendar ROSofia in my Outlook. I have added it properly but could not see it","Access Authentication Failure","85"
"INC1058704","LT13469 - End user unable to access applications using new or old password after changing the passwo","Access Authentication Failure","90"
"INC1062142","Cant reset iCloud password","Password Reset","90"
"INC1112981","Sync issue observed with Microsoft user accounts & AD groups","Access Authentication Failure","80"
"INC1067573","Unable to access Teams in new laptop: LT13890.","Hardware","90"
"INC1113646","Unblock website - https://www.tamwilcom.ma/fr/tamwilcom/qui-sommes-nous","Access Grant Request","85"
"INC1065126","Account Lock Out Issue","Access Authentication Failure","80"
"INC1079444","Outlook functions not responding and configuration corrupted.","Application Function Issue","95"
"INC1110409","Please create a group email called "Obelisk team" and add Mahmoud Morsy;Zeid Faris;Ahmed Ibrahim; Tu","DL creation","95"
"INC1066936","[OU] FW: Your message couldn't be delivered","Application Function Issue","80"
"INC1076767","Laptop Locked on the Bit-locker Screen","Application Function Issue","90"
"INC1111940","[OU] OOO for member of my team","Access Authentication Failure","70"
"INC1060748","LT10066 - End user unable to schedule a meeting from outlook to teams","Application Function Issue","95"
"INC1074454","Drag and Drop Option Not Working in Outlook Files","Application Function Issue","85"
"INC1055499","Account got expired","Access Authentication Failure","90"
"INC1075686","IPM - Path not found error","Application Function Issue","80"
"INC1059178","Cant find RO printer when printing document with LT10793","Hardware","80"
"INC1059550","I have no connection to printers pr0908m pr0912, PR 09111)","Network","70"
"INC1108568","Employee self service system not working","Application Function Issue","90"
"INC1057043","Bitlocker issue","Security Violation","85"
"INC1108818","I need to add the video conference room email to the meeting room Capadoccia and Bosphorus in Istanb","Access Grant Request","60"
"INC1067159","Can`t access cigna","Access Authentication Failure","75"
"INC1067912","Request to add-in to my outlook account","Access Grant Request","90"
"INC1060793","kind request to help open document","Access Grant Request","85"
"INC1054938","Access to bank-wide products","Access Grant Request","95"
"INC1072019","IPM error","Application Function Issue","95"
"INC1067515","Outlook Application - Not Responding","Application Function Issue","90"
"INC1061613","[OU] please provide credentials to me to connect to EBRD Wi Fi in Almaty RO","Access Grant Request","80"
"INC1056126","Account Unlock AD","Access Authentication Failure","85"
"INC1059846","Can you let me know what is this window that keeps popping up on my screen?","Security Violation","80"
"INC1079817","Issue with downloading attachments","Application Function Issue","70"
"INC1072640","Account Lockout Issue for STARCA","Access Authentication Failure","90"
"INC1070685","LT10536 - End user unable to login to laptop","Access Authentication Failure","85"
"INC1068365","Sharing contentvia phones","Network","60"
"INC1068220","Unable to connect Home WiFi network with the work laptop.","Network","85"
"INC1095240","please add me to Group- RO office managers distribution list","Access Grant Request","95"
"INC1081159","EBRD wifi doesn't work in the RO. it asks for new credentials.","Access Authentication Failure","85"
"INC1058434","Need bitlocker recovery key.","Password Reset","90"
"INC1069409","I cannot access myretirement website","Application Function Issue","80"
"INC1068173","Suspicious email","Security Violation","90"
"INC1070459","EBRD self service not working","Application Function Issue","75"
"INC1073364","IPM Issue","Node/Device Down","85"
"INC1066388","LT10499 - End user requested for a bitlocker recovery key","Password Reset","95"
"INC1064187","Authenticator for non ebrd phone-new  joiner","Employee Onboarding","85"
"INC1070396","Wifi not working on EBRD work phone","Network","90"
"INC1066976","LT11768 - Account Unlock","Password Reset","95"
"INC1101192","Account locked out and can not login","Access Authentication Failure","90"
"INC1112555","Unable to access Travel portal","Application Function Issue","80"
"INC1101975","BitLocker Recovery Key Request","Password Reset","95"
"INC1104458","unable to connect VPN","VPN","95"
"INC1056223","EBRD Remote login.","VPN","95"
"INC1070488","unable to connect EBRD wifi","Network","85"
"INC1085029","VPN not being able to connect","VPN","90"
"INC1105989","FW: A message triggered content policies","Security Violation","90"
"INC1060217","unable to login windows account","Access Authentication Failure","80"
"INC1090586","excel SNL addins stopped working","Application Function Issue","85"
"INC1090133","I don't have the access to project documents sent via We Transfer","Access Authentication Failure","75"
"INC1062735","vpn app does not start","VPN","95"
"INC1060297","KayioglD going to locked out","Access Authentication Failure","95"
"INC1052785","Unable to connect to LAN cable","Network","85"
"INC1075478","Email release from m.stamenkovic@bcenergy.rs","Access Grant Request","80"
"INC1063646","Function not working on Self-Service Portal","Application Function Issue","90"
"INC1086139","creating an additional email and making a group for members from the original email","DL creation","75"
"INC1070540","Account Unlock AD","Access Authentication Failure","90"
"INC1076768","Problem with calendar","Service/Process Failure","70"
"INC1072006","Not able to connect to my RO printer.","Hardware","80"
"INC1095884","don't have access to ESS, error as presented below on screenshot","Access Authentication Failure","70"
"INC1089060","7-zip","Application Function Issue","60"
"INC1051911","Problems with second screen","Hardware","85"
"INC1059589","Bitlocker key","Security Violation","75"
"INC1076290","Having trouble with window security  pop up","Security Violation","80"
"INC1054841","Need to change the password","Password Reset","95"
"INC1069032","ELSY - Reset Password","Password Reset","95"
"INC1053367","Locked my laptop at Bit Locker key","Password Reset","80"
"INC1103971","account is locked, please unlock LT9884 which is temporarily located to Grant","Access Grant Request","90"
"INC1101913","unable to login into laptop due to password issue","Password Reset","95"
"INC1063719","[OU] My laptop works very slow","Hardware","85"
"INC1072185","IPM issue- V1.19","Service/Process Failure","70"
"INC1084878","We Transfer not working","Application Function Issue","80"
"INC1104351","RSA QR code configuration","Security Violation","60"
"INC1056585","Unlock account and password reset","Password Reset","95"
"INC1068553","Account Unlock AD","Access Authentication Failure","90"
"INC1071093","Laptop Locked on the Bit-Locker Screen","Hardware","85"
"INC1054031","RE:  [OU] BitLocker on new joiner's laptop","Employee Onboarding","75"
"INC1094101","I am not being able to use and fill in 'Make leave request' on EBRD self service as I have been repo","Application Function Issue","95"
"INC1079963","Set up outlook and teams on my cell phone","Application Function Issue","80"
"INC1113322","One Drive issue","Application Function Issue","85"
"INC1075993","I don't seem to be receiving the emails from my team member Rym Tabka TABKAR@ebrd.com","Security Violation","90"
"INC1068294","unable to connect VPN","VPN","95"
"INC1054388","Files attached to a message triggered a policy","Security Violation","95"
"INC1109072","[OU] Issue with EBRD logon","Access Authentication Failure","85"
"INC1061169","Issue login into the pc","Access Authentication Failure","80"
"INC1063248","User need a Bit Locker recovery Key","Access Grant Request","75"
"INC1082182","VPN not working. The authenticator app on my phone returns a unique code which is not accepted when ","VPN","95"
"INC1078568","can't connect to the Office Wi-Fi","Network","85"
"INC1060689","Account Unlock AD","Access Authentication Failure","90"
"INC1111182","User unable to access the teams","Application Function Issue","80"
"INC1081669","I cannot setup my phone as I don't have access to Microsoft Authenticator App.","Access Authentication Failure","90"
"INC1059049","FW: Files attached to a message triggered a policy","Security Violation","85"
"INC1070667","[OU] ESS - critical error","Access Authentication Failure","80"
"INC1054530","Excel Macro Settings Unavailable","Application Function Issue","90"
"INC1057238","Issue in enrolling device","Access Authentication Failure","70"
"INC1076403","Email release from enkhtur.l@mcs.mn","Service/Process Failure","60"
"INC1105316","[OU] FW: Files attached to a message triggered a policy","Security Violation","85"
"INC1061620","[OU] Unable to sign into account","Access Authentication Failure","95"
"INC1068797","I am not able to download documents in EBRDsystems and outlook . The following message comes out: Th","Application Function Issue","75"
"INC1057134","Account Locked","Access Authentication Failure","95"
"INC1052767","Bitlocker recovery key","Security Violation","85"
"INC1113198","Phishing email","Security Violation","90"
"INC1100719","RE: Files attached to a message triggered a policy","Access Authentication Failure","80"
"INC1102139","Wi-Fi password not working","Network","90"
"INC1074460","System got locked out.","Access Authentication Failure","85"
"INC1062419","Pls note that my corporate Iphone can not connect to EBRD wi fi using below log in details.","Network","95"
"INC1076751","One of the fans in server room is running at full speed","Hardware","90"
"INC1106796","Switching on OOO","Network","85"
"INC1071413","intranet","Application Function Issue","70"
"INC1068641","Account Unlock AD","Access Authentication Failure","95"
"INC1058744","Windows password reset and MFA setup","Password Reset","95"
"INC1068450","Zura Kherkheulidze, EBRD Tbilisi RO driver can't connect to EBRD wifi with private mobile","Network","85"
"INC1101880","I want to add and remove members to ASBTurkeyteam e-mail group. Although I am the owner, I receive a","Access Grant Request","85"
"INC1053858","create a guest account on LT10639","Access Grant Request","90"
"INC1071564","Emad osman ( unable to sign in Microsoft 365 from my Ebrd IPhone device and my personal mobile)","Access Authentication Failure","80"
"INC1101112","Bitlocker Recovery key","Security Violation","75"
"INC1058823","VPN issue","VPN","95"
"INC1062249","HR Operations Mobility voided confirmation of request docusign","Employee Onboarding","70"
"INC1093541","Cant authorize","Access Authentication Failure","90"
"INC1105056","Device is not Compliance","Security Violation","85"
"INC1089075","please unlock Iwona's account","Access Grant Request","95"
"INC1070658","Cannot login to system","Access Authentication Failure","80"
"INC1114260","No access to intranet","Access Authentication Failure","75"
"INC1076949","cannot install PR0950","Application Function Issue","85"
"INC1104837","System is really slow","Service/Process Failure","70"
"INC1071790","Laptop(LT11701)/Teams and Outlook are blocked/Urgent","Network","65"
"INC1101001","User was unable to access RO files from teams channel","Access Authentication Failure","70"
"INC1106789","User unable to open the outlook","Application Function Issue","95"
"INC1064710","ROIstanbulMBX Calendar issue","Application Function Issue","90"
"INC1062073","Locked out from the account","Access Authentication Failure","95"
"INC1060587","Outlook auto-forward issue","Application Function Issue","90"
"INC1078821","Iphone Screen Passcode recover needed","Password Reset","85"
"INC1071222","Outlook not working.","Application Function Issue","90"
"INC1076345","Request for Tableau License Transfer and Co-Pilot Issue in Outlook","Application Function Issue","80"
"INC1106731","I'm changing my phone device and need to transfer my Authenticator app from one phone to another","Password Reset","85"
"INC1113944","Outlook not showing new emails","Application Function Issue","90"
"INC1059053","[OU] Bitlocker key","Security Violation","75"
"INC1069673","J:\ - no access to J/G drive","Access Authentication Failure","90"
"INC1101790","LT11802 is no updating has no network connection","Network","80"
"INC1106967","unable to login to the M365 applications","Access Authentication Failure","95"
"INC1087855","Outlook is not responding","Service/Process Failure","85"
"INC1072780","Converting word document to editable word version","Access Authentication Failure","80"
"INC1054725","Account Unlock AD","Access Authentication Failure","90"
"INC1070166","Email release from josipa.gombovic@unicreditgroup.zaba.hr","Access Grant Request","70"
"INC1075891","Copilot usage","Application Function Issue","60"
"INC1055509","access to folders","Access Authentication Failure","85"
"INC1110437","Unable to send or receive emails","Service/Process Failure","95"
"INC1077325","I know you access denied WhatsApp web on the work laptop, but it really eased a lot of work and comm","Access Authentication Failure","75"
"INC1112068","[OU] VPN","VPN","95"
"INC1059587","Connection to WIFI","Network","85"
"INC1113404","Phishing email","Security Violation","90"
"INC1073976","Printer not working","Hardware","80"
"INC1058436","[OU] the password for the office wi-fi","Password Reset","75"
"INC1089242","Password Error","Network","85"
"INC1079274","Wifi in Warsaw RO not working","Security Violation","90"
"INC1071022","[OU] Fw: We found harmful files in a message","Access Authentication Failure","70"
"INC1071822","Yagiz Karamustafaoglu - Authenticator issue","null","null"
"INC1058694","issues with EBRD-issued mobile phone (MD3594)","Hardware","80"
"INC1061850","Outlook not responding","Application Function Issue","90"
"INC1111295","Unable to access Outlook, Teams, and One Drive","Application Function Issue","85"
"INC1100692","Email release from nebil.ghodbane@mitunisia.com","Email","70"
"INC1112962","LT10560 - M365 Apps - Outlook","Application Function Issue","95"
"INC1113817","Phishing email","Security Violation","95"
"INC1101292","The search function is not working in Outlook.","Application Function Issue","90"
"INC1109546","FW: RE: [RES] Analyst ASB Mongolia","Email","70"
"INC1103940","Issue with Bitlocker key","Security Violation","80"
"INC1110358","My outlook account does not work.Colleagues are receiving emails that rubenm@ebrd.com wasnt found at","Access Authentication Failure","90"
"INC1106976","Can't change the password","Password Reset","70"
"INC1099378","Unblock WeTransfer","Access Grant Request","60"
"INC1099886","Cannot receive large attachment (zips don't work)","Application Function Issue","85"
"INC1086673","Adobe Acrobat not installing (requires admin rights)","Access Authentication Failure","95"
"INC1101862","Email release from from izabela.majcherczyk@mwik.bydgoszcz.pl","Access Grant Request","95"
"INC1100322","Microsoft applications not working","Application Function Issue","90"
"INC1103681","Email release from pawel.szulczyk@pekaoleasing.com.pl","Access Grant Request","95"
"INC1101917","Outlook not sending emails","Application Function Issue","90"
"INC1101907","Bitlocker - Recovery Key","Security Violation","85"
"INC1101841","M365 MS Authenticator","Access Authentication Failure","80"
"INC1104550","Account locked out","Access Authentication Failure","90"
"INC1104522","Need to receive files of big size","Access Grant Request","85"
"INC1107192","Bitlocker - Recovery Key","Password Reset","90"
"INC1102001","Hello, please can you unlock his Outlook. He completed his training. Thanks","Access Grant Request","85"
"INC1104717","Access to external link for project deliverables","Access Authentication Failure","75"
"INC1105739","Metacompliance Simulated Phishing Emails","Security Violation","95"
"INC1106416","Bitlocker key - URGENT!","Password Reset","95"
"INC1106173","[OU] FW: Congratulations, you are certified!","Service/Process Failure","60"
"INC1107222","Phishing Email","Security Violation","95"
"INC1104055","LT11565 - End user unable to connect with EBRD laptop with docking station","Hardware","80"
"INC1107381","Re: [OU] Bit locker recovery","Password Reset","70"
"INC1060163","Internet not working on my computer","Network","90"
"INC1106481","Unable to connect to VPN","VPN","95"
"INC1105849","User was unable to connect to VPN","VPN","95"
"INC1108653","Re: [OU] Bitlocker","Password Reset","70"
"INC1108596","Printer issue","Hardware","85"
"INC1114817","Email release from konstantin.kostikov@gmail.com","Security Violation","60"
"INC1113021","User called as she is not able to login to teams and outlook and getting error as "access to M365 is","Access Authentication Failure","95"
"INC1108746","[OU] FW: Mobile Device Compliant","Security Violation","90"
"INC1070161","My work laptop often loses connection when connected to network from the Resident Office specific ro","Network","85"
"INC1095900","uploading documents via wetransfer","Application Function Issue","70"
"INC1064779","SMART GEP access issue","Access Authentication Failure","80"
"INC1113378","Phishing email","Security Violation","95"
"INC1072682","OneDrive - not synchronising automatically","Application Function Issue","85"
"INC1112816","account is locked","Access Authentication Failure","95"
"INC1110153","I cannot receive any emails.","Application Function Issue","80"
"INC1113413","Phishing email","Security Violation","90"
"INC1109372","[OU] VPN connection","VPN","95"
"INC1059040","EBRD Wi-Fi expired","Network","85"
"INC1111427","Outlook is not working","Application Function Issue","90"
"INC1061179","Account Locked","Access Authentication Failure","95"
"INC1112127","Issue with bitlocker key","Hardware","75"
"INC1073733","VPN Connectivity Issue","VPN","95"
"INC1101906","New WIFI Credentials needed","Access Grant Request","95"
"INC1111392","Adobe CC not working","Application Function Issue","90"
"INC1115427","User is unable to access Scan folder","Access Authentication Failure","85"
"INC1106774","Unable to open the particular PDF","Application Function Issue","80"
"INC1112572","[OU] Laptop - System administrator must re-enable Microsoft UEFI key to boot this device","Hardware","90"
"INC1109314","URGENT: New Joiner unable to log-in into Outlook, Teams, and applications.","Employee Onboarding","85"
"INC1112710","Access to M365 is blocked","Access Authentication Failure","90"
"INC1109999","authentificat0or has blocked the laptop","Access Authentication Failure","95"
"INC1115811","Access to MS365 is blocked","Access Authentication Failure","90"
"INC1111203","1) I can't dial calls from Teams app, even to IT Desk cause get a message that I don't have a licens","Application Function Issue","85"
"INC1116113","WIFI Problem","Network","90"
"INC1113415","User was unable to  connect with VPN","VPN","95"
"INC1116243","unable to print documents in adobe .","Application Function Issue","80"
"INC1068867","Issue with L drive even though in office","Network","85"
"INC1106918","Unable to change my password","Password Reset","95"
"INC1079113","Syncing issue between sharepoint and one drive","Application Function Issue","85"
"INC1055956","Issue with onedrive","Application Function Issue","80"
"INC1060688","Mobile Device Compliant","Security Violation","90"
"INC1101791","T11889 - End user requested for an bitlocker recovery key","Security Violation","95"
"INC1064982","Iphone Non Compliant Issue","Network","85"
"INC1090691","I cannot access RO Wi FI","Service/Process Failure","75"
"INC1069490","Social media training error","null","null"
"INC1102465","Email release from mbassamcom@gmail.com","Security Violation","90"
"INC1109326","Battery not charging","Hardware","95"
"INC1105384","[OU] LT10418 - Unable to copy/paste on Edge","Application Function Issue","85"
"INC1110267","[OU] Unable to sign in","Access Authentication Failure","90"
"INC1113202","Phishing email","Security Violation","95"
"INC1062457","Login issue","Access Authentication Failure","90"
"INC1089319","No notification received while receiving emails on personal phone","Service/Process Failure","80"
"INC1062436","Recovery key","Password Reset","85"
"INC1108332","[OU] Urgent: can't start laptop","Hardware","95"
"INC1098623","I can not see the townhall live video","Application Function Issue","90"
"INC1114487","Account got locked after a scan","Access Authentication Failure","85"
"INC1080203","Authenticator setup on new phone","Password Reset","95"
"INC1113420","Outlook is not working","Application Function Issue","95"
"INC1071275","cant open my outlook","Application Function Issue","95"
"INC1112716","iPhone password reset ASAP","Password Reset","95"
"INC1057964","Mobile Device Compliant","Hardware","80"
"INC1063333","unlock the account","Access Authentication Failure","85"
"INC1062193","WIFI connection issue","Network","90"
"INC1110680","My email is not found","Password Reset","80"
"INC1084507","Hello, please can you unlock matanova' account.","Access Grant Request","90"
"INC1056291","Unable to connect to EBRD Wifi from mobile phone","Network","85"
"INC1110305","M365  access is blocked","Access Authentication Failure","75"
"INC1113658","Update your laptop's drivers before 25 June 2025","Application Function Issue","60"
"INC1062704","need bitlocker recovery key","Security Violation","70"
"INC1112628","After reset password, getting access blocked error","Password Reset","85"
"INC1071187","need guest wifi access for External user","Access Grant Request","95"
"INC1081186","BUCHAREST RO NOT ABLE TO USE PRINTERS","Hardware","90"
"INC1115551","Account expiry details","Access Authentication Failure","85"
"INC1070338","cant use excel","Application Function Issue","80"
"INC1073712","IPM error","Service/Process Failure","75"
"INC1060726","Password issue","Password Reset","90"
"INC1067558","Can't access password reset webpage for CIGNA","Security Violation","85"
"INC1071987","Protect your personal security details | Set up your Soft PIN today","Access Authentication Failure","80"
"INC1071726","Account unlock","null","null"
"INC1072912","Account Unlock AD","Access Authentication Failure","95"
"INC1064648","Unable to get notification for microsoft authenticator.","Access Authentication Failure","85"
"INC1063064","Need assistance in changing password.","Password Reset","90"
"INC1068737","RE: [OU] FW: Presentation Link","Service/Process Failure","70"
"INC1083534","Macro enabling","Security Violation","80"
"INC1054594","LT13123- End User Unable to Login","Access Authentication Failure","90"
"INC1095011","Google Chrome cannot be installed","Application Function Issue","85"
"INC1106780","Need to retrieve files from Mimecast","Hardware","75"
"INC1058222","BitLocker","Service/Process Failure","80"
"INC1069585","Account Unlock AD","Access Authentication Failure","95"
"INC1106295","[OU] Urgent-recovery key","Access Authentication Failure","95"
"INC1077378","Unable to use a USB stick to access on laptop and I cannot access Gmail on my work laptop as well.","Hardware","80"
"INC1108474","Account Unlock AD","Access Authentication Failure","95"
"INC1100843","EBRD mobile is not connecting to EBRD Office wifi","Network","85"
"INC1112561","LT10523 - Bitlocker Recovery Key  Id Issue","Access Authentication Failure","90"
"INC1104305","Unable to print document from edge","Application Function Issue","75"
"INC1056210","Bitlocker recovery","Security Violation","95"
"INC1058158","LT12598 - To check is there any unusual process or application running in laptops","Security Violation","85"
"INC1093284","Could you please provide wifi username and password for being connected to Ankara Office WIfi","Access Grant Request","90"
"INC1112084","[OU] Bitlocker issue","Security Violation","90"
"INC1069338","Account locked","Access Authentication Failure","95"
"INC1111551","account is locked","Access Authentication Failure","95"
"INC1056797","Bitlocker locked","Security Violation","90"
"INC1054048","User wanted to connect to the printer","Access Authentication Failure","85"
"INC1069139","Account Locked","Access Authentication Failure","90"
"INC1066347","Need bitlocker recovery key","Access Grant Request","80"
"INC1056778","Microsoft edge","Application Function Issue","75"
"INC1113157","[OU] Urgent! in HQ and Wi-Fi is not connected","Network","95"
"INC1056990","A file which is 35 MB  had to be reduce so It could get attach to the email","Application Function Issue","70"
"INC1102216","User is unable to login","Access Authentication Failure","95"
"INC1071067","[OU] Re: Locked account","Access Authentication Failure","85"
"INC1103261","NO Access on Internal Open Vacancies webpage on AskHr","Access Authentication Failure","85"
"INC1112776","New joiner is unable to login","Employee Onboarding","90"
"INC1062332","Access to microsoft 365 copilot chat","Access Authentication Failure","75"
"INC1055496","[OU] IT problem","Application Function Issue","60"
"INC1069220","[OU] Fw: New Task: Enter Personal Details for Jukka Norppa - Advisor Creation Menu","Application Function Issue","50"
"INC1101524","Unable to access Sharepoint link","Access Authentication Failure","80"
"INC1075236","WIFI access","Network","95"
"INC1071373","Please assist in resetting the R&M password","Password Reset","95"
"INC1069019","Email release from celiksv@hotmail.com","Access Grant Request","85"
"INC1054022","Getting windows security pop up.","Security Violation","80"
"INC1081062","I couldn't enter into outlook and teams as the following text arises: "This operation has been cance","Service/Process Failure","75"
"INC1054116","need a guide to set up the iphone","Hardware","60"
"INC1055817","Mobile Device Compliant","Node/Device Down","50"
"INC1054091","[OU] Recovery key","Access Authentication Failure","40"
"INC1059211","Email blocked by EBRD IT","Security Violation","80"
"INC1058701","printers","Hardware","90"
"INC1062274","Wifi problem","Network","90"
"INC1073327","ASB manual","Application Function Issue","85"
"INC1102526","Unable to login to system with new  password","Password Reset","95"
"INC1074405","BitLocker Recovery Key Id Issue","Security Violation","75"
"INC1070312","Outlook issues","Application Function Issue","85"
"INC1054040","Calendar access to the Teams site: TFPTC-ArvandBank@ebrd.com, for the external user:vitaliy.kyslenko","Access Grant Request","80"
"INC1057234","Account Unlock AD","Access Authentication Failure","90"
"INC1059432","You have new held messages","Access Grant Request","90"
"INC1074755","Email release from pgp-universal-admin@kb.com.mk","Access Grant Request","90"
"INC1052845","Authenticator pop up not working.","Access Authentication Failure","85"
"INC1105006","Email release from eyad.bakri@cab.ps","Access Grant Request","90"
"INC1089801","Can't print","Hardware","80"
"INC1058635","Bitloker key and unable to login Laptop","Access Authentication Failure","75"
"INC1111929","LT11088 - End user received an email Compliant mobile device","Service/Process Failure","70"
"INC1062929","RPS CSEE Teams team","Hardware","60"
"INC1063097","Request for access shared calendar EBRDAlmatyinfo","Access Grant Request","95"
"INC1103974","please generate bitlocker recovery key","Password Reset","90"
"INC1054024","Unable to access EBRD remote.","Access Authentication Failure","90"
"INC1073988","Unable to login to the EBRD remote","Access Authentication Failure","90"
"INC1112894","Can't access work phone, need help ASAP","Hardware","85"
"INC1059485","[OU] FW: Files attached to a message triggered a policy","Security Violation","80"
"INC1107604","Email release from  jolaniewiadowska@op.pl","Access Authentication Failure","75"
"INC1074169","Unable to Access Mandatory Training Due to Expired Password","Access Authentication Failure","95"
"INC1071074","LT13515 -  IPM Issue","Application Function Issue","85"
"INC1100571","my phone cannot be connected to EBRD wifi.","Network","90"
"INC1081505","Can't connect to VPN","VPN","95"
"INC1107446","Credit review bugging an uploaded XLSM document","Application Function Issue","80"
"INC1054770","RO Wifi not working on the phone","Network","90"
"INC1112679","unable to login outlook,teams etc.","Access Authentication Failure","90"
"INC1056394","User needed wifi password","Access Grant Request","85"
"INC1085940","cannot connect wifi on mobile phone","Network","95"
"INC1097615","Cannot open any web site, including authenticator","Network","85"
"INC1081713","requesting access to Intranet page","Access Grant Request","90"
"INC1068754","[OU] FW: Files attached to a message triggered a policy","Security Violation","90"
"INC1063714","Cannot login to laptop, account locked","Access Authentication Failure","95"
"INC1069154","Laptop get black","Hardware","80"
"INC1070105","Unable to get connected to the EBRD WiFi in Tunis RO","Network","90"
"INC1059039","[OU] FW: Mobile Device Compliant","Network","90"
"INC1065314","[OU] syncing files not possible","Network","95"
"INC1061484","LT12006 - Work application access","Application Function Issue","85"
"INC1110066","need help for Adobe Pro","Application Function Issue","80"
"INC1054512","Cannot login to laptop","Access Authentication Failure","90"
"INC1069869","Wifi not connecting","Network","95"
"INC1107168","Recovery key needed for my laptop LT10556","Hardware","85"
"INC1112637","Bitlocker access","Security Violation","80"
"INC1086414","not able to join corporate wireless Wifi","Network","95"
"INC1056055","LT10418 Bitlocker recovery","Password Reset","85"
"INC1080016","Locked out of laptop","Access Authentication Failure","90"
"INC1109993","Outlook and teams sign in issue","Application Function Issue","80"
"INC1109494","DocuSign verification code","Application Function Issue","75"
"INC1076673","Files attached in emails cannot be saved to one drive","Service/Process Failure","70"
"INC1059361","Network Issue","Network","95"
"INC1089442","I need to retrieve voided document for the project Enel PS, DocuSign Envelope ID: 60CE0456-CEE9-4C60","Application Function Issue","65"
"INC1057232","Account Unlock AD","Access Authentication Failure","90"
"INC1113259","Re: [OU] Important: Update your laptop's drivers before 20 June 2025","Hardware","80"
"INC1070063","Recall email in outlook","Application Function Issue","70"
"INC1066336","[OU] No printer","Hardware","90"
"INC1066642","Microsoft Teams email plug in doesn't work","Application Function Issue","85"
"INC1071276","Unable to connect to the WiFi using my mobile phone","Network","80"
"INC1089438","Nika Razmadze can't reset his password","Password Reset","95"
"INC1054522","User need Bitlocker recovery key","Security Violation","75"
"INC1107867","MS Outlook: connecting account knowhowkyrgyzrepublic@ebrd.com","Access Authentication Failure","80"
"INC1076492","No MS Teams plug-in in Outlook","Application Function Issue","90"
"INC1063764","LT10524 - End user requested for a bitlocker recovery key","Password Reset","70"
"INC1057819","[OU] EBRD wifi password","Network","85"
"INC1096078","Teams does not work","Application Function Issue","95"
"INC1063726","Laptop login","Access Authentication Failure","85"
"INC1102191","Account Lockout Issue","Access Authentication Failure","95"
"INC1111684","Password issue","Password Reset","90"
"INC1086200","Forgot Corporate phone password","Password Reset","95"
"INC1057105","Account Locked","Access Authentication Failure","85"
"INC1059087","Password reset","Password Reset","95"
"INC1103980","Bitlocker - Recovery Key","Security Violation","70"
"INC1068314","User got the below error","Application Function Issue","60"
"INC1055484","Need BitLocker recovery key","Security Violation","70"
"INC1113338","Phishing email","Security Violation","90"
"INC1103427","Bitlocker recovery issue","Security Violation","70"
"INC1095692","E-notebook connection with Onedrive & Email account","Application Function Issue","60"
"INC1067755","Bitlocker - Recovery Key","Password Reset","85"
"INC1085476","send files","Access Grant Request","70"
"INC1056341","Unable to login","Access Authentication Failure","90"
"INC1052681","Forgot the access code","Access Authentication Failure","80"
"INC1098755","The link provided by the technical advisor, which contains the data we need, is not opening.","Service/Process Failure","75"
"INC1061499","Email release from anis.m@inotekeng.com","Access Authentication Failure","65"
"INC1067901","KhayriN@ebrd.com not showing in Service now & AD","Access Authentication Failure","85"
"INC1055285","[OU] Urgent call for help with Sharepoint doc","Password Reset","80"
"INC1057675","I don't have access to my account","Access Authentication Failure","90"
"INC1061797","Cannot access Teams","Application Function Issue","70"
"INC1106323","Bitlocker login issue","Password Reset","95"
"INC1086841","i used o have copilot and it disappeared","Security Violation","60"
"INC1057231","Bitlocker unlock","Password Reset","90"
"INC1075584","I entered my passcode wrong a few times and my corporate iphone reset itself. I lost all my stored i","Hardware","50"
"INC1059048","Unable to login","Access Authentication Failure","85"
"INC1061239","Account Unlock","Access Authentication Failure","95"
"INC1072691","IPM issue","Application Function Issue","85"
"INC1112147","[OU] WeTransfer - files from client","Security Violation","90"
"INC1058492","text size is very small and when I amended it, there is no big change","Application Function Issue","70"
"INC1107584","unable to log on to EBRDRemote from personal laptop","Access Authentication Failure","90"
"INC1100726","A message triggered content policies","Security Violation","95"
"INC1052760","LT12507 - End user requested for a bitlocker recovery key","Access Grant Request","80"
"INC1065026","User trying to connect to the EBRD WIFI","Network","90"
"INC1058065","please How can i find the People Management Framework\Job Descriptions","Access Grant Request","80"
"INC1100936","Email release from keyaccount@t-mobile.pl","Access Revoke","95"
"INC1070697","Account Locked Out","Access Authentication Failure","85"
"INC1069811","Unable to login to laptop","Access Authentication Failure","85"
"INC1076287","VPN issue","VPN","95"
"INC1089385","Please remove pllanas@ebrd.com from Group - RO Office Managers <Group-ROOfficeManagers@ebrd.com>","Access Revoke","95"
"INC1108340","[OU] Recovery key","Access Authentication Failure","90"
"INC1093895","I cannot open SAP","Application Function Issue","85"
"INC1106655","Opening documents from the browser","Access Authentication Failure","80"
"INC1079154","I need to connect my laptop to I-drive.","Access Grant Request","95"
"INC1062233","I lost access to some files.","Access Authentication Failure","75"
"INC1059050","[OU] Account blocked out","Access Authentication Failure","95"
"INC1084604","I'm unable to access my Outlook and cloud documents.","Application Function Issue","80"
"INC1055731","headset not working","Hardware","90"
"INC1065683","Calendar Delegate Access","Access Authentication Failure","85"
"INC1056175","Unable to connect to WIFI","Network","95"
"INC1065334","EBRD office WiFi not accessible on my phone","Network","95"
"INC1111198","My onedrive is not syncing with teams folders","Application Function Issue","85"
"INC1057622","Issue login into the pc","Access Authentication Failure","90"
"INC1068798","[OU] Bit locker recovery","Password Reset","80"
"INC1094496","My personal mobile phone is disconnected from EBRD wifi","Network","95"
"INC1069728","Recovery key","Password Reset","70"
"INC1112641","Unable to Login - Travel Portal – Reed & Mackay","Access Authentication Failure","85"
"INC1061128","Unable to connect","Access Authentication Failure","90"
"INC1073989","Bitlocker Recovery Key","Access Authentication Failure","85"
"INC1067058","No access to laptop","Access Authentication Failure","95"
"INC1058705","Printers unaccessible","Network","80"
"INC1073258","teams not integrated to outlook","Application Function Issue","75"
"INC1104899","Outlook doesn't send emails","Application Function Issue","85"
"INC1104409","Phishing email","Security Violation","95"
"INC1104198","Changes lost in Word file","Application Function Issue","70"
"INC1113649","Access to M365 is blocked","Access Authentication Failure","95"
"INC1109132","[OU] Blocked my account","Access Authentication Failure","90"
"INC1112884","Account Unlock AD","Access Authentication Failure","95"
"INC1083165","please unlock the webpage for ordering local DHL courier","Access Grant Request","85"
"INC1077108","Issue login into the pc","Access Authentication Failure","90"
"INC1061016","User getting Restricted access pop up","Access Authentication Failure","80"
"INC1081989","I am unable to Copy, Paste and Download from my corporate laptop","Application Function Issue","90"
"INC1077284","can't connect to the Resident Office Wi-Fi Network","Network","95"
"INC1102278","Unable to send emails as email is getting stuck on Outbox","Service/Process Failure","90"
"INC1052238","Unable to access network drive when connected to VPN","VPN","95"
"INC1061176","Bit locker recovery key","Security Violation","85"
"INC1113033","Laptop LT12200 - Bitlocker","Security Violation","85"
"INC1062752","Azure portal role","Access Authentication Failure","75"
"INC1077490","WiFi connection failure","Network","90"
"INC1113357","[OU] Access to MS 365","Access Authentication Failure","70"
"INC1106990","Google drive access","Application Function Issue","70"
"INC1068339","Laptop screen black","Hardware","90"
"INC1065481","Account Locked out","Access Authentication Failure","80"
"INC1076866","Teams channel "SIG - Turgen Project" disappeared","Network","95"
"INC1110282","[OU] Email problem","Access Authentication Failure","90"
"INC1059628","Unable to connect to EBRD Wifi","Network","95"
"INC1069401","I am struggling to run an Investment Profitability Model","Application Function Issue","85"
"INC1095670","Account has been locked out and user cannot log in","Access Authentication Failure","90"
"INC1081720","no access to outlook email","Access Authentication Failure","80"
"INC1073705","Bitlocker recovery key","Security Violation","75"
"INC1070274","Unable to connect to ebrd wifi","Network","95"
"INC1101462","Trouble connecting my personal devices to the EBRD wifi","Network","95"
"INC1087837","Outlook Application on the laptop is not launching, but just showing the initial Outlook logo with '","Application Function Issue","90"
"INC1106922","Issues with Teams and VPN","VPN","85"
"INC1067101","Account Unlock AD","Access Authentication Failure","80"
"INC1102863","E-sim not working abroad","Hardware","75"
"INC1106444","Microsoft Copilot","Application Function Issue","70"
"INC1064469","Unable to access https://ebrdvpn-dgm.ebrd.com/spPortal/ServiceProviderTabs?realm=vpn_MS-Auth-Prod-Op","VPN","95"
"INC1071933","I-drive (application server) access for IPM application users","Application Function Issue","85"
"INC1056323","Work phone (code: MD3465) not connecting to the RO wifi","Network","80"
"INC1055615","Account Locked","Access Authentication Failure","90"
"INC1071171","IPM is not working","Application Function Issue","90"
"INC1076097","Please release this newsletter and whitelist basharq.com.","Access Grant Request","75"
"INC1070347","Mark Davis's Calendar is not Updating","Application Function Issue","85"
"INC1071039","Unable to Print","Application Function Issue","90"
"INC1058514","Laptop freezing","Hardware","80"
"INC1069314","Work phone setup","Access Grant Request","75"
"INC1103251","Excel Macro file","Application Function Issue","70"
"INC1098766","Cannot open the Word documents send as attachments to the email.","Application Function Issue","80"
"INC1066262","[OU] missing word doc","Application Function Issue","65"
"INC1063326","BitLocker recovery key for Banush Shabanaj","Security Violation","60"
"INC1066362","intranet issue","Network","70"
"INC1054357","I have changed my outlook password today. But now I am unable to log in on my mobile. I can't see my","Password Reset","85"
"INC1058728","The right to cut/copy/paste for an external user","Access Grant Request","75"
"INC1056350","URGENT: Assistance Required with Email Issues on Mobile Devices","Application Function Issue","90"
"INC1069348","Could you help to delete Levan Asatiani’s (staff No 10376) posted claim Trip No 974833.   Need to co","Access Revoke","80"
"INC1095436","VPN related tab opening automatically in Chrome/Edge.","VPN","95"
"INC1108823","Bitlocker recovery key","Password Reset","85"
"INC1067604","Request for creation of Central Europe group e-mail","Access Grant Request","90"
"INC1065475","End user unable to sign-in to S&P Capital IQ add-in on Excel","Application Function Issue","95"
"INC1089588","Need access for Smart by GEP application","Access Grant Request","90"
"INC1111185","Outlook issue","Application Function Issue","70"
"INC1059719","Authenticator code does not come to my mobile phone to open the app.","Access Authentication Failure","80"
"INC1113368","Phishing email","Security Violation","95"
"INC1107360","Account Unlock AD","Access Authentication Failure","90"
"INC1106590","User wanted to know contact details","Access Authentication Failure","80"
"INC1056160","[OU] my work iphone is blocked","Access Authentication Failure","85"
"INC1071840","L Drive assistance needed","Hardware","70"
"INC1070577","unable to access the SMART GET.","Application Function Issue","75"
"INC1072249","not able to map the printer","Hardware","70"
"INC1063619","EBRDremote","Access Grant Request","60"
"INC1092206","No access to SMART by GEP","Access Authentication Failure","80"
"INC1071032","[OU] Unlocking of blocked web address","Security Violation","85"
"INC1053485","[OU] FW: A message triggered content policies","Security Violation","85"
"INC1075159","PLEASE CALL FROM TEAMS IF NEEDED - I KINDLY ASK FOR A WIFI PASSWORD FOR ISTANBUL RO","Password Reset","80"
"INC1055397","Bitlokcer recovery key","Access Authentication Failure","70"
"INC1087622","Unable to connect to WIFI using my phone - despite trying to reset the password","Network","90"
"INC1097540","SimCard is not working","Hardware","85"
"INC1071414","Unable to find Network Drives on Laptop","Access Authentication Failure","75"
"INC1064915","blocked mail to be released","Access Grant Request","60"
"INC1061054","Need bitlocker recovery key","Access Authentication Failure","70"
"INC1110256","LT10864 - Bitlocker recovery Key Id Issue","Security Violation","85"
"INC1063734","[OU] FW: We found suspicious links in a message","Access Authentication Failure","70"
"INC1087152","I can't respond to emails.","Application Function Issue","90"
"INC1110299","[OU] Trouble receiving emails","Network","80"
"INC1106930","Wifi password","Password Reset","65"
"INC1062765","VPN does not connect and doesn't allow me to connect","Service/Process Failure","85"
"INC1114150","unable to  access  the google drive","VPN","95"
"INC1069981","Unable to view Teams Add-in","Application Function Issue","80"
"INC1054655","Cannot access outlook or internet browser","Network","85"
"INC1073667","Password expired","Password Reset","95"
"INC1075078","MS Authenticator","Access Authentication Failure","80"
"INC1086583","I cannot connect to the printer inTirana RO","Hardware","75"
"INC1060975","Unable to connect to internet in EBRD mobile","Network","80"
"INC1103655","Need access to external website","Access Grant Request","70"
"INC1075136","Getting an error message when trying to declare gifts:   org.springframework.transaction.UnexpectedR","Service/Process Failure","90"
"INC1065574","Logitech Headset HC650 e issue","Hardware","90"
"INC1084958","LT10393 is locked. Please provide BitLocker number","Access Authentication Failure","85"
"INC1053528","New Joiner account is unable to open and says "username or password incorrect"","Employee Onboarding","80"
"INC1066487","Issue in logging in to Business cards website","Application Function Issue","75"
"INC1108155","User Facing an issue with NEW Outlook","Application Function Issue","70"
"INC1058467","Windows security pop up shows up","Security Violation","85"
"INC1100943","Account locked out issue","Access Authentication Failure","90"
"INC1055408","[OU] Recovery key","Password Reset","90"
"INC1066403","LT10499 - End user forgot his laptop password and reset it without connecting to VPN /Office network","Password Reset","95"
"INC1075268","Unable to take print, printer not configured.","Application Function Issue","85"
"INC1065898","No access to the RO's WiFi","Network","80"
"INC1066181","Account Lock Out Issue","Access Authentication Failure","90"
"INC1077518","Access to Copilot","Access Grant Request","75"
"INC1064185","Bitlocker for LT10703","Security Violation","85"
"INC1113457","No Copilot Pro Access so far","Access Grant Request","70"
"INC1069371","unable to connect EBRD wifi","Network","95"
"INC1061767","wifi password","Password Reset","90"
"INC1052351","Mobile Device Compliant","Hardware","85"
"INC1104393","Outlook not opening","Application Function Issue","80"
"INC1068299","Terminal (CMD) issue","Hardware","85"
"INC1081710","Can't sign in to teams, outlook on my new phone","Access Authentication Failure","75"
"INC1096576","Need to senda big file","Service/Process Failure","70"
"INC1073721","Software updates taking place today","Network","65"
"INC1055406","Account got locked","Service/Process Failure","60"
"INC1062824","Bitlocker - Problem with log in","Password Reset","85"
"INC1060130","Bitlocker recovery","Access Authentication Failure","90"
"INC1105037","Bitlocker - Recovery Key","Access Authentication Failure","80"
"INC1103895","Lost access to both the intranet and appian application","Network","95"
"INC1081831","I have a restriction in effect on my computer.","Access Authentication Failure","75"
"INC1055577","unable to connect VPN","VPN","95"
"INC1060174","Access to Authenticator","Access Authentication Failure","80"
"INC1075341","Employee Self Service unavailable","Service/Process Failure","90"
"INC1067724","Issue login into the pc","Access Authentication Failure","90"
"INC1084487","Unable to use VPN when working from home","VPN","95"
"INC1073331","Email release from m.stamenkovic@bcenergy.rs","Access Grant Request","85"
"INC1103769","Account Unlock","Access Authentication Failure","80"
"INC1066183","[OU] Urgent issue: ESS not working","Service/Process Failure","75"
"INC1057041","Cairo WI FI is down","Node/Device Down","90"
"INC1059626","Intranet photo for Nijat Alishov","Access Grant Request","70"
"INC1070498","Bluetooth disabled","Hardware","85"
"INC1108878","Unable to connect to the printer","Node/Device Down","80"
"INC1075059","AD Account has been Locked","Access Authentication Failure","95"
"INC1071217","IPM Model issue","Application Function Issue","90"
"INC1058911","Chrome Install","Application Function Issue","85"
"INC1054001","email message blocked","Security Violation","90"
"INC1066530","Account Locked Out","Access Authentication Failure","95"
"INC1105121","Smart by GEP - Wrong Organization Entity to chose","Access Authentication Failure","80"
"INC1113191","Phishing email","Security Violation","95"
"INC1054906","Login issue","Access Authentication Failure","90"
"INC1060386","Password issue","Password Reset","95"
"INC1076510","Account Unlock AD","Access Authentication Failure","95"
"INC1057271","User unable to save work on Word and Excel files","Application Function Issue","95"
"INC1092655","RO office Wifi not working on my phone (Iphone14)","Network","90"
"INC1104602","Bitlocker recovery key","Security Violation","85"
"INC1075312","Email release from nastasia.pousse@expertisefrance.fr","Access Grant Request","80"
"INC1071150","[OU] BitLocker locked out: user: Azim GAIBULIN","Security Violation","90"
"INC1083993","Can't open any files on my computer","Hardware","85"
"INC1066275","[OU] FW: Mobile Device Compliant","Node/Device Down","75"
"INC1110509","[OU] managing spam-marked emails","Security Violation","80"
"INC1112629","URGENT! Block from Onedrive","Access Authentication Failure","90"
"INC1069132","Account Unlock and password reset","Password Reset","95"
"INC1078310","Cannot see folder","Application Function Issue","85"
"INC1086574","MS Office word not launching","Application Function Issue","90"
"INC1061215","Unable to Login to Laptop","Access Authentication Failure","95"
"INC1086284","Access to We Transfer","Access Grant Request","80"
"INC1100400","File I want to share with external party is too large -when compressing in 7zip, it's still large. I","Application Function Issue","75"
"INC1066360","Intranet is not working.","Network","95"
"INC1073494","[OU] Log-on process, please advise","Access Authentication Failure","85"
"INC1075890","Out of office for departing employee","Employee Offboarding","90"
"INC1105225","Email release from felkafrawy@emaar.eg","Access Grant Request","80"
"INC1067366","Issue connecting to Checkpoint Endpoint","Network","90"
"INC1113343","Phishing email","Security Violation","95"
"INC1074198","Account Unlock AD","Access Authentication Failure","85"
"INC1059694","Printer access","Hardware","75"
"INC1099424","RO Wifi not working for my personal device.","Network","90"
"INC1063851","VPN is not working","VPN","95"
"INC1071831","Guest wifi in istanbul","Network","85"
"INC1068340","Help needed - Laptop","Hardware","75"
"INC1100137","i can not receive documents from we transfer and I already applied to have this access long time ago","Access Authentication Failure","80"
"INC1069201","[OU] Fw: NEWS-ENG [February 17, 2025, 07:00PM]","Service/Process Failure","60"
"INC1061732","issues with iPhone MD4871","Hardware","70"
"INC1075243","account locked /password forgotten","Password Reset","90"
"INC1108532","Unable to open Outlook and connect to the VPN","VPN","95"
"INC1108503","Need to setup  new iPhone","Hardware","85"
"INC1113643","Phone not working due to long inactivity","Network","80"
"INC1064366","[OU] Microphone","Application Function Issue","75"
"INC1058486","Unable to connect EBRD Corp WiFi and LAN cable network with work laptop: LT11166.","Network","90"
"INC1088019","Disapperance of outlook items","Application Function Issue","85"
"INC1110901","User needed to shift the authenticator App on personal phone","Access Authentication Failure","70"
"INC1084102","LT13364 to be configured for joiner Kristjan Careri","Employee Onboarding","95"
"INC1110676","[OU] Outlook on iPhone isn't signing in","Access Authentication Failure","85"
"INC1069730","Recovery Key","Password Reset","70"
"INC1062321","Files attached to a message triggered a policy","Security Violation","90"
"INC1056449","Email release","Access Grant Request","65"
"INC1062802","Sharepoint - Issue with downloading document","Application Function Issue","80"
"INC1104005","Metacompliance Simulated Phishing Emails","Security Violation","85"
"INC1061222","Please check whether SAP is installed in Madina's laptop/system or not","Hardware","80"
"INC1114037","Fw: We found harmful files in a message","Security Violation","70"
"INC1107507","Printer not available in Bratislava","Hardware","90"
"INC1076929","Outlook issue","Application Function Issue","60"
"INC1071424","Access to wifi in the offic","Network","85"
"INC1055722","issues with account","Access Authentication Failure","75"
"INC1088680","I can't print","Hardware","95"
"INC1058342","[OU] Emad osman (MD3089)unable to connect to EBRD WIFI","Network","90"
"INC1109617","Please exclude me from Budget Officers Group, as I am no longer working as Officer","Access Revoke","95"
"INC1067330","Bitlocker Recovery Key","Password Reset","85"
"INC1068262","Computer screen is  black.  LT10875","Node/Device Down","90"
"INC1061123","Wi Fi authentication failed","Access Authentication Failure","90"
"INC1069944","Unable to access the Network drives","Network","80"
"INC1069857","Unable to connect to wifi","Access Authentication Failure","90"
"INC1069075","my iphone got reset. it doesn't work. it requires Remote management setup","Hardware","85"
"INC1054060","Unable to login to Bit-locker","Access Authentication Failure","95"
"INC1060379","File saved on Teams does not reflect changes made by different colleagues.","Application Function Issue","85"
"INC1057997","please remove my assigned devices to RO wifi network","Network","90"
"INC1090036","Urgent: Access to WeTransfer","Access Grant Request","80"
"INC1063081","Unable to access anything on the laptop as the laptop is frozen","Node/Device Down","95"
"INC1099351","Printer is offline","Hardware","90"
"INC1086064","Critical Error A critical error has occured. Processing of the service was terminated. Unsaved data ","Service/Process Failure","95"
"INC1095000","Dear Team,  Bardh Kukaj is a new staff in our office. Could you please add him to the Pristina RO ma","Employee Onboarding","90"
"INC1100850","BitLocker Prompt During Restart & Phone esim update","Hardware","85"
"INC1056186","EBRD Wifi not working on personal phone.","Network","80"
"INC1077521","Microsoft Copilot licence request","Access Grant Request","90"
"INC1073181","How do I register the SMART account","Access Grant Request","90"
"INC1070172","Email release from josipa.gombovic@unicreditgroup.zaba.hr","Access Grant Request","85"
"INC1062115","Secure Boot","Security Violation","75"
"INC1069840","[OU] Bitlocker recovery","Access Authentication Failure","80"
"INC1066364","[OU] Intranet not working","Network","70"
"INC1078674","Can not send e-mail","Access Authentication Failure","95"
"INC1107500","Elsy Reminder","Employee Onboarding","60"
"INC1107874","User account locked out","Access Authentication Failure","90"
"INC1112190","[OU] Outgoing emails","Access Grant Request","85"
"INC1097087","Laptop was locked out","Password Reset","80"
"INC1076860","Computer does not connect to monitor","Hardware","70"
"INC1061051","Please send recovery bitlocker Key: 4C452EE8-9F9C-4551-8B85-DCE6110A6CB6","Access Grant Request","90"
"INC1057374","Error message 'Authentication failed'.","Access Authentication Failure","85"
"INC1064133","Request for bitlocker key for Banush Shabanaj","Access Grant Request","85"
"INC1109285","[OU] Bitlocker","Security Violation","75"
"INC1065922","Iphone update no access KAWTAR MORENO","Hardware","60"
"INC1063807","Bit Locker Recovery","Password Reset","80"
"INC1071338","Google chrome","Application Function Issue","80"
"INC1052929","Bit locket forgotten","Access Authentication Failure","70"
"INC1059159","Account Unlock AD","Access Authentication Failure","90"
"INC1083840","Monarch does notlet me see and work on my engagements","Application Function Issue","60"
"INC1066585","Mobile Device compliant Issue","Hardware","50"
"INC1071926","Email release from mae@access.tn","Access Grant Request","85"
"INC1111132","FW: RE: [OU] RE: Innova Central Holding SCA - AGM AAC 2024 - European Bank for Reconstruction and De","Service/Process Failure","40"
"INC1060638","Please send recovery bitlocker Key: 29BB5FE8-9DF4-491A-947B-C7B990FF997D","Security Violation","85"
"INC1071223","Unable to connect to EBRD Wi-Fi on Personal iPhone at RO Office","Network","75"
"INC1073755","Bitlocker Recovery key","Security Violation","90"
"INC1059036","Authenticator code","Access Authentication Failure","80"
"INC1072121","[OU] Recuring Error causing disruptions","Service/Process Failure","70"
"INC1095787","SAP ERROR","Application Function Issue","65"
"INC1060510","FW: Files attached to a message triggered a policy","Security Violation","95"
"INC1065178","LT10163 - End user unable to sign-in to S&P Capital IQ add-in on Excel","Access Authentication Failure","95"
"INC1059998","FW: please release the message","Access Grant Request","80"
"INC1110046","Outlook and teams sign in issue","Access Authentication Failure","85"
"INC1057179","Cant save any Ms Word docs, need to sendun updated version ASAP. Currently I am working from home","Application Function Issue","90"
"INC1065833","Files attached to a message triggered a policy","Security Violation","95"
"INC1101101","Teams meeting link not showing in outlook","Service/Process Failure","80"
"INC1101752","[OU] Recovery id","Network","80"
"INC1079699","WiFi not working","Network","90"
"INC1061384","MS Teams Add-in Missing on Outlook","Application Function Issue","85"
"INC1054584","Account Lock Out Issue","Access Authentication Failure","95"
"INC1071777","[OU] Intranet","Network","70"
"INC1067153","iPhone is locked","Access Authentication Failure","90"
"INC1057845","Login issue","Access Authentication Failure","85"
"INC1062333","Please enable access to R&M Hotel directory","Access Grant Request","75"
"INC1077201","Cannot access the wi-fi on the company provided phone","Network","80"
"INC1102169","Outlook - Rules do not work","Application Function Issue","90"
"INC1105928","[OU] RE: Your Service Request with Ref: RITM0181655 has been resolved","Service/Process Failure","85"
"INC1064703","Phishing Email","Security Violation","95"
"INC1113706","grand permission "send on behalf"","Access Grant Request","80"
"INC1056776","RO WIFI connection","Network","85"
"INC1077442","Bit Locker Recovery","Application Function Issue","75"
"INC1055498","Unable to login, account locked out.","Access Authentication Failure","95"
"INC1105020","INC1102736","Service/Process Failure","70"
"INC1059102","cannot install EBRD wi-fi on my i-phone","Application Function Issue","80"
"INC1058375","[OU] Forgot password","Password Reset","95"
"INC1073885","Wifi portal","Network","70"
"INC1056388","I can not send emails via outlook. All emails are in Outbox.","Application Function Issue","85"
"INC1078636","OneDrive not synchronising","Application Function Issue","80"
"INC1077389","install SAP on the laptop for Peter Kalotai","Application Function Issue","75"
"INC1109375","[OU] access to office wifi","Access Authentication Failure","70"
"INC1066265","Bit locker recovery key","Security Violation","85"
"INC1054519","LT13515, Laptop keeps shutting down on locked mode.","Hardware","95"
"INC1110137","I can't receive emails.","Application Function Issue","85"
"INC1066069","Email for BIOS update on system","Service/Process Failure","80"
"INC1055118","Cannot connect to Office WIFI via personal mobile phone","Network","90"
"INC1055487","[OU] Bitlocker recovery key request","Security Violation","90"
"INC1076678","[OU] Email is bouncing back","Service/Process Failure","85"
"INC1108245","Email release from sabina.blitek@rpowerinvestment.nl","Access Grant Request","75"
"INC1113973","Mobile Device Compliant","Hardware","80"
"INC1085443","Wetransfer is now blocked on my computer","Security Violation","70"
"INC1074590","Colleague (Milena Popovic Martinelli) is trying to give me her calendar permission so I can send inv","Access Grant Request","90"
"INC1066509","ebrd wifi doesnt work on my smartphone","Network","85"
"INC1056983","User unable to login with her current password","Access Authentication Failure","95"
"INC1060149","EBRD corporate wifi not working on my EBRD laptop in the office","Network","90"
"INC1054526","[OU] issue with VPN","VPN","95"
"INC1098747","Authenticator does not work in the new iphone","Access Authentication Failure","85"
"INC1051988","Unable to connect to vpn","VPN","95"
"INC1063655","Bitlocker recovery key","Security Violation","80"
"INC1071164","Unable to access intranet","Network","85"
"INC1055392","BitLocker","Security Violation","75"
"INC1056027","Wifi credentials","Network","90"
"INC1064184","Account Locked","Access Authentication Failure","90"
"INC1073825","One drive access issue","Application Function Issue","70"
"INC1103991","General laptop diagnostics, applications are functioning very slow","Application Function Issue","90"
"INC1110447","[OU] Unable to access Outlook","Access Authentication Failure","85"
"INC1063824","WIF Connection issue","Network","75"
"INC1076216","mobile device is replaced","Hardware","95"
"INC1060115","BitLocker recovery key.","Security Violation","80"
"INC1062775","Bitlocker issue","Application Function Issue","85"
"INC1077355","User facing an issue Drag and drop on outlook","Security Violation","70"
"INC1061052","send recovery bitlocker Key.","null","null"
"INC1055780","Issue with bitlocker","Security Violation","85"
"INC1077088","Please help with I drive connectivity","Network","75"
"INC1075318","Cannot see printers","Application Function Issue","70"
"INC1054516","Could not access to Elsy platform","Access Authentication Failure","80"
"INC1109318","Bitlocker Recovery key","Security Violation","90"
"INC1064688","Email release from keyaccount@t-mobile.pl","Access Grant Request","85"
"INC1072120","unable to connect to t EBRD wifi","Network","80"
"INC1111679","Access for Office 365","Access Authentication Failure","75"
"INC1061485","LT10704 - Bitlocker","Node/Device Down","65"
"INC1059807","Outlook log in issue via desktop huseyin yagcioglu","Access Authentication Failure","95"
"INC1075874","Microsoft Authenticator Configuration on BYOD iPhone","Application Function Issue","85"
"INC1073333","Email has been released from muhammed.cezik@kervangida.com","Access Grant Request","75"
"INC1070507","File has 2 embedded PDF files which I cannot extract and save as separate files","Application Function Issue","80"
"INC1102755","Account Lock Out Issue","Access Authentication Failure","90"
"INC1060963","S&P Capital IQ add -in got disabled","Application Function Issue","70"
"INC1056495","need bitlcoker recovery key","Password Reset","95"
"INC1056894","Email release from celiksv@hotmail.com","Access Grant Request","90"
"INC1057548","Request to manually delete the Docusign request.","Access Revoke","95"
"INC1053155","Password expired","Password Reset","95"
"INC1051892","Unable to login to laptop","Access Authentication Failure","85"
"INC1056143","Unable to login to laptop, password expired.","Password Reset","100"
"INC1055493","Account Unlock AD","Access Authentication Failure","90"
"INC1101060","Need assistance on how to remove OneDrive folder access to particular person","Access Revoke","95"
"INC1113769","R&M mobile app","Password Reset","90"
"INC1052838","Account Unlock AD","Access Authentication Failure","95"
"INC1063664","[OU] Bitlocker for LT10703","Security Violation","85"
"INC1079634","No internet access","Network","95"
"INC1076375","LT12277 - End user wants to setup outlook on personal mobile","Application Function Issue","80"
"INC1068111","External link not working","Network","90"
"INC1073642","Account locked","Access Authentication Failure","95"
"INC1076330","Account Unlock","Access Grant Request","90"
"INC1097711","RO Wifi on phone not working","Network","95"
"INC1058454","[OU] Locked computer","Hardware","85"
"INC1112158","[OU] Locked out","Access Authentication Failure","95"
"INC1112934","Unable to access Microsoft Teams","Access Authentication Failure","90"
"INC1076714","Please unblock e-mail from ayaulyan2@halykbank.kz dated as of 11.03.2025 with attached zip file","Access Grant Request","85"
"INC1077478","Cannot access Info Sec Training from Metacompliance","Application Function Issue","80"
"INC1068160","Can't connect HP M507 (PR0953)","Hardware","90"
"INC1061129","Can't access intranet or other sites","Network","85"
"INC1055583","Password Expired","Password Reset","95"
"INC1112173","User facing issue with Outlook and excel","Application Function Issue","80"
"INC1079022","Hello, his LT11252 needs bitlocker recovery key 8c205825-ddb8-4ea9-90f5-46141feb5fec. thanks","Security Violation","70"
"INC1111877","Guest WiFi Access","Access Grant Request","90"
"INC1061110","LT13442- End User Unable to Connect Corp Wifi at Athens RO","Network","85"
"INC1056902","Bitlocker recover key","Security Violation","95"
"INC1054774","Wifi password","Password Reset","90"
"INC1055581","Authenticator app not working","Access Authentication Failure","85"
"INC1068811","Dushanbe Printer","Hardware","90"
"INC1103008","M365 MS Authenticator","Access Authentication Failure","95"
"INC1066155","System login issue.","Access Authentication Failure","90"
"INC1056131","Cannot authenticate from  MS Authenticator","Access Authentication Failure","95"
"INC1069380","LT11709 - End user unable to configure the printer in RO Location (Amman)","Hardware","85"
"INC1085239","Decrypt 7z file received from the Client","Security Violation","80"
"INC1066324","Bitlocker recovery key","Password Reset","90"
"INC1078063","error message in self service","Service/Process Failure","85"
"INC1070494","Password expire","Password Reset","95"
"INC1068881","Unable to print","Password Reset","95"
"INC1090839","Password expired","Password Reset","95"
"INC1052776","LT11973 -  End user unable to login to laptop","Access Authentication Failure","85"
"INC1093577","Email has not been sent, error exist","Service/Process Failure","80"
"INC1070277","unable to login","Access Authentication Failure","85"
"INC1074318","i cannot access L DRIVE even though i am in the office this is the second time it happened","Hardware","75"
"INC1100245","wifi failed in the office","Network","80"
"INC1058329","Password credential prompt appearing due to expired password.","Password Reset","95"
"INC1090063","I can't access to project documents sent via we Transfer","Access Authentication Failure","85"
"INC1095326","Outlook is not working properly, my emails are not sent and are waiting in Outlook","Application Function Issue","90"
"INC1082596","Outlook not working, restrictions applied, not completed Mandatory courses.","Access Authentication Failure","80"
"INC1100747","MFA enrollment on new device","Access Authentication Failure","75"
"INC1103809","Unable to login into system","Access Authentication Failure","90"
"INC1093544","My Outlook calendar is not synchronised with George Akhalkatsi's calendar","Application Function Issue","90"
"INC1076955","Macros disabled","Application Function Issue","85"
"INC1081341","SNL template doesnt work","Application Function Issue","95"
"INC1084196","The distribution list "montenegrin.psd@ebrd.com"does not display in Rade's Global Address  List.","Access Authentication Failure","80"
"INC1069886","LT12557- End user unable to connect personal mobile with wifi.","Network","75"
"INC1067501","Can't log in to e-bank website","Access Authentication Failure","90"
"INC1112113","Unable to connect to VPN","VPN","95"
"INC1112772","Login Issue","Access Authentication Failure","85"
"INC1054761","I cannot access Successfactor.","Application Function Issue","90"
"INC1058766","Printer disposal","Hardware","90"
"INC1082150","Cannot connect to corporate Wi-Fi","Network","90"
"INC1053455","Authenticator and intranet","Access Authentication Failure","75"
"INC1065011","Checkpoint Endpoint Security VPN client","VPN","80"
"INC1111466","LT12199 - Excel Issue","Application Function Issue","85"
"INC1052203","Bitlocker recovery key reset","Password Reset","80"
"INC1102561","wi fi connection to his mobile","Network","80"
"INC1113572","LT11410 - End User unable to Login","Access Authentication Failure","90"
"INC1068733","Bitlocker recovery Key ID","Security Violation","70"
"INC1056491","Account locked","Access Authentication Failure","95"
"INC1114483","Access to Microsoft 365 blocked","Access Authentication Failure","95"
"INC1068843","Authenticator issue","Application Function Issue","85"
"INC1071650","Email Deliver","Service/Process Failure","75"
"INC1061183","search function not working on outlook","Application Function Issue","80"
"INC1095111","Account locked","Access Authentication Failure","95"
"INC1112660","Unable to access Teams, OneDrive and outlook  after password reset, getting blocked error.","Password Reset","95"
"INC1069056","SNL office does not work. all figures show as pending","Application Function Issue","85"
"INC1055600","Getting above error","Application Function Issue","70"
"INC1075193","Mobile Device Compliant","Hardware","60"
"INC1064841","SharePoint site creation query","Service/Process Failure","75"
"INC1062134","need Bitlocker recovery key","Access Authentication Failure","90"
"INC1114497","User Account locked out","Access Authentication Failure","95"
"INC1060164","Can't connect to the internet from office Wi-Fi","Network","95"
"INC1059558","Wi-Fi connection error","Network","90"
"INC1071201","Issue with DNS in the office","Network","85"
"INC1084957","Cannot connect to displays in Belgrade RO","Hardware","80"
"INC1096009","Unable to open the Zip file","Application Function Issue","75"
"INC1055964","Bitlocker recovery","Security Violation","70"
"INC1055233","A message triggered content policies","Hardware","80"
"INC1067664","LT13890, Unable to connect the external screens with the laptop.","null","null"
"INC1079180","EBRD WiFi is notworking, i cannot connect my laptop","Network","95"
"INC1054557","Outlook issue","Application Function Issue","90"
"INC1055410","Profile Picture on Outlook and Teams","Application Function Issue","85"
"INC1069750","Files attached to a message triggered a policy","Security Violation","90"
"INC1074004","Unable to hear on teams call.","Application Function Issue","80"
"INC1103963","New Mandatory InfoSec course: New Joiners Information Security and Personal Data Protection Training","Employee Onboarding","75"
"INC1103502","BitLocker recovery Key - LT13585","Hardware","85"
"INC1056003","Authenticator - Change of personal cell phone","Password Reset","85"
"INC1073597","I cannot move the files from the outlook to Teams file tree and vs.","Application Function Issue","70"
"INC1056199","unable to login with new password","Access Authentication Failure","90"
"INC1056149","Account locked","Access Authentication Failure","95"
"INC1069794","Email deliver","Service/Process Failure","60"
"INC1060187","LT12365 - End user unable to access Intranet, asking for username and password.","Access Authentication Failure","80"
"INC1061868","Email release from anis.m@inotekeng.com","Access Grant Request","75"
"INC1062459","Email release from madalina.mortici@bnro.ro","Security Violation","80"
"INC1104864","[OU] FW: We found harmful files in a message","Security Violation","80"
"INC1071705","The folder has been deleted","Service/Process Failure","70"
"INC1061994","Iphone Non Complaint Issue","Access Authentication Failure","60"
"INC1055477","[OU] LT10418 Bit locker recovery key","Access Authentication Failure","70"
"INC1060586","[OU] Shared mailbox","Access Grant Request","60"
"INC1074250","AD Account has been Locked","Access Authentication Failure","90"
"INC1061529","MS Authenticator","Access Authentication Failure","70"
"INC1112855","BitLocker recovery key issue","Password Reset","60"
"INC1062065","Need to Re configure the MS Authenticator Application on phone","Access Authentication Failure","85"
"INC1097229","Can't access enterprise connect","Access Authentication Failure","90"
"INC1076735","LT10653 - End user unable to send an email or receive on outlook application","Application Function Issue","95"
"INC1053612","please send bitlocker recovery key for LT10639","Access Grant Request","90"
"INC1093756","Can't sent messages in outlook","Application Function Issue","80"
"INC1057349","[OU] FW: Mobile Device Compliant","Access Authentication Failure","75"
"INC1063661","Apps and VPN Not Accepting Today's Updated Password","Password Reset","95"
"INC1107021","Locked out of laptop / need BitLocker recovery key","Access Grant Request","90"
"INC1078212","Please unlock Akaki Gelashvili's Bitlocker 274F8128-D346-4073-A7F3-C5C8D9DC9F97","Access Grant Request","90"
"INC1101202","BitLocker","Security Violation","85"
"INC1075143","One Drive - security issue","Network","80"
"INC1072771","Unable to connect to Office wifi on phone","Network","80"
"INC1056000","WiFi Password","null","null"
"INC1075077","Notification about exceeded Commitment balance on MIS","Service/Process Failure","85"
"INC1079703","Corporate wireless not working","Network","90"
"INC1104689","EBRD wifi","Network","80"
"INC1071574","Could you please send me the unpacked file?","Access Grant Request","75"
"INC1068902","I can't access my LDrive","Access Authentication Failure","85"
"INC1068142","Teams application not working","Application Function Issue","90"
"INC1072085","[OU] RE: Credentials for Tashkent RO newcomer Mirafzal Rakhmonov","Access Grant Request","70"
"INC1104308","Mobile Device Compliant","Hardware","80"
"INC1106939","Download client docs from Google drive","Application Function Issue","80"
"INC1108865","[OU] Bitlocker recovery","Security Violation","90"
"INC1075087","Email release from miroslaw.tkaczuk@bankmillennium.pl","Access Grant Request","85"
"INC1067143","EBRD WIFI ISSUE","Network","75"
"INC1095203","My computer is never connecting to the printers","Hardware","70"
"INC1059429","Files attached to a message triggered a policy","Security Violation","95"
"INC1056150","BitLocker recovery -LT1016","Security Violation","90"
"INC1072409","IPM and S&P add-in not working","Application Function Issue","85"
"INC1061098","printers in Bucharest RO are not working","Hardware","90"
"INC1081410","Installing apps on mobile phone","Application Function Issue","85"
"INC1062535","[OU] URGENT - Mehmet Erdem Yasar Recovery Key","Access Grant Request","75"
"INC1055620","Bitlocker recovery","Password Reset","95"
"INC1086684","Locked out of account","Access Authentication Failure","90"
"INC1109085","[OU] Please assign license and security group","Access Grant Request","80"
"INC1053120","unable to login","Access Authentication Failure","95"
"INC1054039","Password reset","Password Reset","95"
"INC1059033","Re: [OU] Bitlocker","Password Reset","85"
"INC1104000","Metacompliance Simulated Phishing Emails","Security Violation","90"
"INC1054940","Unable to connect","Network","80"
"INC1104528","Co Pilot Access for Reem El Saady","Access Grant Request","85"
"INC1084500","It needs to be installed the drivers to the new printer.","Hardware","95"
"INC1060502","[OU] Bitlicker issue","Service/Process Failure","75"
"INC1077277","Undeliverable - Unbale to send email","Network","85"
"INC1108432","Printer connection","Access Authentication Failure","90"
"INC1106403","Unable to login to system.","Application Function Issue","70"
"INC1055710","Software instalation","null","null"
"INC1065626","Lenovo Monitor Camera not working","Hardware","90"
"INC1063658","Bitlocker recovery key required","Access Authentication Failure","85"
"INC1054070","User requesting for Bit locker Recovery key","Access Authentication Failure","85"
"INC1063863","I can't open outlook, teams etc.","Application Function Issue","80"
"INC1058075","Account Unlock AD","Access Authentication Failure","95"
"INC1095891","Wetransfer access limit","Access Grant Request","70"
"INC1112204","[OU] Fw: Files attached to a message triggered a policy","Security Violation","80"
"INC1103864","Access to shared calendar","Access Grant Request","75"
"INC1075977","Cannot save any documents from outlook to PC","Application Function Issue","85"
"INC1056986","Issue login into the pc","Access Authentication Failure","90"
"INC1100844","Laptop not properly shutting down","Hardware","75"
"INC1064674","IPM file not working","Application Function Issue","80"
"INC1081774","Recover WIFI password","Password Reset","95"
"INC1062471","Phishing Email","Security Violation","90"
"INC1060389","Files attached to a message triggered a policy","Application Function Issue","80"
"INC1073363","IPM Error","Service/Process Failure","70"
"INC1078989","Please unblock the email from ayaulyan2@halykbank.kz dated as of18.03.2025, time 10.13","Access Grant Request","85"
"INC1109335","I can't reach WeTransfer link.","Application Function Issue","75"
"INC1068001","TEAMS video missing","Service/Process Failure","70"
"INC1064810","Email release from gregor.gajsek@cinkarna.si","Access Grant Request","80"
"INC1052880","[OU] URGENT I NEED UEFI SET UP","Hardware","65"
"INC1058534","Forgot my iphone password","Password Reset","90"
"INC1057691","Account Unlock AD","Access Authentication Failure","85"
"INC1096889","Adding Printer","Hardware","70"
"INC1112793","Microsoft 365 services are blocked","Application Function Issue","90"
"INC1109162","[OU] Login Help","Access Authentication Failure","85"
"INC1074467","Unable to set teams meeting","Application Function Issue","80"
"INC1076259","Locked on Bit-locker Screen","Security Violation","75"
"INC1072699","Microsoft Authenticator and office WIFI connection do not work","Network","85"
"INC1111174","FW: Mobile Device Compliant","Access Authentication Failure","70"
"INC1074021","IPM error","Service/Process Failure","80"
"INC1072435","Missing Network Drives on Laptop","Network","85"
"INC1066314","RE: Files attached to a message triggered a policy","Security Violation","95"
"INC1101779","[OU] FW: Files attached to a message triggered a policy","Security Violation","95"
"INC1066928","EBRD phone erased","Hardware","85"
"INC1067925","Web WhatsApp blocked","Web Security","80"
"INC1114475","I can not open the link due to firewall","Network","80"
"INC1077236","LT11783 - End user getting an error incorrect bitlcoker PIN","Application Function Issue","75"
"INC1063849","SAP error","Application Function Issue","70"
"INC1081671","I cannot use M365 teams on my laptop.","Service/Process Failure","70"
"INC1108334","Office WIFI Access","Network","90"
"INC1073836","Account Unlock AD","Access Authentication Failure","85"
"INC1112910","Issues with Elsy","Application Function Issue","70"
"INC1105503","Account Lock Out Issue","Access Authentication Failure","95"
"INC1112148","Bloomberg Terminal Installation","Hardware","80"
"INC1058152","LT13591 - To check is there any unusual process or application running in laptops","Service/Process Failure","75"
"INC1108872","System locked","Access Authentication Failure","90"
"INC1074086","Bitlocker recovery -","Security Violation","60"
"INC1095216","Cannot access outlook","Access Authentication Failure","85"
"INC1062908","Email release from ovchinev@nbdbank.ru","Security Violation","80"
"INC1081389","please urgently help me to install Adob Acrobat","Application Function Issue","70"
"INC1052543","Files attached to a message triggered a policy","Security Violation","90"
"INC1063847","https://www.f1f9.com/blog/keyboard-shortcuts/ this link to download F1F9 macros file for trainings. ","Security Violation","85"
"INC1069310","FW: A message triggered content policies","Access Authentication Failure","95"
"INC1101822","Bitlocker","Hardware","60"
"INC1055495","LT12334, Need bitlocker recovery key.","Access Authentication Failure","95"
"INC1062345","Installation of Google Chrome","Application Function Issue","80"
"INC1062235","Bitlocker Recoverykey","Security Violation","70"
"INC1075129","[OU] Ebrdremote not working","Application Function Issue","90"
"INC1052953","Corporate Wifi - mobile phone","Network","85"
"INC1076641","Mobile Device Compliant","Access Authentication Failure","95"
"INC1062169","LT11872- End user want the old preview of outlook","Application Function Issue","85"
"INC1062395","New emails not appearing in Outlook","Access Authentication Failure","90"
"INC1058567","End user getting an error account locked.","null","null"
"INC1078892","Please remove pllanas@ebrd.com from email group Group-ROBankingBudgetOfficers@ebrd.com","Access Revoke","95"
"INC1073208","RE: [OU] BitLocker recovery key issue","Password Reset","85"
"INC1074489","EBRD WiFi","Network","70"
"INC1082295","Outlook attachments and copy paste","Application Function Issue","65"
"INC1113401","[OU] Can't access teams","Access Authentication Failure","80"
"INC1052860","iphone's password","Password Reset","90"
"INC1107370","need bitlocker recovery key","Password Reset","95"
"INC1106443","Bitlocker recovery key","null","null"
"INC1053136","Account got expired.","Access Authentication Failure","90"
"INC1053975","After phone changed authenticator on the phone does not prompt approve options","Access Authentication Failure","85"
"INC1063732","Unable to access intranet","Network","80"
"INC1114599","Please add me to the Group-SMEF&DPortfolio@ebrd.com.","Access Grant Request","95"
"INC1084802","Locked out","Access Authentication Failure","95"
"INC1071326","Microsof edge issue","Application Function Issue","85"
"INC1100818","Email release from pgp-universal-admin@kb.com.mk","Access Grant Request","90"
"INC1077279","Please sort out Wad's network drive mappings","Network","90"
"INC1111193","Outlook issue","Application Function Issue","85"
"INC1065900","1.I can't connect to wifi from my phone 2.I have a knew phone and want to install all EBRD applicati","Network","80"
"INC1103126","Microsoft authenticator log in","Access Authentication Failure","75"
"INC1059994","Cant log in to my laptop","Access Authentication Failure","70"
"INC1078006","Unable to replace documents on dashboard manually (project PRO-LEB-2024-14896450)","Service/Process Failure","65"
"INC1104425","BitLocker","Security Violation","60"
"INC1068270","Laptop will not boot after Bitlock","Hardware","90"
"INC1074580","Email release with Sub: Final version of study","Service/Process Failure","80"
"INC1061406","Unable to access the checkpoint endpoint security VPN","VPN","95"
"INC1107019","SAP Application Issue","Application Function Issue","85"
"INC1073581","Account Unlock","Password Reset","95"
"INC1059757","Mobile Device Compliant","Access Authentication Failure","80"
"INC1073987","Email release with Subject: KhSWSP_Add_finance_03.03.2025.rar (8835689 bytes)","Security Violation","70"
"INC1113238","Unable to open the intranet page","Network","80"
"INC1068756","[OU] RE: Adobe Acrobat Reader Download","Access Grant Request","70"
"INC1108524","Travel Portal not working","Application Function Issue","90"
"INC1074089","User contacted on Behalf of LEBBAR, SOFIA EBRD Remote Desktop Login Issue","Access Authentication Failure","85"
"INC1076721","Bitlocker recovery key","Security Violation","60"
"INC1074980","Account locked out","Password Reset","95"
"INC1060970","Macros are not enabled in Excel","Application Function Issue","90"
"INC1103632","New iPhone- Authenticator","Access Authentication Failure","75"
"INC1066905","URGENT!the laptop is not connecting to the screen at the Almaty RO.","Hardware","90"
"INC1075783","Browser history longer than 3 months","Application Function Issue","80"
"INC1091761","authenticator not working","Access Authentication Failure","70"
"INC1076938","Need to add SEMED RSP folder to Teams","Access Grant Request","60"
"INC1055402","[OU] P link","Network","50"
"INC1070845","Email release from contact@interpallwood.com","Security Violation","40"
"INC1075955","Email release from monika.hass@pekaoleasing.com.pl","Security Violation","40"
"INC1098430","I need an access to wetransfer","Access Grant Request","90"
"INC1055872","Client communication with icloud storage - blocked by EBRD","Security Violation","85"
"INC1074754","content blocked by your organization - RITM0164416","Access Authentication Failure","80"
"INC1079659","SNL add-in outdated","Application Function Issue","95"
"INC1057461","RO Sarajevo E-mails are kept and sent with delay","Service/Process Failure","85"
"INC1076321","The account has been locked up the laptop nr  is  LT13232","Access Authentication Failure","75"
"INC1101867","Sharepoint site: RITM0178146","Service/Process Failure","70"
"INC1098003","Dear Team, I Need access to Whatsapp desktopAPP for my work","Access Grant Request","95"
"INC1101839","Checkpoint Endpoint Security VPN client","VPN","90"
"INC1065901","Bitlocker recovery key","Password Reset","85"
"INC1075909","Email release from celiksv@hotmail.com","Access Authentication Failure","80"
"INC1054436","BitLocker recovery Key ID","Password Reset","85"
"INC1105224","Email release from izvodi@unicreditgroup.ba","Access Authentication Failure","80"
"INC1107047","Account locked out","Access Authentication Failure","90"
"INC1060957","Bitlocker recovery key","Password Reset","85"
"INC1063972","Unable to Login to the system Password rest","Password Reset","95"
"INC1077745","Account Unlock AD","Access Authentication Failure","90"
"INC1069311","Reference account is currently locked out","Access Authentication Failure","85"
"INC1113654","Phishing email","Security Violation","90"
"INC1112790","iPhone account was locked","Access Authentication Failure","80"
"INC1074902","Not able to access teams calendar of users  line manager","Application Function Issue","75"
"INC1073610","Need to sync onedrive to desktop","Application Function Issue","80"
"INC1057343","unable to connect to EBRD VPN","VPN","95"
"INC1111845","User unable to access share point folders","Access Authentication Failure","95"
"INC1070501","Cannot access MetaCompliance Training Platform","Access Authentication Failure","95"
"INC1068311","VPN - URGENT: Log-on Script","VPN","90"
"INC1056286","Unable to login to system","Access Authentication Failure","95"
"INC1113954","Please share recovery key","Access Grant Request","85"
"INC1106684","Email release from marian.krsiak@gmail.com","Access Authentication Failure","80"
"INC1073135","Unable to save documents","Application Function Issue","85"
"INC1073317","Account Unlock AD","Access Authentication Failure","95"
"INC1103237","Account Unlock AD","Access Authentication Failure","95"
"INC1069931","Email release from josipa.gombovic@unicreditgroup.zaba.hr","Password Reset","90"
"INC1109502","Account locked out","Access Authentication Failure","85"
"INC1056777","Unable to login to laptop","Access Authentication Failure","80"
"INC1057026","getting windows security pop up","Security Violation","75"
"INC1078147","Request to Update Ownership of ROHeadsWorkingGroup@ebrd.com","Access Grant Request","95"
"INC1057210","Issues with my comp","Hardware","60"
"INC1056228","Account password reset","Password Reset","95"
"INC1108850","Cannot make a Teams invite on Outlook","Application Function Issue","70"
"INC1108221","Unable to access  EBRD Self Service (ESS).","Access Authentication Failure","85"
"INC1076450","ESS not working","Access Authentication Failure","80"
"INC1063070","Bitlocker - Reccovery Key","Security Violation","90"
"INC1110802","[OU] Teams + Outlook problem","Application Function Issue","75"
"INC1056644","Unlock account and password reset","Password Reset","95"
"INC1098164","Blocked Pasting or Opening Shared file externally","Security Violation","80"
"INC1091266","Hello, I don't understand why Microsoft Edge shuts off randomly. It happened multiple times and I ha","Application Function Issue","70"
"INC1101145","User got his account locked and landed on Bit locker Recovery page","Access Authentication Failure","95"
"INC1105911","[OU] Issue - How to share video recording of the meeting","Application Function Issue","85"
"INC1079072","Wifi not working","Network","90"
"INC1052884","Need to update my password but it doesn't work","Password Reset","80"
"INC1074554","GEC does not work","Application Function Issue","75"
"INC1068828","Need BitLocker recovery key.","Access Authentication Failure","90"
"INC1088935","Laptop recovery key needed","Access Authentication Failure","85"
"INC1085322","cannot log in","Access Authentication Failure","95"
"INC1073265","Bitlocker Key required","Password Reset","90"
"INC1106658","Please add client email to Ruisi WPP sharedrive","Access Grant Request","85"
"INC1060271","Phishing Email","Security Violation","95"
"INC1053686","M365 MS Authenticator Setup","Access Authentication Failure","80"
"INC1061040","[OU] Dushanbe RO - WiFi - Unable to join from personal iPad","Network","85"
"INC1106779","How to create an email address with a few recepients?","Application Function Issue","75"
"INC1058232","[OU] Password compromised ?","Security Violation","95"
"INC1072068","[OU] issues with teams and outlook on mobile device","Application Function Issue","85"
"INC1069241","Printing issue with RO Printer","Hardware","90"
"INC1069527","LT13209 - End user unable to configure the printers","Hardware","80"
"INC1082626","Please remove blocker for links to Google Drive","Access Grant Request","95"
"INC1087580","Access to WeTransfer","Access Grant Request","85"
"INC1081969","unable to add printer PR0755/PR0856 to my laptop","Hardware","90"
"INC1063258","Account locked","Access Authentication Failure","95"
"INC1061228","MS Authenticator Issue","Application Function Issue","80"
"INC1066563","Email release from Dejan.Hochevar@kb.mk","Access Authentication Failure","80"
"INC1056205","Account Unlock","Access Authentication Failure","90"
"INC1073285","issues with email sending","Application Function Issue","70"
"INC1101753","BitLocker","Security Violation","60"
"INC1065791","[OU] VPN / Outlook issues","VPN","85"
"INC1107136","I am currently in the HQ, but the below password is not working","Password Reset","75"
"INC1106387","Unable to use Outlook and Teams on the phone","Application Function Issue","65"
"INC1065586","Account locked","Access Authentication Failure","95"
"INC1100881","Excel OLE problem  urgent","Application Function Issue","85"
"INC1057317","cannot log in toEBRD laptop","Access Authentication Failure","95"
"INC1106892","Metacompliance Simulated Phishing Emails","Security Violation","85"
"INC1066543","OneDrive - Error","Application Function Issue","90"
"INC1111641","unlock the account","Access Grant Request","80"
"INC1113882","Access to M365 applications blocked","Access Authentication Failure","90"
"INC1081187","WIFI is not working","Network","85"
"INC1061091","Bitlocker Recovery Key ID","Access Authentication Failure","75"
"INC1067530","Unable to access intranet in RO office.","Access Authentication Failure","80"
"INC1066367","LT13515 - S&P Capital IQ","Application Function Issue","70"
"INC1072261","Unable to access CFRE in fund raising External certification test from EBRD laptop","Access Authentication Failure","95"
"INC1072748","Email release from payingagentssd@bayernlb.de","Email","0"
"INC1100334","no access to RO WiFi","Network","85"
"INC1103772","Unable to login as the system is not accepting username and password","Access Authentication Failure","90"
"INC1065924","Unable to access intranet","Network","80"
"INC1055395","Unable to access M365 applications & Intranet","Application Function Issue","75"
"INC1104078","Microsoft Edge getting pop -up messages","Application Function Issue","80"
"INC1062861","Email release from hannestakacs@gmail.com","Access Grant Request","70"
"INC1100478","I would like to get help to install google chrome on my EBRD computer","Application Function Issue","85"
"INC1069893","User not able to map drive","Network","90"
"INC1058518","EBRD WIFI Cairo RO not working on work and personal phone","Network","95"
"INC1060225","One-drive access","Access Authentication Failure","60"
"INC1103547","cannot connect to home WiFi after laptop update and restart","Network","85"
"INC1072123","[OU] Unable to connect to the Ashgabat RO wifi","Network","90"
"INC1068292","LT10769 - End user laptop showing black screen once turned on and unable to login","Hardware","85"
"INC1053829","Assistance in setting up my business mobile","Access Grant Request","95"
"INC1102864","Account Unlock","Password Reset","95"
"INC1057320","[OU] Please unlock my account.","Access Grant Request","95"
"INC1056771","[OU] Bit locker pass laptop 10523","Hardware","80"
"INC1062811","I can't install excel add-in, it says it is blocked by system administrator","Security Violation","85"
"INC1112798","MS 365 login blocked","Access Authentication Failure","90"
"INC1062085","Bitlocker issue","Security Violation","80"
"INC1075240","IPM Model issue","Application Function Issue","75"
"INC1071234","PLEASE CONTACT FROM TEAMS. I would like to disable the smart charging in my laptop.","Access Grant Request","70"
"INC1069497","Account Locked out","Access Authentication Failure","95"
"INC1073633","[OU] access to copilot requested","Access Grant Request","65"
"INC1085166","Email delivery","Service/Process Failure","80"
"INC1062200","Computer crash","Hardware","80"
"INC1077465","IPM Error","Application Function Issue","70"
"INC1085167","Receiving bulk documents from outside of the organisation","Security Violation","60"
"INC1073231","I cannot connect to EBRD printer","Network","90"
"INC1058004","Password reset request","Password Reset","95"
"INC1113695","Litera Compare for Word is not working, it keeps breaking when uploading the documents","Application Function Issue","75"
"INC1061670","VPN issues","VPN","95"
"INC1098857","URGENT LAN connection issue","Network","95"
"INC1103282","VPN issue","VPN","95"
"INC1101751","Redact tool needs to ADD","Access Grant Request","95"
"INC1105600","Email release from martina.almasi@hipa.hu","Access Grant Request","90"
"INC1111122","[OU] FW: roza.dedja sent you Meeting Recordings & Transcripts via WeTransfer","Application Function Issue","85"
"INC1072516","Please add requested user in AAD_GRP_M365_Guest_Download to do print & download.","Access Grant Request","95"
"INC1061060","Account extended.","Account extended","80"
"INC1055497","unlock my $acc","Access Authentication Failure","85"
"INC1058822","switch the keyboard","Hardware","75"
"INC1076235","LT10524 - End user wants requested for an bitlocker recovery key","Password Reset","90"
"INC1109564","unable to open excel file.","Application Function Issue","85"
"INC1058233","Intranet is not working","Network","75"
"INC1110039","login issue","Access Authentication Failure","80"
"INC1071654","I cannot open the pdf files in acrobat reader for some reason - when i double click nothing happens","Application Function Issue","85"
"INC1067518","[OU] Password expired and couldn't use remote","Password Reset","95"
"INC1112635","Reed and Mackay doesn't let me log in saying invalid credentials, although everything is correct.","Access Authentication Failure","95"
"INC1076737","[OU] ESS error","Application Function Issue","85"
"INC1069351","Unable to connect to the VPN","VPN","90"
"INC1106944","forgot passcode for corporate iphone","Password Reset","80"
"INC1064903","Bitlocker recovery key","Security Violation","75"
"INC1074774","Outlook issue","Application Function Issue","70"
"INC1067206","Issue with external website","Web Security","65"
"INC1100896","PLS CONTACT FROM TEAMS - ASKING FOR A WIFI PASSWORD AT THE ISTANBUL RO","Network","95"
"INC1056221","Wi-Fi password","Network","95"
"INC1113636","Account lockout issue","Access Authentication Failure","90"
"INC1113258","Phishing email","Security Violation","90"
"INC1076113","Unable to Connect to EBRD Wifi","Network","95"
"INC1061952","LT10704 - Bitlocker","Hardware","85"
"INC1085916","Bitlocker is locked","Hardware","85"
"INC1056296","Account Unlock","Access Authentication Failure","90"
"INC1069915","User not able to Map L drive","Access Authentication Failure","80"
"INC1074767","Laptop Locked on Bit-locker Pin","Access Authentication Failure","95"
"INC1101358","Windows: DLP error status0xc0000428","Security Violation","90"
"INC1100447","Unable to access the American University in Cairo's website","Web Security","85"
"INC1057129","User account locked","Access Authentication Failure","90"
"INC1081819","Please unlock my account asap - ITcompulsory training completed","Access Grant Request","80"
"INC1069746","Files attached to a message triggered a policy","Security Violation","95"
"INC1071421","issue with ro wifi account","Network","75"
"INC1064487","User facing issue with edge","Application Function Issue","80"
"INC1113961","Headset speaker doesn't work","Hardware","85"
"INC1067100","Account Unlock AD","Access Authentication Failure","90"
"INC1068790","Wifi on phone not working","Network","85"
"INC1109599","[OU] SharePoint","Service/Process Failure","75"
"INC1112766","MS365 apps -blocked","Access Authentication Failure","80"
"INC1107474","No access despite following instructions on Microsoft Azure","Access Authentication Failure","85"
"INC1077296","shared email","Access Authentication Failure","90"
"INC1096331","We are unable to download the files from the link below (https://we.tl/t-EkCiWS12kR)  Could you plea","Network","85"
"INC1108386","Account locked out","Access Authentication Failure","95"
"INC1063267","Unable to connect to Network","Network","90"
"INC1064558","SAP installation","Application Function Issue","80"
"INC1054089","Bit locker Recovery Key ID  Issue","Security Violation","75"
"INC1070382","Unable to find network drives","Network","85"
"INC1084942","I don't see my calenar in outlook, nor I can add it from EBRD address book","Application Function Issue","70"
"INC1071488","Add Rim Dahmani to RO Tunis Mail chain","Access Grant Request","95"
"INC1104570","LT13206 - Laptop login issue","Access Authentication Failure","90"
"INC1108563","Trelix cannot be updated","Application Function Issue","85"
"INC1077790","Could you please install the Adob Acrobat reader in my laptop as i used to have it but it has been d","Access Grant Request","80"
"INC1109190","Logged out from account","Access Authentication Failure","90"
"INC1059045","Wifi not connecting","Network","85"
"INC1105321","Account Unlock AD","Access Authentication Failure","95"
"INC1058556","Bitlocker blocked","Security Violation","80"
"INC1116161","User wanted to access to Wifi","Network","90"
"INC1071042","Unable to access Intranet","Network","95"
"INC1071684","I cannot connect to Yerevan RO EBRD WiFi","Network","85"
"INC1070935","Issue logging into Travel Portal","Application Function Issue","80"
"INC1110213","please reset of password to company issued iPhone","Password Reset","95"
"INC1102832","Unable to sign in to office.com","Access Authentication Failure","90"
"INC1111454","Issue with outlook","Application Function Issue","75"
"INC1073579","System login issue","Access Authentication Failure","85"
"INC1104791","Account Unlock AD","Access Authentication Failure","95"
"INC1058430","[OU] Access","Access Authentication Failure","90"
"INC1059098"," AD Account has been Locked","Access Authentication Failure","95"
"INC1052843","[OU] Bitlocker issue","Access Authentication Failure","85"
"INC1069987","Email release from skander.ayed@xpert-net.com","Access Grant Request","80"
"INC1093214","Please contact from Teams - Need renewed WIFI password for the RO.","Password Reset","90"
"INC1071087","Personal Iphone Unable to Connect to EBRD Wifi","Network","85"
"INC1091480","Accidently deleted or moved files from my folder","Security Violation","75"
"INC1061082","Locked account","Access Authentication Failure","95"
"INC1068818","Disconnect from office printers","Network","80"
"INC1101453","I can not access to WeTransfer","Application Function Issue","70"
"INC1102003","No access to network drives following BIOS update","Hardware","60"
"INC1052938","Microsoft Bitlocker Administrationand monitoring messsage","Security Violation","50"
"INC1076783","The user's account was blocked","Access Authentication Failure","90"
"INC1110315","FW: [OU] Outlook issue","Service/Process Failure","75"
"INC1073361","New Outlook issue","Service/Process Failure","85"
"INC1088699","Locked from computer","Access Authentication Failure","95"
"INC1069079","Messages are delayed or remain in outbox without being sent","Application Function Issue","95"
"INC1071704","Bit Locker Recovery","Security Violation","90"
"INC1112086","unable to edit client shared document","Access Authentication Failure","85"
"INC1082343","cant open outlook","Application Function Issue","90"
"INC1076028","Account locked out","Access Authentication Failure","95"
"INC1101882","Unable to login, despite updating pasword","Network","90"
"INC1059584","Can't connect to the office WiFi from my laptop","Service/Process Failure","80"
"INC1110738","FW: RE: [OU] Fw: Check-up Question from Istanbul RO","null","null"
"INC1053112","Bitlocker recovery key","Security Violation","80"
"INC1070316","Frequent Bitlocker issue's.","Security Violation","70"
"INC1110184","I have two issues: 1) my computer is very slow despite number of restarts I did already. 2)I can't s","Application Function Issue","60"
"INC1080695","The user is locked out of her account","Access Authentication Failure","90"
"INC1067895","[OU] Urgent: remote working- issues with outbox","Network","50"
"INC1105661","S&P Market Intelligence add-in to enable","Application Function Issue","70"
"INC1059320"," Unable to connect to Internet With Dock Station","Network","95"
"INC1072954","IPM issue / no I: drive loaded","Hardware","85"
"INC1063769","need to set up the Autheticator app","Access Authentication Failure","90"
"INC1104922","[OU] Fw: You have new held messages","Service/Process Failure","80"
"INC1110752","[OU] a lot of same emails","Service/Process Failure","75"
"INC1059658","I have changed my phone and this app doesn't work on a new phone","Application Function Issue","85"
"INC1077061","MS Teams account locked","Access Authentication Failure","95"
"INC1053492","Sync problem.","Application Function Issue","80"
"INC1070356","VPN window keep popping out - Whole Beirut RO are affected","VPN","95"
"INC1067184","Bitlocker - Recovery Key","Security Violation","85"
"INC1054009","Account Unlock","Access Authentication Failure","90"
"INC1108115","INC1106970 - External website access - www.youthinbusiness.com.tr","Web Security","80"
"INC1085039","Email sent by consultant was blocked, she has downloaded documents to wetransfer and entered my emai","Access Authentication Failure","75"
"INC1082976","Need to activate authentificator on a new phone.","Access Authentication Failure","90"
"INC1055416","Unable to send and reply to emails in MS Outlook 365 app","Application Function Issue","95"
"INC1101832","LT11412 - Laptop Slowness Issue","Hardware","85"
"INC1101939","Account locked out","Access Authentication Failure","90"
"INC1100811","[OU] Recovery key","Access Grant Request","80"
"INC1069491","issue with printing","Application Function Issue","85"
"INC1068112","Issue with Excel SNL add-in","Application Function Issue","90"
"INC1109018","Please add Lumta Ramadani to Group - RO Banking Budget Officers <Group-ROBankingBudgetOfficers@ebrd.","Access Grant Request","95"
"INC1109749","[OU] Updated profile picture","Network","80"
"INC1108146","Issue accessing websites - proxy","Network","90"
"INC1064595","wifi on mobile","Application Function Issue","70"
"INC1075035","Trying to setup ebrd outlook and teams in own device","Application Function Issue","85"
"INC1051883","Unable to access M365 apps on mobile","Network","95"
"INC1067187","Email release from keyaccount@t-mobile.pl","Access Grant Request","90"
"INC1053674","VPN Connectivity Issue for Fratrik, Marek","VPN","95"
"INC1103994","Metacompliance Simulated Phishing Emails","Security Violation","90"
"INC1058734","Website related to an EBRD beneficiary project does not properly operate on Bank laptop","Application Function Issue","95"
"INC1076080","add printer","Hardware","85"
"INC1111446","VPN Connection","VPN","95"
"INC1090200","Teams in MS Teams","Service/Process Failure","80"
"INC1055492","Account Unlock AD","Access Authentication Failure","90"
"INC1093287","ro wifi","Network","85"
"INC1112369","[OU] Sign in problem","Access Authentication Failure","90"
"INC1074369","Problem with J and L drives","Hardware","80"
"INC1071394","logon scripts do not run","Service/Process Failure","85"
"INC1076765","Mobile Device Compliant","Hardware","90"
"INC1109447","Bitlocker recovery key","Security Violation","85"
"INC1076869","Wi-Fi password not working","Network","80"
"INC1058469","Password reset","Password Reset","95"
"INC1111415","Laptop locked out","Access Authentication Failure","90"
"INC1058565","Password expired","Access Authentication Failure","90"
"INC1058679","word file issue","Application Function Issue","75"
"INC1109129","Account unlock due to incorrect password attempt","Access Authentication Failure","95"
"INC1067585","Laptop not working properly","Hardware","85"
"INC1073866","Windows explorer issue","Application Function Issue","80"
"INC1075386","Email release from ivana.pajic@nlbkb.rs","Password Reset","90"
"INC1103209","Account Unlock AD","Access Authentication Failure","85"
"INC1081992","Employee Self Service not working","Application Function Issue","95"
"INC1107424","Authenticator app not working","Access Authentication Failure","90"
"INC1062044","[OU] recover lost work","Access Grant Request","80"
"INC1057660","Sonia cannot access her laptop","Access Authentication Failure","85"
"INC1084370","I can't pay to UK GOV site for a visa, the system blocks it.","Service/Process Failure","85"
"INC1062067","Need to reset the password","Password Reset","95"
"INC1103021","External website - Password reset","Password Reset","95"
"INC1112967","BitLocker","Security Violation","85"
"INC1057410","Windows security pop up's.","Security Violation","85"
"INC1060756","want to map printer","Application Function Issue","70"
"INC1070666","[OU] Bitlocker recovery","Security Violation","85"
"INC1053966","virus detection","Security Violation","70"
"INC1073210","File sync issue","Service/Process Failure","75"
"INC1068310","Please check why do I receive this message when logging on from remote /from home? I have not clicke","Access Authentication Failure","80"
"INC1073586","Unable to print","Hardware","70"
"INC1063036","Password restoration after 2 years of absence","Password Reset","95"
"INC1069657","I am no more connected to the local printers: 933 and 934, though I restarted my laptop several time","Hardware","80"
"INC1061631","[OU] Connection issues","Network","70"
"INC1085969","wetransfer","Application Function Issue","60"
"INC1071359","Word - not working","Password Reset","90"
"INC1076414","need bitlocker recovery key","Access Authentication Failure","85"
"INC1073723","unable to access Intranet.","Network","75"
"INC1077783","Internet page access","Web Security","65"
"INC1105199","User requested for bit locker recovery key","Password Reset","95"
"INC1100310","I need access to wetransfer.com","Access Grant Request","85"
"INC1076712","[OU] Bitlocker recovery","Password Reset","95"
"INC1080753","Cant login to the Digital Store front","Access Authentication Failure","90"
"INC1107682","RO wi-fi connection","Network","80"
"INC1064753","Account Lock out Issue","Access Authentication Failure","90"
"INC1107348","User requesting Bit locker Key","Password Reset","95"
"INC1066565","Banush is unable to log in","Access Authentication Failure","90"
"INC1056790","[OU] Bitlocker unlock","Password Reset","95"
"INC1074323","Laptop Locked on Bit-Locker Screen","Security Violation","85"
"INC1074887","Wifi issue","Network","90"
"INC1074475","Cannot open the web site needed for my corporate training","Application Function Issue","80"
"INC1111816","End User Unable to Access Outlook and Teams Access to M365 is Blocked","Access Authentication Failure","95"
"INC1074705","Wifi in Istanbul RO","Network","90"
"INC1068980","Authenticator setup","Access Authentication Failure","85"
"INC1054248","New Hire - MS Authenticator Configuration","Employee Onboarding","90"
"INC1060706","User needed the options of printers in HQ","Hardware","75"
"INC1072447","Emails sent after 5pm disappear.","Application Function Issue","90"
"INC1058439","Unable to login to laptop, account got locked out","Access Authentication Failure","85"
"INC1109902","User getting incorrect username or password when he was trying to log in to Outlook and Teams","Access Authentication Failure","80"
"INC1077197","[OU] File download assistance","Access Grant Request","75"
"INC1113437","Outlook not working","Application Function Issue","95"
"INC1057077","URGENT - Zagreb office lost internet connectivity","Network","90"
"INC1103081","Cannot open web site","Application Function Issue","85"
"INC1057294","Need to reset the password for EBRD remote/EBRD Account","Password Reset","95"
"INC1101908","Olga Serhiienko","Access Authentication Failure","80"
"INC1057139","WiFi error","Network","75"
"INC1075964","Email release from keyaccount@t-mobile.pl","Access Grant Request","60"
"INC1066291","[OU] Intranet problems?","Application Function Issue","50"
"INC1086974","We Transfer blocked","Hardware","85"
"INC1068322","Black screen - laptop","Access Authentication Failure","90"
"INC1107132","Account lock","Access Authentication Failure","95"
"INC1055511","Account locked password expired","null","null"
"INC1079015","please unlock bitlocker 07C83E40-FF87-4D9B-B1B1-3A584F780AD6","Password Reset","95"
"INC1063678","Function not working on Self-Service Portal","Application Function Issue","90"
"INC1103542","Can't connect to internet","Network","85"
"INC1111959","[OU] Unable to login to MS apps","Access Authentication Failure","90"
"INC1103801","[OU] Recovery key","Access Grant Request","80"
"INC1054312","after bios updated, system went on restarting","Hardware","85"
"INC1106586","Microsoft Edge is opening tabs automatically","Application Function Issue","80"
"INC1106591","Access to EBRD Self Service","Access Grant Request","75"
"INC1066554","Bit Locker Recovery","Security Violation","90"
"INC1073571","[OU] error on excel files","Application Function Issue","85"
"INC1113325","Re: [OU] RE: IT Issues 18 June:","Service/Process Failure","70"
"INC1076609","Phishing Email","Security Violation","95"
"INC1070282","Bitlocker recovery Key","Password Reset","95"
"INC1075439","Unable to login to the laptop","Access Authentication Failure","95"
"INC1067559","iPhone password reset","Password Reset","95"
"INC1089456","Referenced account is currently locked out and may not be logged on.","Access Authentication Failure","95"
"INC1079044","unable to connect to RO office network (internet)","Network","95"
"INC1107397","having issue while activating new starter account on EBRD corporate phone","Employee Onboarding","85"
"INC1112901","One Drive blocked","Application Function Issue","90"
"INC1109248","Need to set up Authenticator on his new phone","Access Authentication Failure","90"
"INC1108852","Issue login into outlook","Access Authentication Failure","80"
"INC1103339","Email release from no-reply.messagerie@brl.fr","Service/Process Failure","75"
"INC1100738","Need bitlocker recovery key.","Security Violation","85"
"INC1090478","Bit locker is closed","Security Violation","90"
"INC1069919","Printer not working","Hardware","85"
"INC1065241","Phishing email","Security Violation","95"
"INC1112116","My Devices are not connecting to WiFi in office premises, can you please clear the MAC adresses.","Network","80"
"INC1101948","Email release from nebil.ghodbane@mitunisia.com","Security Violation","85"
"INC1112021","Account locked out.","Access Authentication Failure","95"
"INC1114541","Desktop screen not working","Hardware","85"
"INC1097296","Install the Romanian Language Pack for 64-bit Office","Application Function Issue","85"
"INC1051887","FW: A message triggered content policies","Security Violation","75"
"INC1111919","WiFi Access","Network","90"
"INC1063919","Unable to access","Network","80"
"INC1062588","laptop locked","Hardware","80"
"INC1078566","Shortcut is not working","Application Function Issue","70"
"INC1102736","Unable to access external websites","Network","90"
"INC1076936","Alexa is no longer member of RO-Tunis","Security Violation","65"
"INC1060544","Wi-Fi not working (in RO)","Network","85"
"INC1076818","Please unblock the e-mail from aigerim.ishenbaeva@bfconsulting.com dated as of 11.03.2025","Access Grant Request","95"
"INC1085381","Got a new phone and cannot connect to the RO's WIFI network","Network","90"
"INC1052850","Re: [OU] Bitlocker","Application Function Issue","85"
"INC1060663","Unable to access sharepoint","Access Authentication Failure","90"
"INC1052853","Account Unlock AD","Password Reset","95"
"INC1061435","Authenticator does not work","Application Function Issue","80"
"INC1069318","[OU] Issue with EBRDRemote","Access Authentication Failure","85"
"INC1085465","No access to WeTransfer","Access Authentication Failure","90"
"INC1053832","Account unlock","Password Reset","90"
"INC1059356","RO -office Wi-Fi not working on phone","Network","85"
"INC1069466","Can't connect a printer","Hardware","80"
"INC1064361","Need BitLocker recovery key","Access Authentication Failure","95"
"INC1095426","access to deliverables through external link","Access Grant Request","85"
"INC1067588","BitLocker set up request on new laptop","Security Violation","75"
"INC1111921","Istanbul RO Calendar is not working on outlook","Application Function Issue","80"
"INC1062498","[OU] Re: Bitlocker","Access Authentication Failure","70"
"INC1110575","RE: [OU] Response required - Adobe Acrobat Pro Licence Reclamation Process","Application Function Issue","85"
"INC1113970","User wanted to access EBRD remote on her personal laptop","Access Authentication Failure","70"
"INC1074360","Struggling to attach documents on Outlook","Application Function Issue","90"
"INC1081947","I can't access the ministry's website.","Network","60"
"INC1053197","Access to new Outlook","Access Grant Request","80"
"INC1103065","Create mailing group","Application Function Issue","95"
"INC1093103","Can't save emails in PDF format","null","null"
"INC1066548","Password Expiry - Assistance in changing password","Password Reset","95"
"INC1056420","Crash","Application Function Issue","85"
"INC1054665","Account Locked","Access Authentication Failure","90"
"INC1072836","I drive missing.","Hardware","80"
"INC1061433","L drive not showing for me","Hardware","80"
"INC1114131","LT10993 -External Monitor not connecting","Hardware","75"
"INC1112811","I can't run macros in excel","Application Function Issue","90"
"INC1106162","[OU] urgent access to archived emails","Access Grant Request","85"
"INC1057482","Account Unlock AD","Access Authentication Failure","95"
"INC1069848","LT12557 - End user changed the device and request to setup MFA in new device","Password Reset","90"
"INC1098086","Phone does not want to connect EBRD account (email, teams)","Access Authentication Failure","80"
"INC1064498","LT7827 - Checkpoint Endpoint Security VPN","VPN","95"
"INC1058553","Account Unlock AD","Password Reset","95"
"INC1066331","[OU] Account locked","Access Authentication Failure","90"
"INC1071586","Bitlocker recovery","Security Violation","85"
"INC1066567","Password Reset for EBRD Account","Password Reset","95"
"INC1068610","Out of office for departing employee","Employee Offboarding","95"
"INC1074732","[OU] Issue with EBRDRemote","Application Function Issue","85"
"INC1057576","My corporate iPhone configuration","Access Authentication Failure","70"
"INC1061061","DTM Banking access","Access Authentication Failure","70"
"INC1068153","Email release from agnieszka.ledwolorz@bosbank.pl","Access Grant Request","80"
"INC1102700","NO Access on Current Vacancies","Access Authentication Failure","75"
"INC1065429","Account unlock","Access Authentication Failure","85"
"INC1078785","ESS is not working","Service/Process Failure","80"
"INC1067998","VPN connection fail","VPN","90"
"INC1092074","No access to emailbox: knowhowtunisi@ebrd.com","Access Authentication Failure","95"
"INC1068199","Black screen when log in","Access Authentication Failure","90"
"INC1075183","User is unable to connect to EBRD WIFI from laptop","Network","85"
"INC1065075","Locked account","Access Authentication Failure","95"
"INC1068910","Missing Printers at RO Office","Hardware","80"
"INC1110558","[OU] can't access my account","Access Authentication Failure","85"
"INC1062634","Email release from iakov.kondratenko@linde.com","Access Grant Request","75"
"INC1111758","Travel Advisory- UN","Service/Process Failure","70"
"INC1106771","Release an email from mimecast - it contains documents from a consultant","Application Function Issue","80"
"INC1102170","Unable to send emails from outlook desktop application","Application Function Issue","90"
"INC1052848","Unable to login into laptop.","Access Authentication Failure","85"
"INC1084471","The outlook not responding -LT11238","Application Function Issue","75"
"INC1053696","Send Microsoft recording","Application Function Issue","60"
"INC1053859","Problem following password change","Access Authentication Failure","70"
"INC1071247","[OU]  Cigna portal","Password Reset","95"
"INC1101793","Windows password reset","null","null"
"INC1068789","Email Deliver","Network","80"
"INC1056527","Need information regarding windows security","Security Violation","70"
"INC1054114","Logitech Headset not recognized","Hardware","90"
"INC1111886","[OU] Access for OneDrive is blocked","Access Authentication Failure","85"
"INC1057749","account is locked","Access Authentication Failure","95"
"INC1061834","Unable to get connected to the EBRD WiFi through EBRD provided iPhone","Network","85"
"INC1109926","User getting incorrect username or password when he was trying to log in to Outlook and Teams","Access Authentication Failure","90"
"INC1101946","Email release from celiksv@hotmail.com","Security Violation","80"
"INC1055651","Password expired","Password Reset","95"
"INC1057216","No access to microsoft office 365, teams, outlook and VPN","VPN","75"
"INC1086481","I have an issue with internet connectivity, the wi-fi network is working but the LAN is not. I have ","Network","85"
"INC1061828","Link can't be accessed","Application Function Issue","60"
"INC1088579","please generate bitlocker for LT12486","Access Grant Request","70"
"INC1079672","i am getting an issue with accessing my files through the logon again","Access Authentication Failure","85"
"INC1109552","hello, a new password was created for Jyldyz wi-fi but she still can't be connected.","Password Reset","90"
"INC1069814","RE:  [OU] RE: New Mandatory InfoSec course: Social Media Training – First reminder","Employee Onboarding","70"
"INC1097584","unable to connect EBRD WIFI-assignedMAC addresses should be removed","Network","80"
"INC1071221","Problem with RULES in Outlook","Application Function Issue","75"
"INC1111956","I have changed the password this morning and now I am unable to sign into any of the apps in Microso","Password Reset","85"
"INC1112838","Blocked Teams","Access Authentication Failure","90"
"INC1060729","VPN connectivity issue","VPN","95"
"INC1060390","ESS portal is not opening (see attached screenshot)","Application Function Issue","80"
"INC1101816","Emails Showing un Read If User Replied to Chain of Emails in Outlook","Service/Process Failure","75"
"INC1060630","Access denied to Smart by GEP","Access Authentication Failure","90"
"INC1106841","User account locked out","User account locked out","95"
"INC1112737","My Microsoft365 is is blocked and can not access any apps on laptop.","Access Authentication Failure","95"
"INC1081817","SAP installation on my computer","Application Function Issue","85"
"INC1113247","Bitlocker key urgent","Password Reset","80"
"INC1065752","Phishing email","Security Violation","95"
"INC1113568","Teams and outlook and getting error as "access to M365 is blocked"","Access Authentication Failure","95"
"INC1068190","Phishing Email","Security Violation","95"
"INC1113907","cannot access to C drive, sharepoint, teams files from remote desktop","Network","75"
"INC1104157","access to external link","Access Authentication Failure","80"
"INC1070717","reset of password to company issued iPhone","Password Reset","95"
"INC1052780","Re: [OU] BitLocker Recovery key","Security Violation","70"
"INC1074176","Please unlock bitlocket to LT14045,Recover Key 6E4CDC2D-C3DD-414E-9B65-202BF60E04EC","Security Violation","85"
"INC1096559","access to wetransfer link blocked on my computer.","Access Authentication Failure","90"
"INC1084655","Please, create an account in Gmail for me so I can download documents from Google drive links that c","Access Grant Request","85"
"INC1079019","Outlook crashes after the latest update","Application Function Issue","90"
"INC1112357","RE: [OU] New Intranet & Outlook photo","Access Grant Request","80"
"INC1059500","[OU] Issue with login","Access Authentication Failure","95"
"INC1056987","multiple password pop ups","Password Reset","85"
"INC1057581","Activation of ethernet socket","Hardware","70"
"INC1061069","Files integrated from j-drive does not appear in Teams files","Service/Process Failure","80"
"INC1140231","Headphone request","Hardware","90"
"INC1094487","Mobile Number Security Breach","Security Violation","95"
"INC1056515","Onedrive sync issue, showing red cross mark","Application Function Issue","95"
"INC1119097","Spare headset","Hardware","90"
"INC1140445","User not able to login","Access Authentication Failure","85"
"INC1103170","The phone battery level was low and the battery is not lasting long.","Hardware","90"
"INC1111498","One drive sync issue on work laptop","Application Function Issue","90"
"INC1061540","Office applications not working on the laptop","Application Function Issue","95"
"INC1116916","Install MS Authenticator in new phone","Access Authentication Failure","80"
"INC1096186","Phone broken","Hardware","95"
"INC1135220","Laptop login issue","Access Authentication Failure","95"
"INC1102765","Unable to get network on phone","Network","85"
"INC1121777","Unable to login to the laptop using new password","Password Reset","90"
"INC1131067","Need to set up the iPhone","Hardware","80"
"INC1102137","The user's phone was not working  and the battery level was below 84 %.","Hardware","75"
"INC1131528","Configure Office apps on work phone","Application Function Issue","85"
"INC1134893","Printing not working from device","Node/Device Down","70"
"INC1141539","MS office  installation","Application Function Issue","80"
"INC1129732","The eSim transfer to personal phone.","Access Grant Request","80"
"INC1133600","FW: [OU] Anita Georgieva ( profile update)","Employee Onboarding","70"
"INC1123429","Bitlocker recovery key issue","Application Function Issue","90"
"INC1143192","A temporary laptop is required for SAP application.","Hardware","85"
"INC1143873","Headphone Request","Hardware","90"
"INC1145062","The google chrome application is not working properly.","Application Function Issue","85"
"INC1125244","The O2  eSim is not enabled.","Access Grant Request","75"
"INC1075154","Swift not able to create new message shortly after being granted access - shows limited capabilities","Application Function Issue","85"
"INC1124656","I can no longer login","Access Authentication Failure","90"
"INC1143355","[OU] FW: Your message hasn't been delivered yet","Service/Process Failure","75"
"INC1077491","Undeliverable: Unable to send emails","Service/Process Failure","80"
"INC1101491","Phishing Email","Security Violation","95"
"INC1142796","FW: [OU] Client Issue with EBRD Emails","Service/Process Failure","70"
"INC1122281","Phishing Email","Security Violation","95"
"INC1110107","Outlook Issue  unable to receive the email from Internal organization and Unable to receive the emai","Application Function Issue","85"
"INC1118926","Email release from mgachechiladze@ecoline-int.org","Application Function Issue","85"
"INC1144718","Phishing email","Security Violation","90"
"INC1124866","Email release from mgachechiladze@ecoline-int.org","Application Function Issue","85"
"INC1142671","[OU] FW: Your message hasn't been delivered yet","Service/Process Failure","75"
"INC1095009","Scheduling not working properly in success factors","Application Function Issue","70"
"INC1129887","Phishing email","Security Violation","90"
"INC1142089","[OU] FW: Reduce Compliance Costs EBRD","Security Violation","80"
"INC1069572","Email release from linda.ilieva@dskbank.bg","Employee Offboarding","70"
"INC1121356","need to delete outlook calender invite from previous worker Bengu Onen Hangun has sent (DTFF Steerin","Access Revoke","60"
"INC1107285","RE:  [OU] FW: URGENTLY COMPLETE MANDATORY COURSE – "Domiciliation at the EBRD" e-learning course","Security Violation","85"
"INC1110574","New project with ERS","Application Function Issue","50"
"INC1136316","Phishing email","Security Violation","90"
"INC1110279","User contacted that he's unable to receive emails","Service/Process Failure","85"
"INC1103906","Email release from z.kapetanovic@epbih.ba","Access Grant Request","80"
"INC1144580","[OU] lost email","Service/Process Failure","85"
"INC1110706","outloook needed urgently","Hardware","70"
"INC1063768","Default Inbound Attachment Protect Definition","Service/Process Failure","95"
"INC1068563","Email release from nikolija.milojevic@erstebank.rs","Access Grant Request","80"
"INC1110944","Undeliverable - Unable to send emails","Service/Process Failure","90"
"INC1116351","Attachment marked as suspicious","Security Violation","95"
"INC1076472","Didn't receive email from TRANQ@ebrd.com","Service/Process Failure","85"
"INC1061665","ISP email with invoice keeps getting blocked","Security Violation","90"
"INC1111885","We are unable to see ROIStanbulMBX Calendar","Access Authentication Failure","80"
"INC1115103","Access to knowhowcroatia@ebrd.com","Access Authentication Failure","75"
"INC1140535","FW: Files attached to a message triggered a policy","Security Violation","95"
"INC1113637","Urgent -notfication on unmanaged device when using EBRD latop","Security Violation","85"
"INC1074703","[OU] FW: Please complete "Domiciliation at the EBRD" e-learning course (mandatory)","Security Violation","80"
"INC1110458","FW: RE: [OU] RE: Response required - Adobe Acrobat Pro Licence Reclamation Process","Application Function Issue","70"
"INC1067337","Email release from anis.m@inotekeng.com","Security Violation","90"
"INC1110061","Outlook does not work properly and I faced in issue for incoming emails. No emails have been receive","Application Function Issue","60"
"INC1059426","Phishing Email","Security Violation","95"
"INC1068561","Request for release of attachment","Access Grant Request","90"
"INC1075100","Email release from maggy.iskandar@cstouch.co","Access Grant Request","85"
"INC1131840","I cant send any emails to the SCZONE which is an EBRD client, I have discussed with the client and t","Application Function Issue","75"
"INC1097870","Blocking access to change password","Access Authentication Failure","80"
"INC1110648","Outlook issue","Application Function Issue","60"
"INC1115691","[OU] hello, please could check we Bishkek RO is not included in GroupCAROs@ebrd.com list as we didn'","Access Authentication Failure","70"
"INC1111129","FW: Fw: [EXTERNAL] RE: EBRD x CMS PRIVILEGED AND CONFIDENTIAL - COMMUNICATION WITH EXTERNAL LEGAL AD","Security Violation","80"
"INC1076660","[OU] reopening calendar of person who left the bank","Employee Offboarding","70"
"INC1065690","Phishing Email","Security Violation","90"
"INC1111740","Outlook account sign in issues","Access Authentication Failure","85"
"INC1110450","Outlook issue","Application Function Issue","75"
"INC1136038","Recipient unable to access the word document sent in an email","Access Authentication Failure","80"
"INC1078440","I am sending internal e-mails and getting Delivery failed messages","Service/Process Failure","95"
"INC1112863","Shared Calendar access","Access Grant Request","85"
"INC1111037","Undeliverable - Unable to send emails","Service/Process Failure","90"
"INC1103311","Fw: [OU] Consultant Intro: Mahmoud Bassam -Branding Consultant - Azary","Application Function Issue","70"
"INC1110265","Issue with outlook","Service/Process Failure","90"
"INC1068216","Email Sent to Trusted Client Returned as Undelivered","Application Function Issue","60"
"INC1064640","Email release from jrortega@caixabank.com","null","null"
"INC1127954","Request to whitelist email address:  ##faxserver@erstebank.me##","Access Grant Request","95"
"INC1078182","Outlook delivery failed","Application Function Issue","85"
"INC1055959","Phishing Email","Security Violation","90"
"INC1111034","My outlook is not working I don't receive emails","Application Function Issue","80"
"INC1059950","We are facing an issue when sending confirmation emails from our EBRD Events Platforms (Events - SME","Service/Process Failure","75"
"INC1063780","[OU] Fw: DWW_Curriculum Devloppement_Trainees and trainers manuals_English and French versions","Security Violation","85"
"INC1113344","Since the Mi incident on Tuesday 17th these emails have no longer been received.","Application Function Issue","80"
"INC1054563","I cannot access a SharePoint Channel even though I have access","Access Authentication Failure","90"
"INC1137256","getting access denied when accessing sharepoint file","Access Authentication Failure","95"
"INC1103656","unable to edit the document in sharepoint","Application Function Issue","85"
"INC1066810","My cigna account was blocked","Security Violation","75"
"INC1112225","There is a problem on calendar I don't see the meeting rooms reservations Bosphorus meeting room and","Application Function Issue","85"
"INC1102646","Unable to send email to abdallah@relevancy.marketing","Service/Process Failure","90"
"INC1057060","Email release from slimghariani@icloud.com","Service/Process Failure","80"
"INC1110448","Incident - email not working for Oana Soica","Service/Process Failure","95"
"INC1069922","Email release from l.shopova@renalfa.com","Service/Process Failure","80"
"INC1077262","some emails with attachments fail to deliver","Service/Process Failure","90"
"INC1110547","Cant receive emails","Access Authentication Failure","85"
"INC1110254","LT11629, unable to access Outlook","Application Function Issue","75"
"INC1118377","meeting room calendar disappeared in my outlook","Application Function Issue","80"
"INC1110546","issues with signing into my MS365 account","Access Authentication Failure","90"
"INC1111752","Phishing Email","Security Violation","95"
"INC1070549","Email release from anne-catherine.janssens@virya-energy.com","Security Violation","95"
"INC1071906","Email release to ghada98.tawes@gmail.com","Security Violation","95"
"INC1131581","Phishing Email","Security Violation","95"
"INC1110246","Issue with outlook","Application Function Issue","80"
"INC1110913","User not able to receive Emails on outlook","Application Function Issue","80"
"INC1117573","Phishing email","Security Violation","95"
"INC1105452","Phishing email","Security Violation","95"
"INC1113705","issue with Calendar access after recent P1","Access Authentication Failure","70"
"INC1110606","[OU] Sent on behalf of Sebastian Gómez-Calcerrada Fielden","Access Grant Request","50"
"INC1062707","Email release from s.romany@lynxegypt.com","Access Grant Request","50"
"INC1070839","Email release from anne-catherine.janssens@virya-energy.com","Access Grant Request","50"
"INC1115500","[OU] Strange email received","Security Violation","80"
"INC1126732","Shared calendar ROUlaanbaatarMBX not working.","Service/Process Failure","70"
"INC1114236","Email release from s.romany@lynxegypt.com","Security Violation","80"
"INC1071733","Email release from Postmaster@bankofchina.com","Security Violation","80"
"INC1064938","FW: Files attached to a message triggered a policy","Security Violation","80"
"INC1119109","Email release from dk@cnick.io","Security Violation","80"
"INC1142729","FW: [OU] Разработка Программы по продвижению экспорта в Туркменистане","Security Violation","80"
"INC1101796","﻿FW: [OU] RE: Business Plan WP Goli Lisac, Momte Negro","Application Function Issue","80"
"INC1135698","Need some amendments on OUtlook App for shared mailbox.","Application Function Issue","90"
"INC1070760","Request to whitelist email address:  anne-catherine.janssens@virya-energy.com","Access Grant Request","95"
"INC1110052","Dear sirs,  Please could you advise Asol’s emai doesn’t work. It says couldn’t be delivered and no l","Service/Process Failure","85"
"INC1067605","I'm blocked from accessing the CIGNA portal","Access Authentication Failure","90"
"INC1103291","Email release from mbassamcom@gmail.com","Access Grant Request","90"
"INC1114315","request to amend current/create a new Microsoft Azure group for OfficeSpace Software  with only user","Access Grant Request","90"
"INC1062146","Email release from madalina.mortici@bnro.ro","Access Grant Request","90"
"INC1061124","Email release from john.bergin@neemba.com","Access Grant Request","90"
"INC1110525","Issues with internal EBRD emails","Service/Process Failure","80"
"INC1059762","Emails are not being received by any of the EBRD addresses included there","Service/Process Failure","80"
"INC1109174","FW: Files attached to a message triggered a policy","Security Violation","80"
"INC1110226","LT10864 - End User Facing Issue With Outlook Unable to Receive Emails","Application Function Issue","70"
"INC1103467","Email reporting","Service/Process Failure","60"
"INC1119015","Email release from krcrwsp@water.gov.kg","Security Violation","80"
"INC1068423","Email from Media@ebrd.com has been forwarded to ROChisinauMBX@ebrd.com","Security Violation","80"
"INC1118971","Email release from office@balkanenergy.com","Security Violation","80"
"INC1115815","Phishing email","Security Violation","90"
"INC1110768","[OU] RE: My Microsoft Teams is not logging in","Access Authentication Failure","85"
"INC1119874","Meeting room calendar disappeared in outlook - INC1118377","Application Function Issue","75"
"INC1111118","FW: RE: IPM | Aqaba Digital Hub DTM 56562","Security Violation","60"
"INC1063648","[OU] FW: Your message couldn't be delivered","Access Authentication Failure","70"
"INC1069335","[OU] Mimecast","Security Violation","55"
"INC1070770","Email release from tarik.yilmaz@vodafone.com","Email","0"
"INC1110428","[OU] FW: Lost access","Access Authentication Failure","65"
"INC1111855","[OU] Mimecast Portal message blocked","Security Violation","85"
"INC1059069","please check the email in attachment - it appears as suspicious","Security Violation","90"
"INC1106915","Phishing email","Security Violation","95"
"INC1070764","Email release from linda.ilieva@dskbank.bg","Access Authentication Failure","70"
"INC1059335","INC1048555 - suspicios links","Security Violation","80"
"INC1110077","My email address does not receive emals and other userstell it is marked as "no longer valid"","Access Authentication Failure","65"
"INC1142336","[OU] FW: Files attached to a message triggered a policy","Security Violation","80"
"INC1110138","outlook not working","Application Function Issue","90"
"INC1141045","FW: [OU] FW: Visit Minutes for August 2025: Castel Mimi","Security Violation","70"
"INC1110661","LT12203 -Outlook issue","Application Function Issue","95"
"INC1082549","Outlook -Bloacked email from Aigerim Ishenbaeva aigerim.ishenbaeva@bfconsulting.com - consultant BFC","Security Violation","95"
"INC1116720","Email releae from chinzorig@monconsult.mn","Application Function Issue","85"
"INC1111184","Outlook issue","Application Function Issue","95"
"INC1117241","Phishing Email","Security Violation","100"
"INC1070067","Email release from wineryetcetera@gmail.com","Security Violation","100"
"INC1073738","Phishing Email","Security Violation","100"
"INC1110300","Unable to access outlook application as well as unable to call on teams","Application Function Issue","100"
"INC1061857","Phishing Email","Application Function Issue","100"
"INC1110473","Unable to receive emails","Security Violation","100"
"INC1106618","Phishing email","Security Violation","100"
"INC1137245","Phishing Email","Security Violation","100"
"INC1110405","i am not receiving emails and all senders say an error message that my email does not exist comes ba","Application Function Issue","95"
"INC1110594","OUTLOOK NOT WORKING","Application Function Issue","90"
"INC1110650","Error with my E-mail Shirin Saadeh","Security Violation","90"
"INC1066101","Phishing email","Application Function Issue","85"
"INC1110637","User not able to receive Emails on outlook","Access Grant Request","80"
"INC1120369","Request to whitelist email address:  ##anita.buljan@otpbanka.hr##","null","null"
"INC1070053","Email released from nikolija.milojevic@erstebank.rs","Access Authentication Failure","80"
"INC1102051","VB Investment: secure emails","Access Grant Request","85"
"INC1101504","Access to Yaroslav Musiienko SP","Access Grant Request","85"
"INC1110653","Unable to receive emails","Application Function Issue","90"
"INC1110202","I don't receive emails","Application Function Issue","90"
"INC1110478","FW: RE: [OU] FW: Tele-fonika Kable REFI 2023 | Request Letter - Alpe Adria consortium | CL draft","Service/Process Failure","70"
"INC1054687","Email release from vevmolpidis@gmail.com","Access Authentication Failure","80"
"INC1123557","Cannot accessa shared folder","Access Authentication Failure","80"
"INC1110658","For some reason I can't receive emails. When a person sends me an email, they automatically receive ","Application Function Issue","70"
"INC1132292","external emails with attachments are not coming through","Application Function Issue","70"
"INC1067702","Phishing Email","Security Violation","95"
"INC1131412","Phishing email","Security Violation","95"
"INC1124670","Local agency travel company and  message not sending by email","Application Function Issue","60"
"INC1077051","I've been sending emails and all of them were undelivered. I receive this message after sending any ","Service/Process Failure","90"
"INC1110280","Unable to receive emails","Service/Process Failure","85"
"INC1129305","[OU] FW: Your message couldn't be delivered","Service/Process Failure","80"
"INC1069839","[OU] Expected e-mail with encrypted files","Security Violation","95"
"INC1061252","Phishing Email","Security Violation","95"
"INC1117408","Phishing Email","Security Violation","95"
"INC1070132","Email release from sana.tarabay@gmail.com","null","null"
"INC1100959","Whitelist email address eurobak@eurobak.kz","Security Violation","90"
"INC1059038","Phishing email","Security Violation","95"
"INC1052964","Email delivery issues with Attijari Bank Tunisia","Service/Process Failure","85"
"INC1065473","Email Attachment not opening","Application Function Issue","80"
"INC1072603","[OU] FW: We found harmful files in a message","Security Violation","95"
"INC1110370","outlook not working","Application Function Issue","75"
"INC1069538","issue with EBRD guest wifi account creation","Access Grant Request","85"
"INC1110312","Not receiving emails and not able to make external calls in Teams","Application Function Issue","95"
"INC1069737","Phishing Email","Security Violation","95"
"INC1108212","Email release to youssefmillouki89@gmail.com","Access Authentication Failure","85"
"INC1060117","Phishing email","Security Violation","95"
"INC1105487","Phishing email","Security Violation","95"
"INC1138453","Unable to send email to densmaa.s@ulaanbaatar.mn","Application Function Issue","80"
"INC1110748","I lost my access to Learning inbox when im using Outlook desktop","Access Authentication Failure","75"
"INC1110935","Mohamed has no access to emails or teams","Access Authentication Failure","95"
"INC1110258","Unable to receive few mails","Access Authentication Failure","85"
"INC1110894","Issue with outlook","Application Function Issue","75"
"INC1064444","Email release from finans@navoiyazot.uz","Access Grant Request","90"
"INC1109740","Phishing Email","Security Violation","95"
"INC1066707","Email release from reservations@hotelbotanique.com","Access Grant Request","90"
"INC1113392","Sofia RO users lost access to ROSofiaMBX shared mailbox","Access Authentication Failure","90"
"INC1117287","Email release from h.siek@fs.de","Access Grant Request","90"
"INC1122955","stopped receiving emails notification for message sent on teams","Application Function Issue","85"
"INC1110718","Outlook issue","Application Function Issue","90"
"INC1072557","[OU] User Reported Phish Mail - Oportunidad de inversión en UMANAQ: Revolucionando la moda del golf ","Security Violation","95"
"INC1110126","outlook not working","Application Function Issue","95"
"INC1110121","Receiving undeliverable messages for "ebrd.com" email addresses","Service/Process Failure","80"
"INC1110238","User not able to receive Emails on outlook","Application Function Issue","90"
"INC1079615","Outlook issue - stopped wokring","Application Function Issue","90"
"INC1111849","[OU] FW: Security waring suspected malicious email","Security Violation","85"
"INC1110720","Incident - accounts and/or apps not working for several colleagues in Monarch","Application Function Issue","80"
"INC1110311","Unable to send or receive emails","Application Function Issue","75"
"INC1136780","[OU] FW: Your message couldn't be delivered","Security Violation","70"
"INC1064933","FW: Files attached to a message triggered a policy","Security Violation","65"
"INC1077510","calendar invitation to EBRD colleagues was not delivered to recepient(s)","Service/Process Failure","90"
"INC1110430","FW:  [OU] Remedi Pharm meeting","Service/Process Failure","85"
"INC1111124","RE: [OU] Important update on access to Microsoft and other application","Access Authentication Failure","75"
"INC1116058","[OU] FW: Your message couldn't be delivered","Service/Process Failure","95"
"INC1069643","Your message hasn't been delivered yet","Service/Process Failure","95"
"INC1101744","Re: [OU] Fw: We found harmful files in a message","Security Violation","80"
"INC1073134","Email release from anatolie.palade@gmail.com","Access Grant Request","95"
"INC1067168","Email release from reservations@hotelbotanique.com","Access Grant Request","95"
"INC1113158","URGENT! Important reg  email address Office 365  issue","Access Authentication Failure","80"
"INC1110206","I am not able to receive email on my EBRD email.","Access Authentication Failure","85"
"INC1073880","Email release from abdallah.tawfik@hassanallam.com","Access Grant Request","95"
"INC1100892","issues with sending e-mails with Polish special characters","Application Function Issue","70"
"INC1109631","FW: [OU] RE: Podujevo WWTP - Procurement Plan","Security Violation","80"
"INC1111377","Outlook - message hasn't been delivered","Application Function Issue","70"
"INC1110548","FW: Test","Security Violation","95"
"INC1082274","i cannot send an email to a client","Application Function Issue","75"
"INC1104910","[OU] Email release","Service/Process Failure","60"
"INC1107198","Phishing email","Security Violation","95"
"INC1107199","Phishing email","Security Violation","95"
"INC1122279","Phishing Email","Security Violation","95"
"INC1106174","Unable to send an invite with a large number of clients by email","Application Function Issue","70"
"INC1110304","Reports some e-mail addresses as invalid for colleagues who are in the office","Application Function Issue","85"
"INC1110679","My email is not found for other users. And they cannot send me emails. Please check.","Application Function Issue","90"
"INC1110367","Suspicious links in attachment","Security Violation","95"
"INC1058059","Phishing Email","Security Violation","95"
"INC1078658","issues with sending e-mails to Polish Ministry of Finance","Application Function Issue","75"
"INC1075156","Unauthorized Calendar Access After Revoking Permissions","Access Authentication Failure","80"
"INC1130980","I am new joiner. And I was not added to mail delivery groups such as "RO - Bishkek", "All in Banking","Employee Onboarding","95"
"INC1054384","Phishing Email","Security Violation","100"
"INC1132851","Email release to haya.dajani@capitalbank.jo","Security Violation","100"
"INC1124314","Phishing Email","Security Violation","100"
"INC1134483","Phishing Email","Service/Process Failure","85"
"INC1110092","No incoming emails since incident last night","Access Grant Request","90"
"INC1057626","Request to whitelist email address:   program.manager@llwb.org","null","null"
"INC1119312","Email release","Access Grant Request","90"
"INC1110076","outlook issue","Application Function Issue","85"
"INC1061122","Email release from tickets@ticketon.kz","Access Grant Request","95"
"INC1056831","Request to whitelist email address:  ##EMAILADDRESS##","Access Grant Request","95"
"INC1061237","Phishing Email","Security Violation","90"
"INC1142112","Email attachment not found","Service/Process Failure","80"
"INC1075347","Email release from agnieszka.ledwolorz@bosbank.pl","Access Grant Request","95"
"INC1110526","issues with email accounts","Application Function Issue","85"
"INC1121326","Undelivered message to an email address that is not in the recipients list","Security Violation","95"
"INC1061242","Phishing Email","Security Violation","95"
"INC1054568","LT12151 - End user informed she lost the email received on Monday","Application Function Issue","85"
"INC1110384","FW: RE: PBZ-Leasing - Loan Agreement - 2 outstanding points","Service/Process Failure","75"
"INC1122831","Phishing email","Security Violation","95"
"INC1068749","Copilot not working","Application Function Issue","90"
"INC1125688","Problems with sending emails to local travel agent","Service/Process Failure","80"
"INC1115903","Request to whitelist email address:  ##anita.buljan@otpbanka.hr##","Access Grant Request","95"
"INC1110157","issues sending -mails to two members of Warsaw RO","Application Function Issue","85"
"INC1110588","Undeliverable mails","Application Function Issue","75"
"INC1110815","I lost the access to the Copy/Paste/Download functionalities","Access Authentication Failure","90"
"INC1110568","Shared calendar ROZagrebMBX not working","Service/Process Failure","80"
"INC1126170","[OU] urgent","Security Violation","90"
"INC1068492","Phishing Email","Access Authentication Failure","60"
"INC1115033","Please grant me a license for Copilot","Access Grant Request","95"
"INC1141581","[OU] Issue with email","Application Function Issue","85"
"INC1110512","Fw: Re: Feka - Presentation // Feka TR Business and Restructuring Report","Service/Process Failure","70"
"INC1110521","Outlook emails not working","Application Function Issue","90"
"INC1130198","Emails bouncing back -unable to send email to @moic.gov.eg","Service/Process Failure","80"
"INC1058015","suspicious email received.","Security Violation","90"
"INC1116679","The Client has recently shared with us the report via cloud, may I ask you to download it","Access Grant Request","85"
"INC1070036","Request for release of attachment","Access Grant Request","90"
"INC1110998","Undeliverable - Unable to send emails","Service/Process Failure","80"
"INC1123826","FW: You've been sent suspected malware","Security Violation","95"
"INC1093319","not allowing c/p","Access Authentication Failure","75"
"INC1105852","[OU] Client's issue to access shared folder","Access Authentication Failure","80"
"INC1105330","Phishing email","Security Violation","90"
"INC1104209","Emailr release from marija.kovacevic@nlb.me","Access Grant Request","85"
"INC1065125","I cannnotsend emails to a client","Application Function Issue","75"
"INC1129421","Setting up company applications on new phone","Employee Offboarding","90"
"INC1136915","assist in deleting the old iphone MD2657 from the account.","Hardware","80"
"INC1097415","iPhone disposal at Kyiv RO","Hardware","80"
"INC1101071","problems with setting up a new iPhone (MD3542)","Hardware","90"
"INC1090785","iPhone Configuration","Hardware","85"
"INC1125344","Remove facial recognition sign-in option","Access Revoke","95"
"INC1087755","iPhone disposal at Warsaw/Kyiv RO","Employee Offboarding","90"
"INC1130735","EBRD Iphone","Hardware","85"
"INC1077674","the iPhone is working but need permeation","Application Function Issue","75"
"INC1065998","iPhone disposal at Ulaanbaatar/Tbilisi RO","Employee Offboarding","90"
"INC1075231","Outlook email attached files are unable to  drag and drop.","Application Function Issue","80"
"INC1070631","[OU] FW: Tableau and Copilot licence reassignment","Service/Process Failure","70"
"INC1056412","Reference ticket - Yesterday at the office 10 staff members have checked several times and the was n","Application Function Issue","70"
"INC1098531","Copilot not workingon ord and excel","Application Function Issue","80"
"INC1119798","New W11 build missing drivers","Application Function Issue","60"
"INC1101857","issue with update","Application Function Issue","50"
"INC1076411","[OU] Request for Tableau License Transfer and Co-Pilot Issue in Outlook","Access Grant Request","30"
"INC1098949","Adobe acrobat old version report","Application Function Issue","40"
"INC1098957","Add Checkpoint VPN default browser to Surface Pro build","VPN","95"
"INC1076915","My Copilot don't have connections to my Calendar, Outlook,etc.","Application Function Issue","85"
"INC1102805","1 AP in the Chininau RO is offline","Network","90"
"INC1078618","Update my title on Intranet profile","Access Grant Request","75"
"INC1068813","There is no profile for me on Intranet","Access Authentication Failure","80"
"INC1107597","Upload picture -Sabina Narloch (19575)","Employee Onboarding","70"
"INC1071833","Delete 2 persons from Almaty RO intranet page","Access Revoke","85"
"INC1095369","update on https://intranet.ebrd.com/deniz-peri#profile","Web Security","80"
"INC1056886","[OU] Intranet details correction","Web Security","80"
"INC1102995","[OU] RE: STAFF PHOTO UPLOAD REQUEST: DUMITRU BUHAI staff number: 11205","Employee Onboarding","90"
"INC1054197","update on https://intranet.ebrd.com/idil-bilgic-alpaslan#profile","Web Security","80"
"INC1071841","Add Profile photo on intranet page Almaty RO","Access Grant Request","90"
"INC1067553","URGENT - support needed Intranet not accessible","Network","95"
"INC1107005","STAFF PHOTO UPLOAD REQUEST: ZEIN ABOU KHALIL staff number: 20193","Access Grant Request","95"
"INC1064474","I can no longer access Elsy","Access Authentication Failure","85"
"INC1069971","Correct time at Kazakhstan page on intranet","Application Function Issue","90"
"INC1077923","update on https://intranet.ebrd.com/alara-%C3%B6zogul#profile","Application Function Issue","80"
"INC1077661","cant find to create a Space on Intranet","Application Function Issue","75"
"INC1062043","[OU] Intranet Photo Update","Access Grant Request","85"
"INC1104285","Belgrade RO list","Application Function Issue","70"
"INC1091118","ELSY access user not found","Access Authentication Failure","85"
"INC1062424","ISR research request error","Application Function Issue","70"
"INC1109021","Issue with Elsy","Application Function Issue","75"
"INC1076286","[OU] Intranet picture update","Network","60"
"INC1067537","https://intranet.ebrd.com/ is not accessible","Network","80"
"INC1067544","Unable to access Intranet","Application Function Issue","85"
"INC1071737","Add Profile photos on intranet page","Application Function Issue","90"
"INC1069336","update on https://intranet.ebrd.com/arsen-ranli#profile","Application Function Issue","70"
"INC1103529","STAFF PHOTO UPLOAD REQUEST: SALAH EDDINE EL YAIKOUBI staff number: 19239","Employee Onboarding","95"
"INC1067552","Intranet not working","Application Function Issue","85"
"INC1093643","update on https://intranet.ebrd.com/melek-oztas#profile","Employee Onboarding","90"
"INC1093524","Melek Oztas- new starter.not in the intranet","Employee Onboarding","90"
"INC1072823","Intranet / adding a form","Application Function Issue","75"
"INC1100733","[OU] STAFF PHOTO UPLOAD REQUEST: LEVAN MODEBADZE staff number: 20148","Employee Onboarding","95"
"INC1061864","Intranet Photo update","Employee Onboarding","90"
"INC1102608","update on https://intranet.ebrd.com/meltem-ozkan#profile","Application Function Issue","80"
"INC1061713","update on https://intranet.ebrd.com/gulsum-kocyigit#profile","Application Function Issue","80"
"INC1076620","Request to upload photo (attached) of EBRD staff member Milos Rankovic, SAP No. 19939","Access Grant Request","90"
"INC1100732","[OU] STAFF PHOTO UPLOAD REQUEST: OUIAME ELAZZOUZI staff number: 19969","Access Grant Request","95"
"INC1052915","SAP details are not synced properly","Application Function Issue","70"
"INC1061349","Change of staff profile photo","Access Grant Request","85"
"INC1105067","I lack the 6-digit Ext. code (on my profile, intranet)","Application Function Issue","85"
"INC1069364","Intranet profile error","Application Function Issue","80"
"INC1067754","Request to upload photo (attached) of EBRD staff member Perisic Petovar Stasa, SAP No. 19841.","Access Grant Request","90"
"INC1060182","Intranet profile sync","Application Function Issue","75"
"INC1055933","Update photo on teams and other applications","Application Function Issue","70"
"INC1065120","SAP details are not synced properly","Application Function Issue","80"
"INC1069327","update on https://intranet.ebrd.com/sites/Satellite?c=PersonProfile&cid=1395273638294&pagename=INTRA","Application Function Issue","80"
"INC1068822","RE: [OU] leaver and mover from Athens RO still shown in intranet","Application Function Issue","70"
"INC1099265","Marcin Intranet page not visible","Application Function Issue","90"
"INC1068577","I am based in RO Zagreb and when you go to our intranet, you can see that many people from our offic","Application Function Issue","60"
"INC1066670","Request to upload photo (attached) of EBRD staff member Concetti Matilde,   SAP No. 19027.","Access Grant Request","95"
"INC1105296","[OU] Staff Photo Upload Request: Mert Bektas","Access Grant Request","95"
"INC1056907","Updating profile photo","Access Grant Request","95"
"INC1107007","Upload photo - Jovana Rackovic","Access Grant Request","95"
"INC1086808","Intranet update","Application Function Issue","80"
"INC1082815","Istanbul RO Address update on the intranet","Application Function Issue","80"
"INC1106883","Vardan  Khachatryan left the bank in May. He still shows up in Intranet in Yerevan RO team. Please r","Employee Offboarding","90"
"INC1072276","Add profile photo","Application Function Issue","80"
"INC1067986","wrong reporting line on the intranet","Application Function Issue","85"
"INC1070818","Correct time at Kazakhstan page on intranet","Application Function Issue","85"
"INC1111516","www.ebrd.com website not opening from RO","Network","70"
"INC1131319","Typo on EBRD web-page Turkmenistan","Application Function Issue","80"
"INC1131162","Cloud Service environment concerning form submissions,","Application Function Issue","80"
"INC1113152","RE: PSD published on EBRD.com: 52683 - Vifor Wind [OU]","Access Grant Request","70"
"INC1082811","the link toERBD country strategy 2024-2029 forKyrgyz Republic is not working","Service/Process Failure","90"
"INC1122230","Please note that our RO Belgrade address was not fully updated on previous incident INC1104986 (RITM","Access Authentication Failure","60"
"INC1122995","STAFF PHOTO UPLOAD REQUEST: BERKE UCKUN staff number: 11942","Access Grant Request","85"
"INC1116342","Data Ware house application is not showing in intranet page.","Application Function Issue","90"
"INC1133826","[OU] Ops manual_ access issue","Access Grant Request","85"
"INC1128124","Intranet people directory: Infra, SIG","Application Function Issue","75"
"INC1121327","Please upload the attached photo of Jelens Pajic to the intranet","Access Grant Request","95"
"INC1141775","[OU] Request to upload photo , attached, of EBRD staff member  Zlobin Mikhail,  SAP No. 8991","Access Grant Request","90"
"INC1115879","STAFF PHOTO UPLOAD REQUEST: GHAIDAA AL HOURANI staff number: 10189","Access Grant Request","100"
"INC1143330","update on https://intranet.ebrd.com/profile/1357?utm_source=interact&utm_medium=quick_search&utm_ter","Application Function Issue","100"
"INC1136023","STAFF PHOTO UPLOAD REQUEST: GEORGI POPOV staff number: 17422","Access Grant Request","100"
"INC1118264","my attempts to open Staff Handbook fail with error 404","Service/Process Failure","100"
"INC1143247","[OU] STAFF PHOTO UPLOAD REQUEST: DILNAVOZ KULDASHOVA staff number: 18901","Access Grant Request","100"
"INC1142607","Secretariat suppoert not updated on  Heike Harmgart's intranet profile","Application Function Issue","85"
"INC1114390","Re: [OU] Need help","Access Grant Request","70"
"INC1113396","Access issue to PODD page and missing items _ Forms/Useful Links","Access Authentication Failure","90"
"INC1134507","update on https://intranet.ebrd.com/profile/48975?utm_source=interact&utm_medium=quick_search&utm_te","Application Function Issue","75"
"INC1138369","[OU] STAFF PHOTO UPLOAD REQUEST: MUHAMMED KESIM  staff number: 20162","Access Grant Request","95"
"INC1133638","amend below secretarial support","Access Grant Request","80"
"INC1112732","cannot access application SMART by GEP","Application Function Issue","70"
"INC1120186","Upload picture: Olga Bradic - no 20298","Access Grant Request","85"
"INC1122311","update on https://intranet.ebrd.com/profile/48888?entityTypes=PersonProfile&entityId=48888&includePi","Access Grant Request","85"
"INC1123978","UPLOAD PICTURE - Mariam Romanadze Sap no 20379","Access Grant Request","85"
"INC1130950","kindly upload the attached staff member's photo","null","null"
"INC1115506","Guest wifi portal for ROs","Network","80"
"INC1115276","[OU] Staff Photo Upload Request: Diyora Karabaeva","Access Grant Request","95"
"INC1123624","STAFF PHOTO UPLOAD REQUEST: ALEXANDER TATIANIN staff number: 07050","Access Grant Request","95"
"INC1124552","RE: [OU] STAFF PHOTO UPLOAD REQUEST: BERKE UCKUN staff number: 20378","Access Grant Request","95"
"INC1137994","update on https://intranet.ebrd.com/profile/49008?entityTypes=PersonProfile&entityId=49008&includePi","Application Function Issue","70"
"INC1142052","[OU] URGENT: Intranet not working","Network","90"
"INC1122489","Change profile photo","Employee Onboarding","80"
"INC1061095","Wireless connectivity issue at Zebgreb RO","Network","90"
"INC1125382","Disk Received","Hardware","85"
"INC1063297","MFP Device need to configure mail to scan option. (PR674)","Hardware","95"
"INC1133428","PDG1ESX1: storage_status has value: OP_STATUS_DEGRADED","Service/Process Failure","90"
"INC1063286","New photocopy machine in Pristina RO - INC0969535","Hardware","90"
"INC1131371","ANK1ESX1: storage_status has value: OP_STATUS_DEGRADED","Service/Process Failure","90"
"INC1141924","Users in Ulaanbaatar RO are unable to access the intranet and external websites.","Network","95"
"INC1141320","Favorites list on Ulaanbaatar RO printers","Hardware","85"
"INC1066920","IAM Login","Access Authentication Failure","80"
"INC1112523","ULAANBAATAR RO ULN1ESX1 server is down.","Node/Device Down","95"
"INC1129885","SJO1ESX1: storage_status has value: OP_STATUS_DEGRADED","Service/Process Failure","90"
"INC1125274","EDGE policy templates update is required","Security Violation","75"
"INC1120581","BKU1ESX1: storage_status has value: OP_STATUS_FAILED","Service/Process Failure","90"
"INC1060733","unable to use $ account on support server LDN3ROS1","Access Authentication Failure","80"
"INC1123861","modify  Test_CopyOfUsersOU_Win11_U_App_MS-Edge_PRD GPO","Application Function Issue","70"
"INC1122920","TUN1ESX1: storage_status has value: OP_STATUS_DEGRADED","Hardware","90"
"INC1114458","IST1ESX1:Cache Module degraded","Hardware","90"
"INC1131354","TUN1ESX1: storage_status has value: OP_STATUS_DEGRADED","Hardware","90"
"INC1100404","Printer not working","Hardware","90"
"INC1120187","TIR1ESX1: storage_status has value: OP_STATUS_FAILED","Hardware","90"
"INC1097953","IST1ESX1- IStanbul RO too much loudon the device","Hardware","95"
"INC1143374","New test account to be created in AD","Access Grant Request","90"
"INC1055080","Unable to access Distribution List  Managment link https://email.ebrd.com/ecp as per  screenshot","Network","85"
"INC1060154","IST1ESX1:  Physical Drive in Port 1E Box 1 Bay 3 - degraded","Hardware","90"
"INC1131363","TUN1ESX1: storage_status has value: OP_STATUS_DEGRADED","Hardware","95"
"INC1126268","Node BKU1ADC1 is Down (10.229.248.254)","Node/Device Down","95"
"INC1078115","Cant login to the Digital Store front","Access Authentication Failure","95"
"INC1060582","unable to remotely logon to laptops","Access Authentication Failure","90"
"INC1074816","SJO1ESX1 issues","Node/Device Down","85"
"INC1136878","Users are unable to access printers at Bucharest RO","Access Authentication Failure","80"
"INC1120684","BEG1ADC1 DNS not updating from BEG1DTA1 DHCP","Network","75"
"INC1145068","Bit locker recovery key","Password Reset","65"
"INC1124754","Acrobat Reader stopped working (app not opening) since 17.07.2025. I have tried resetting/switching ","Application Function Issue","70"
"INC1093449","SNL Add-in not working","Application Function Issue","90"
"INC1128322","Word Application keeps on crashing","Application Function Issue","95"
"INC1126405","Issue with IPM","Application Function Issue","85"
"INC1120060","I cannot activate macros in excel, and this prevents me working on F1F9","Application Function Issue","90"
"INC1113921","Guest WiFi Access","Network","80"
"INC1104638","unable to connect LT13459 in Bratislava RO","Node/Device Down","75"
"INC1127738","RE: [OU] Issue with IPM","Application Function Issue","85"
"INC1121481","Requesting to install Putty","Access Grant Request","90"
"INC1108743","User system prompting to provide recover key frequently(happened twice in this month)","Password Reset","85"
"INC1127337","RE: [OU] RE: Your Request RITM0192263 has been rejected","Access Authentication Failure","75"
"INC1115605","PDF reader is still not working","Application Function Issue","90"
"INC1112796","Access to M365 is blocked after password change.","Access Authentication Failure","80"
"INC1107960","i need access for outlook to cancel a meeting, this meeting was sent by Bengu Onen Hangun, she is no","Access Grant Request","70"
"INC1108799","User requesting Bit locker recovery key","Access Authentication Failure","85"
"INC1085623","saved outlook message does not open properly","Application Function Issue","90"
"INC1119010","Headphones not working","Hardware","95"
"INC1122682","Problems with sending out messages in Outlook","Application Function Issue","80"
"INC1121300","BitLocker Recovery Key Id Issue","Access Authentication Failure","85"
"INC1137631","Set Auto reply for shared mailbox: Cairo Transport booking","Service/Process Failure","75"
"INC1107872","Adobe Acrobat Pro","Application Function Issue","90"
"INC1082284","the EBRD Logo in Word doesnt work","Application Function Issue","80"
"INC1075864","Cannot access MFW FEFF 2 - Letter of Information word file","Access Authentication Failure","85"
"INC1076160","I am using Remote and cannot save any document - have no access to network drives","Access Authentication Failure","80"
"INC1122963","AD account is locked","Access Authentication Failure","95"
"INC1111864","Cannot use Adobe Acrobat","Application Function Issue","90"
"INC1117731","Assist Ljubljana user to setup printer on July 9th","Access Grant Request","75"
"INC1111115","[OU] Bank's systems","Security Violation","60"
"INC1137696","Corrupted file.","Application Function Issue","85"
"INC1122822","Unable to Launch Adobe app","Application Function Issue","90"
"INC1082589","Microphone does not work","Hardware","85"
"INC1093247","EBRD Self Service- Employee Self Service - Critical Error","Service/Process Failure","95"
"INC1086185","I couldn't enter login information on EMIS website","Access Authentication Failure","90"
"INC1133756","still not able to send mail","Application Function Issue","80"
"INC1087224","wetransfer stopped working","Application Function Issue","85"
"INC1108264","Need Password reset for Guest Wi-Fi","Password Reset","95"
"INC1089151","TFP TC - Rysgal Bank Team - change of email of the external user","Password Reset","80"
"INC1135631","both iOS devices are giving authentication failed when trying to connect to EBRD guest wifi","Access Authentication Failure","90"
"INC1117666","PDF file glitch","Application Function Issue","70"
"INC1109664","[OU] Problem with the laptop LT13475","Hardware","85"
"INC1088605","No access to WeTransfer","Network","85"
"INC1079653","corporate WIFI in the OFfice","Network","75"
"INC1102198","Chisinau RO users unable to access Wifi","Network","90"
"INC1082585","request for a Bitlocker set up","Access Grant Request","95"
"INC1093285","Blocked copy and past function for the Copilot +access to the App Store","Application Function Issue","90"
"INC1111264","Unable to open outlook and teams","Application Function Issue","85"
"INC1128092","Printing does not work","Application Function Issue","90"
"INC1113405","My access to M365 apps is blocked","Access Authentication Failure","80"
"INC1126562","Unable to open pdf documents","Application Function Issue","85"
"INC1129605","Please allow today access to wetransfer, link: https://we.tl/t-8wmJuqiYNt","Access Grant Request","90"
"INC1107485","SNLxl Add-in issue","Application Function Issue","80"
"INC1137490","Unable to connect to EBRD WiFi on Personal Mobile Device","Network","90"
"INC1131053","Unable to set up BitLocker PIN","Security Violation","70"
"INC1112564","Unable to access Teams and outlook  after password reset, getting blocked error.","Password Reset","85"
"INC1144040","Bookmarks are missing from chrome.","Application Function Issue","60"
"INC1142653","Elisabetta Falcetti - Working from home and needs help","Access Grant Request","95"
"INC1105185","Word document","Application Function Issue","50"
"INC1107698","Internet issues in Amman RO today","Network","90"
"INC1124960","Transfering folders from country folders to OneDrive","Application Function Issue","85"
"INC1135928","Issue with inbox and digital card","Access Authentication Failure","75"
"INC1141490","E-imzo, local tax platform, requires upgrade with administrator's access. Please assist with its ins","Service/Process Failure","80"
"INC1116150","unable to access the intranet page","Node/Device Down","85"
"INC1111711","URGENT/ Vice President's Turkiye Agenda / teams error","Access Grant Request","90"
"INC1113758","Unable to access gamil account in EBRD Laptop ( already part of App_ForcepointGoogleDrive_Exemption ","Access Authentication Failure","85"
"INC1130158","My IPM does not work. Can you please help?","Application Function Issue","90"
"INC1101047","forwarding calls from diyor to Nigora's number","Network","70"
"INC1105081","We invited Skopje MTR to a Teams meeting, but "Join" option was not visible on the panel?","Service/Process Failure","80"
"INC1110433","Dial pad  disappeared  for all users","Hardware","95"
"INC1107975","Telephony Cisco","Telephony Cisco","50"
"INC1062327","Cappadocia Meeting Room Camera issue  | Urgent","Hardware","90"
"INC1068259","Ulaanbaatar RO Office telephone not receiving calls","Hardware","85"
"INC1065494","VC not connected","Application Function Issue","75"
"INC1142138","Belgrade reception deskphone stopped ringing","Hardware","90"
"INC1068467","Assign extension numbers to the colleagues who do not have it","Access Grant Request","80"
"INC1100480","Update Belgrade incoming call queue","Service/Process Failure","70"
"INC1139660","Cairo room 1 having pairing issue","Hardware","85"
"INC1119276","Unable to make a Teams call","Application Function Issue","85"
"INC1125432","Yealink conference call unit in Skopje RO","Hardware","75"
"INC1111519","Budapest RO: Incoming or outgoing calls do not work","Network","70"
"INC1119645","Power Charger or the Bucharest Large meeting room is not working","Hardware","65"
"INC1111831","FW: [OU]  Your help needed: Issue with DDI numbers after M365 Upgrade","Service/Process Failure","80"
"INC1139835","RE: [OU] RO Ankara - Request for Support with Call Forwarding","Access Grant Request","60"
"INC1136908","extension assigment for Muhammed Kesim","Hardware","80"
"INC1110141","Phone not working","Hardware","90"
"INC1124705","The Yealink system is not working in the large meeting room in casablanca RO","Hardware","95"
"INC1065390","Almaty Medu room having network issue - Says "no internate"","Network","95"
"INC1090699","Ulaanbaatar RO office phone not receiving calls","Hardware","90"
"INC1100443","Amend the yealink device time in Cairo ro meeting room 2","Hardware","85"
"INC1100840","Urgent - Enable Teams Dial Pad for the User - Teodora Savic","Application Function Issue","90"
"INC1111321","Teams does not allow for external calls (on fixed lines etc). Kindly contact me via teams, not the p","Application Function Issue","85"
"INC1076733","PSTN calls (internal&external) are not working in Istanbul","Application Function Issue","80"
"INC1144919","[OU] Unable to transfer calls coming to landline to teams","Application Function Issue","75"
"INC1059349","Landline extension","Application Function Issue","60"
"INC1059093","issues with Warsaw RO reception calls forwarding scheme","Hardware","80"
"INC1101370","Need assistance in connecting Yealink with TV in Tirana meeting room 1","Hardware","85"
"INC1085389","Change the Office RO work number","Hardware","90"
"INC1053643","External telephone number for Katarina Strmic","Hardware","75"
"INC1076552","Yealink phone reception incident","Hardware","95"
"INC1109596","Istanbul Reception upgrade","Hardware","85"
"INC1105548","Reception Phone Issue","Hardware","90"
"INC1056812","MTR not working at Beirut RO","Hardware","80"
"INC1139091","Reception deskphone is not working","Hardware","80"
"INC1137380","RO Ankara - Request for Support with Call Forwarding","Application Function Issue","70"
"INC1059553","Microsoft Teams International Calls","Application Function Issue","60"
"INC1054881","Two office numbers do not work +998 48 701 13 30 and +992 48 701 13 31, Please check on Bank's side","Hardware","90"
"INC1110435","There is no Dialpad in teams","Application Function Issue","90"
"INC1069503","Problem in Amman RO conference room connection","Network","85"
"INC1130201","transfer Istanbul reception calls to Yagmur Coskun. currently the calls are going to Mert he's on AL","Hardware","70"
"INC1140870","[OU] Almaty landline issue","Hardware","70"
"INC1074935","IStanbul RO reception Phone","Hardware","70"
"INC1064402","meeting room audio is very low, unable to hear the other party.","Hardware","70"
"INC1128846","The clock on the video display is showing the time with one hour delay","Service/Process Failure","65"
"INC1144381","Istanbul RO telephony call problem","Hardware","90"
"INC1110488","RE: [OU] Urgent - Please call","Network","70"
"INC1054634","Almaty RO telephony is not working properly.","Hardware","95"
"INC1132608","Desk phone with MAC- 805e.0c82.2815 could not make calls: Dushanbe reception deskphone 2","Hardware","85"
"INC1138022","Cairo RO reception phone issue","Hardware","80"
"INC1136343","[OU] RE: Almaty RO landline is not working","Hardware","85"
"INC1064357","Almaty RO, Voice message for Landline is not working","Hardware","85"
"INC1091592","Dear Team, reception desk phone Yealink is out of function and we need your help to make it function","Hardware","90"
"INC1060330","change the incoming call queue","Application Function Issue","75"
"INC1109081","[OU] Belgrade RO reception phone malfunction","Hardware","95"
"INC1071666","Problem with Teams calls","Application Function Issue","80"
"INC1129525","Desk phone with MAC- 805e.0c82.2815 could not be signed in","Access Authentication Failure","85"
"INC1082022","Podgorica RO Conference room Yealink device keeps crashing if a presentation is tried to be played f","Hardware","90"
"INC1063729","TV and yealink tablet are not connected","Hardware","85"
"INC1093130","I have log in Tbilisi RO Teams VC's unfortunately Yearlink touch screens are not connecting to VC's ","Hardware","80"
"INC1135028","URGENT: not able to make external calls","Service/Process Failure","75"
"INC1110418","Dial panel disappeared for all users in Almaty RO","Hardware","95"
"INC1144299","Yealink connection issue","Hardware","80"
"INC1071999","Can't make outside call through Teams anymore","Application Function Issue","70"
"INC1125816","Switch port number showing "no caller ID" when calling clients","Hardware","85"
"INC1065845","Request to setup a new MTR device","Access Grant Request","90"
"INC1067916","Extension number for the colleague","Employee Onboarding","60"
"INC1102669","Reception phone account login details","Access Authentication Failure","75"
"INC1101897","Reception deskphone is not working","Hardware","95"
"INC1144801","[OU] FW: Time issue in conference rooms","Hardware","80"
"INC1137035","DDI number of RO IStanbul and RO Ankara users","Network","70"
"INC1066467","Extension numbers of some colleagues do not work","Hardware","90"
"INC1125419","From: Arsik, Aleksandra  Sent: Wednesday, July 23, 2025 12:27 PM To: IT Service Desk <ebrd@service-n","Service/Process Failure","60"
"INC1071159","Desk phone is not working","Security Violation","50"
"INC1109763","User got Call from +44 118 206 5700","null","null"
"INC1109588","Problem actually refers to the Evaluation tab (not available in the drop down menu, hence selected T","Application Function Issue","80"
"INC1137611","OU] Error: Monarch, Trace Id -","Application Function Issue","70"
"INC1071893","Monarch Platform unavailable this weekend (DTM ID 49372)","Service/Process Failure","90"
"INC1132204","Error: Monarch","Application Function Issue","60"
"INC1105116","Integrity Monitoring Due Date Approaching notification is overlooking the manual due date change","Application Function Issue","85"
"INC1075062","Monarch issue - closing certificates","Application Function Issue","75"
"INC1073206","MON APPROVAL MODULE/ P2  - Project Bura Wind Portfolio (Id: 51937) - System Glitch Report (Issue wit","Application Function Issue","85"
"INC1122491","Monarch Green Screening and Transition Impact Assessment Issues / URGENT","Application Function Issue","75"
"INC1102756","DFF Reckos - DTM 55615","Application Function Issue","60"
"INC1106171","[OU] Monarch SPA","Application Function Issue","50"
"INC1093769","Approval module - P2 , error on Revalidation route","Application Function Issue","90"
"INC1137922","Monarch issue","Application Function Issue","40"
"INC1130652","Monarch Integrity Questionnaire (Assesement) error","Application Function Issue","95"
"INC1106927","Monarch Integrity issue","Application Function Issue","90"
"INC1119183","Monarch BIS submission failure","Service/Process Failure","85"
"INC1118568","Monarch Approval route change for OpID 56330","Application Function Issue","75"
"INC1107243","I don't have access to the bot","Access Authentication Failure","80"
"INC1111323","Cannot proceed to submission in Monarch after receiving signoffs","Service/Process Failure","85"
"INC1128370","Issue - 56740 DFF Newcom Property","Application Function Issue","70"
"INC1103572","Monarch | BIS: 1C0064, 03/06/2025, Avdiu Burani, V, -, Latin, Total Parties: 1","Application Function Issue","80"
"INC1101138","I am not able to access the following: https://monarch.ebrd.com/shell-client-app/my-monarch/wiki - E","Access Authentication Failure","90"
"INC1074900","URGENT - CLOSING CERTIFICATE ERROR","Service/Process Failure","70"
"INC1108760","Unable to submit the Integrity Questionnaire for Regional TFP: Bank of Palestine","Application Function Issue","85"
"INC1051999","Assistance Required with Integrity Questionnaire (OPID 56103)","Application Function Issue","85"
"INC1073438","User unable to access a credit review - presumably due to a party relationships issue","Application Function Issue","85"
"INC1134578","Error: Monarch","Application Function Issue","90"
"INC1106181","Error Saving the Data","Application Function Issue","95"
"INC1135923","not being able to find parties","Application Function Issue","75"
"INC1112911","Monarch - IQ - Error","Application Function Issue","90"
"INC1126808","Error: Monarch","Application Function Issue","90"
"INC1092381","Approval - P2 - User unable to complete approval route checker","Application Function Issue","80"
"INC1112588","[OU] RE: Important update on access to Microsoft and other application","Access Authentication Failure","80"
"INC1124158","unable to find previous BIS request","Application Function Issue","70"
"INC1083911","When I exportan integrity questionnaire in wor and open the file, the text I input in Monarch is tra","Application Function Issue","85"
"INC1109133","[OU] Monarch search support enquiry","Access Authentication Failure","90"
"INC1136295","Unable to access Monarch Dashboard reports to upload NTN.","Access Authentication Failure","95"
"INC1123914","Monarch: unable to access engagement","Access Authentication Failure","85"
"INC1135019","BIS - Monarch","Application Function Issue","80"
"INC1075294","Lekela Win BOO (E11457 & OpID 49794) - Integrity Questionnaire Issues on Monarch","Application Function Issue","90"
"INC1091188","I submitted an urgent BIS check request with following ID 7e7e37 andc929ed. Bur have not received th","Access Grant Request","70"
"INC1129445","For information:  Credit review referred back TERRA EXPRESS","Employee Onboarding","60"
"INC1069048","Error: Monarch","Application Function Issue","95"
"INC1071558","NTN circulation - error message (DFF-Project Viridis OpID 56237)","Node/Device Down","85"
"INC1122164","Monarch sign off from mobile phone","Application Function Issue","80"
"INC1053888","Issue accessing Azure Insights - mihac@az.ebrd.com","Application Function Issue","70"
"INC1114554","Integrity in Monarch - error saving the data","Application Function Issue","90"
"INC1062939","Issues with Monarch","Application Function Issue","60"
"INC1098439","Glitch with inactive Submit button and excessive parties appearing","Application Function Issue","85"
"INC1114097","Monarch - Integrity - Project Mazurka 53460","Application Function Issue","95"
"INC1071894","I cannot find my project on monarch to create an occo questionnaire","Application Function Issue","85"
"INC1089043","Unable to deselect products for a Green assessment","Application Function Issue","80"
"INC1102751","Error Message - Monarch Approval Route","Application Function Issue","90"
"INC1054810","Monarch TI Assessment | Project Negma, Engagement E69095,  DTM 56116","Application Function Issue","75"
"INC1123016","historical data missing","Service/Process Failure","70"
"INC1073647","MON APPROVAL MODULE/ P2  - End user unable to submit concept review on Monarch application","Application Function Issue","85"
"INC1104205","Error when trying to submit an IQ in Monarch for engagement E54659 (project DTM ID: 52697)","Application Function Issue","90"
"INC1112069","[OU] FW: Sign off required - Closing certificate - debt and equity, DTM ID 55679, RLF - Project Lapa","Access Grant Request","85"
"INC1145028","Engagement link including unrelated party","Security Violation","75"
"INC1140430","Waiting to hear back on two requests","Waiting for Response","0"
"INC1116933","Monarch fails to log into a specific OpID","Access Authentication Failure","80"
"INC1109187","Cannot finalize the Integrity Questionnaire","Application Function Issue","80"
"INC1099374","Approval module - P2 , error on Revalidation route","Application Function Issue","75"
"INC1059744","Big Balkan Expansion - Correction in Monarch","Application Function Issue","60"
"INC1093505","I am not able to make the BIS check for the existing party","Application Function Issue","70"
"INC1142864","[OU] Access to Monarch Agenda","Access Authentication Failure","50"
"INC1125414","Issues with Monarch","Application Function Issue","65"
"INC1102232","Issue with Integrity Questionnaire for Hilli Gaplama (51477)","Application Function Issue","70"
"INC1064301","[OU] Monarch issue","Application Function Issue","80"
"INC1069159","[OU] Integrity Assessment Monarch - updates NOT saving in IQ Monarch","Application Function Issue","90"
"INC1062805","We have submitted our documents for DFF - Project Memphis for the SBIC on the 4th of February 2025 a","Service/Process Failure","70"
"INC1071919","Error: Monarch","Application Function Issue","95"
"INC1136214","user is trying to create an approval route for a new transaction in Monarch","Application Function Issue","95"
"INC1128183","Hi,  Can’t find PRO-UZB-2025-39476 engagement. Please advise. Best regards, Nazira","Application Function Issue","85"
"INC1094173","Unable to export the IQ","Application Function Issue","90"
"INC1129294","[OU] Project Osiris - OpID 56811","Access Grant Request","95"
"INC1114142","Integrity monitoring","Application Function Issue","80"
"INC1093118","missing engagement on Monarch for Integrity Questionnaire","Application Function Issue","85"
"INC1075897","Please provide admin rights in JIRA for specific Boards in Monarch project","null","null"
"INC1125477","The engagement team for project Unilogo (56777) is missing","Service/Process Failure","85"
"INC1065835","It is not possible to capture PRO-TJK-2025--1876044669 in Monarch from MIS in order to initiate an I","Service/Process Failure","80"
"INC1125604","[OU] Issues with integrity via Monarch","Service/Process Failure","90"
"INC1130911","Error: Monarch - cant access the Exposure table","Service/Process Failure","95"
"INC1129414","2# BM Kazakhstan 3 (OpID: 56778) | Error in NTN submission","Application Function Issue","75"
"INC1062926","Issues with Monarch","Service/Process Failure","80"
"INC1145129","[OU] Approval Route for OPID 56180","Application Function Issue","80"
"INC1102418","Error: Monarch, Trace Id - Monarch issues with access","Application Function Issue","75"
"INC1119830","Can't go into an engagement (E68372) in monarch","Application Function Issue","85"
"INC1141195","LC project is not found in the engagement","Application Function Issue","70"
"INC1059119","changes to related parties are not being saved in monarch","Application Function Issue","75"
"INC1109050","[OU] RE: Your Service Request RITM0183469 has been completed","Service/Process Failure","60"
"INC1071070","Access to LessonsBot","Access Authentication Failure","65"
"INC1079485","Logon scripts do not work, printers are not connecting","Application Function Issue","95"
"INC1071757","Logon scripts do not work, printers are not connecting","Application Function Issue","95"
"INC1068323","Logon script issue on users machine","Application Function Issue","85"
"INC1079384","Logon script to map RO printers and network drives are not working","Application Function Issue","90"
"INC1071743","Logon scripts do not work, network drives are not connecting","Application Function Issue","90"
"INC1071377","Printers are not connecting","Hardware","70"
"INC1074860","Logon scripts do not work, printers are not connecting","Application Function Issue","95"
"INC1071369","Logon scripts do not run","Application Function Issue","95"
"INC1071416","Logon scripts do not work","Application Function Issue","95"
"INC1074863","Logon scripts do not work, printers are not connecting","Application Function Issue","95"
"INC1115933","LTA - Long term absence report - Symbat Kurmangaliyeva--Please revoke PELE access","Access Revoke","95"
"INC1074553","LTA - Long term absence report - Nadezhda Litvac--Please revoke  PELE access","Access Revoke","95"
"INC1076749","LTA - Long term absence report - Indira Zankina--Please revoke PELE access","Access Revoke","95"
"INC1103574","Can I upload documents from Pegasus.ebrd.com","Access Grant Request","90"
"INC1067504","[OU] Pegasus access","Access Authentication Failure","85"
"INC1133525","Acess to Pegasus","Access Authentication Failure","85"
"INC1122569","I cannot access all documents, e.g. the new Financial Sector Strategy","Application Function Issue","70"
"INC1124066","Can I please get access to Pegasus?","Access Grant Request","90"
"INC1087393","Access to Pegasus system","Access Authentication Failure","85"
"INC1137311","I cannot access documents on Pegasus","Access Authentication Failure","85"
"INC1136569","Cant find the Board Document","Access Authentication Failure","80"
"INC1111616","Access to country and sector strategies on Pegasus","Access Authentication Failure","90"
"INC1101424","Pegasus search does not work","Application Function Issue","95"
"INC1067623","Need access to Pegasus","Access Grant Request","90"
"INC1102292","I am not able to retrieve any documents from Pegasus","Access Authentication Failure","85"
"INC1116545","Pegasus access","Access Authentication Failure","75"
"INC1057934","PEGASUS NOT WORKING FOR ME BUT IT IS FOR MY COLLEAGUES","Application Function Issue","95"
"INC1091821","Cannot access documents in Pegasus","Network","80"
"INC1076887","#69208988-Website- Verification error","Web Security","70"
"INC1063507","#69200638-[OU] FW: EBRD, Best Practice Financial Modelling course details, London, 10, 11 & 12 Feb 2","Employee Onboarding","90"
"INC1060589","#69199502-Can not access www.isa.un.ba","Network","85"
"INC1072232","#69206204-issue with Checkpoint VPN client connectivity for many users in Warsaw RO","VPN","95"
"INC1054779","#69200640-I do not have access now that I am in the office and connected to ebrd network.","Network","85"
"INC1072813","#69206714-Unable to access Cigna Health Care Website","Network","80"
"INC1071448","#69208954-Online course for clients - issues with access/display","Application Function Issue","75"
"INC1127501","End User unable to Access External Websites","Network","90"
"INC1080378","#69211664-Can't access the link for the training","Application Function Issue","70"
"INC1054195","#69196804-Don't have access to AskHR and AskIT","Access Authentication Failure","80"
"INC1128186","[OU] Access to GEP system","Access Grant Request","95"
"INC1061807","HQ Printer","Hardware","85"
"INC1104986","I`ve created the request (RITM0179986) but never got an answer so need to escalate it.","Service/Process Failure","70"
"INC1101846","Intranet Print Room: Access Request","Access Grant Request","90"
"INC1062102","LTA - Long term absence report - Iva Tustanovski--Please revoke Livelink  access","Access Revoke","95"
"INC1074550","LTA - Long term absence report - Nadezhda Litvac--Please revoke Livelink access","Access Revoke","95"
"INC1114133","Could you please help us with accessing & opening the attached files","Access Authentication Failure","85"
"INC1111102","[OU] cannot access DTM templates","Access Authentication Failure","90"
"INC1136794","[OU] Unable to access ProjectLink, Livelink, etc","Access Authentication Failure","95"
"INC1105033","OGC link - no access","Access Authentication Failure","90"
"INC1132979","[OU] Fw: Project OpID 54303_Access issues","Access Authentication Failure","80"
"INC1076147","access to DTM and Plink","Access Authentication Failure","85"
"INC1115929","LTA - Long term absence report - Symbat Kurmangaliyeva","Application Function Issue","70"
"INC1072220","Assistance copying files from SharePoint to Livelink","Access Grant Request","80"
"INC1071550","LTA - Long term absence report - Nevena Stevancevic--Please revoke Livelink access","Access Revoke","95"
"INC1082834","Can't upload docs on p-link","Application Function Issue","85"
"INC1118316","Access to the file under the link below: http://ldn1llw1/livelinkprod2/llisapi.dll/link/151570663","Access Grant Request","90"
"INC1076728","LTA - Long term absence report - Nadezhda Litvac--Please revoke livelink access","Access Revoke","95"
"INC1059840","DFF Framework Template Files in Project Link","Access Authentication Failure","80"
"INC1076754","LTA - Long term absence report - Indira Zankina--Please revoke Livelink access","Access Revoke","95"
"INC1103030","DTM Projectlink files inaccessible","Access Authentication Failure","85"
"INC1066630","DTM Banking - LiveLink Templates  - Word Document Issue","Application Function Issue","70"
"INC1080668","any of my livelink files does not work","Access Authentication Failure","75"
"INC1107561","LTA - Long term absence report - Dana Yeskendirova--Please revoke Livelink access","Access Revoke","95"
"INC1074178","[OU] Livelink","Access Authentication Failure","80"
"INC1071472","Copy docuemtns to 56320","Access Authentication Failure","90"
"INC1121045","[OU] Problem sign in SAP Concur","Access Authentication Failure","95"
"INC1140429","Cant login to the SAP Concur","Access Authentication Failure","95"
"INC1138747","unable to open and use SAP Concur app on  mobile.","Access Authentication Failure","95"
"INC1140065","Cant sign in to SAP Concur via mobile","Security Violation","95"
"INC1134212","Phishing email","Application Function Issue","70"
"INC1144573","SAP Concur","Application Function Issue","70"
"INC1139852","SAP Concur for your expenses","null","null"
"INC1139739","still receiving the notification emails from Concur Notification Email that there is outstanding cre","Application Function Issue","80"
"INC1144874","Unable to download SAP app","Access Authentication Failure","90"
"INC1124012","I am not able to log in SAP Concur app","Access Authentication Failure","95"
"INC1107110","Request assistance on SAP concur","Access Grant Request","85"
"INC1089971","SAP Concur","Application Function Issue","70"
"INC1098033","Credit card CBCP not assigned to employee","Employee Onboarding","80"
"INC1139909","Unable to login to ESS","Access Authentication Failure","90"
"INC1140989","Unable to logon to LT12058","Access Authentication Failure","95"
"INC1139416","Internet is down at WARSAW RO","Network","90"
"INC1123894","Cannot connect to VPN","VPN","95"
"INC1070257","No internet in ALMATY RO","Network","90"
"INC1123185","Cario RO wifi issue","Network","85"
"INC1139051","Network connectivity issues at Athens RO.","Network","90"
"INC1121565","broken laptop keyboard","Hardware","95"
"INC1109368","Checkpoint VPN stopped working for Ashgabat RO users","VPN","95"
"INC1119179","UPS: The battery is not installed properly.","Hardware","100"
"INC1144791","Network connectivity issue at Casablanca RO","Network","100"
"INC1119182","UPS: The battery is not installed properly.","Hardware","100"
"INC1108364","2 access points in Baku do not transmit signal","Hardware","100"
"INC1073707","Laptop wont charge","Hardware","100"
"INC1067727","Laptop wont start","Hardware","100"
"INC1113683","Multiple display not working","Hardware","100"
"INC1142471","Request for a mouse","Hardware","100"
"INC1060549","ATASVPN1 is Down (172.30.230.30) - Network is down at Almaty RO","Network","95"
"INC1140944","Issues with login","Access Authentication Failure","80"
"INC1136097","Network connectivity issues at BAKU RO","Network","90"
"INC1143797","My colleague, Asma Akremi, has been experiencing interruptions during their Teams calls. Could you k","Service/Process Failure","75"
"INC1114468","Intermittent Packets are getting dropped - Istanbul RO","Network","85"
"INC1143381","Internet is down at Pristina RO","Network","90"
"INC1140460","hello, we have VC Cisco which we received from satellite office. Now we need it to be connected to T","Hardware","80"
"INC1129517","dyu1ups1  battery replacement is required","Hardware","90"
"INC1143986","Issue with network connection","Network","95"
"INC1137892","Ws7628 is still running on Windows 10","Service/Process Failure","85"
"INC1137891","LT12276 is still running Windows10","Service/Process Failure","85"
"INC1120328","Internet is down at Cairo RO","Network","95"
"INC1125403","Network connection is unreliable","Network","90"
"INC1108893","URGENT: issue with laptop LT10676","Hardware","95"
"INC1061583","Network connectivity issue at Athens RO","Network","90"
"INC1137889","LT10560 is still running on Windows10","Hardware","90"
"INC1143791","My colleagues, Arij Neily and Asma Akremi, have been experiencing interruptions during their Teams c","Network","85"
"INC1143825","During meetings on Teams, the internet connection is frequently interrupted, which is impacting the ","Network","95"
"INC1119067","issue with iPhone","Hardware","80"
"INC1144760","User reports short battery life on her LT","Hardware","95"
"INC1119181","UPS: The battery is not installed properly.","Hardware","90"
"INC1070670","no Internet at Baku RO","Network","85"
"INC1071439","Issue with a web page","Application Function Issue","80"
"INC1143358","[OU] Internet slowness in Dushanbe RO","Network","85"
"INC1143325","Outlook crashes some times still","Application Function Issue","75"
"INC1114081","WAW1UPS1 battery  issue (10.239.248.201)","Hardware","90"
"INC1135672","my laptop is not charging! I've tested the charger and it works","Hardware","95"
"INC1119897","Caseback of a laptop is falling off resulting in issues with screen and trackpad","Hardware","95"
"INC1142875","Laptop wont charge","Hardware","95"
"INC1121374","laptop wont switch on","Hardware","95"
"INC1107203","outlook prompts for password","Password Reset","85"
"INC1102795","Access point in Budapest RO is offline","Network","90"
"INC1070929","Skopje RO site is down","Node/Device Down","90"
"INC1102134","account locked out","Access Authentication Failure","80"
"INC1120602","access point is not connecting client devices","Network","95"
"INC1117814","Issues with displays on the office desk","Hardware","90"
"INC1102132","account locked out","Access Authentication Failure","90"
"INC1102063","microsoft outlook does not save PDF files","Application Function Issue","85"
"INC1138139","TBLRVPN1.ebrd.com is Down (172.30.255.213)","Node/Device Down","95"
"INC1114235","headset stopped working","Hardware","90"
"INC1067961","request to connect a printer in HoO room","Access Grant Request","80"
"INC1083803","Required access to view reports and edit reports from below dashboard","Access Authentication Failure","80"
"INC1062837","cannot extend contract","Access Grant Request","70"
"INC1119421","I am trying to view the salary hedging rates via the article titled "Salary Hedging Rates" on AskHR ","Application Function Issue","90"
"INC1125568","Unable to access link","Access Authentication Failure","85"
"INC1053616","update on https://intranet.ebrd.com/metin-sehim#profile","Application Function Issue","75"
"INC1056349","Cannot open AskHR on intranet","Application Function Issue","95"
"INC1052846","#69196776-[OU] AskIT and AskHR not working","Application Function Issue","95"
"INC1085418","Additional fields to be added in reports","Application Function Issue","85"
"INC1057673","Audit survey: SUR0002488 -  I got a survey about asbestos and no feedback form:","Application Function Issue","90"
"INC1064606","Unhide the user in servicenow","Access Grant Request","90"
"INC1068595","Kindly activate user (SADYKM) Sadyk, Moldir in ServiceNow.","Access Grant Request","95"
"INC1130912","RITM0190821  - Please resend the approval for this request to Mircea Micu so, the request gets appro","Access Grant Request","95"
"INC1057449","Alkis Vryenios Drakinos can't receive approver emails from ask IT","Access Authentication Failure","85"
"INC1069002","Please reactivate user Mojca Grilc Ropret - 00012955 in ServiceNow","Access Grant Request","90"
"INC1103575","RE: [OU] URGENT: Exempt Vignette support letter does not appear in AskHR","Service/Process Failure","75"
"INC1124267","URGENT Set up of CCT Position Number","Access Grant Request","90"
"INC1067758","Cannot find staff members in search buttons for contract extensions","Application Function Issue","85"
"INC1057970","Unable to find user Turkmenoglu, Fatih in serviceNow","Application Function Issue","80"
"INC1060691","FW: [OU] RE: REMINDER  - Fosca D'Incau last working day: 31-01-2025","Service/Process Failure","75"
"INC1093397","User cannot generate Mortgage letter","Application Function Issue","90"
"INC1107405","I tried to update them last week, however we have 3 that are still pending for review and approval, ","Access Grant Request","60"
"INC1055677","Can't fill in a Joiner form for a colleague on a long-term special leave","Application Function Issue","95"
"INC1106044","I cannot access a link","Access Authentication Failure","85"
"INC1075940","Link not working/HR","Application Function Issue","80"
"INC1107095","UK Right to Rent Letter is not available in the Letters of Support Screen","Application Function Issue","90"
"INC1070771","Please reinstate Okulova, Tatyana (Fomenko, Tatiana ) in ServiceNow","Access Grant Request","90"
"INC1054297","Shakhzod Reyimberganov SAP ID - 00019779","Access Authentication Failure","75"
"INC1142285","Options are no longer available  in SNOW","Application Function Issue","85"
"INC1131548","Orkhon's comment: I just checked your edit icon and If you can raise an Incident on askIT stating th","Access Authentication Failure","70"
"INC1103564","Exempt support letter overseas cannot be generated - case HRC0079101","Employee Onboarding","80"
"INC1069816","i was assigned on ELSY a course for bankers. But I am on admin position. Why is that so?","Access Grant Request","65"
"INC1082288","Andrea McGlashan tried several times to add me as admin to LinkedIn Learning and I couldn’t have tha","Access Grant Request","85"
"INC1137601","[OU] Issue with ELSY","Application Function Issue","70"
"INC1109067","I can't open a reliable external website","Network","60"
"INC1104580","Internet is working slow at ASTANA RO when connected on LAN","Network","80"
"INC1103317","Urgent request, access to BPN","Access Authentication Failure","75"
"INC1061526","LTA - Long term absence report - Kamilla Mamatova","Employee Onboarding","90"
"INC1060320","Pease change city from Almaty to Astana for Zarina Smailova and Diyas Sakanov.","Access Grant Request","85"
"INC1144083","[OU] FW: Problem with task in MIS","Application Function Issue","90"
"INC1127573","Class12-4# on the new version of MIS I cannot update enterprise data on the previously existing ente","Application Function Issue","95"
"INC1143762","APP-3302 [OU] PRO-KAZ-2025-39647 MIS","Application Function Issue","80"
"INC1136819","APP-2901 error in generating grant agreement for PRO-KAZ-2025-39490","Application Function Issue","90"
"INC1143632","[OU] Problem with task in MIS","Application Function Issue","90"
"INC1129834","2#(C) New project - KPI data","Application Function Issue","80"
"INC1121488","CLASS 8 task reassign in MIS","Application Function Issue","70"
"INC1127045","CLASS 14 5# Project documents missing in new MIS and the project was approved by NPM PRO-KAZ-2025-51","Application Function Issue","90"
"INC1127803","2# CLASS 14 [OU] Disbursement task disappeared  PRO-KAZ-2025-7536428","Application Function Issue","85"
"INC1144113","APP-3397 Enterprise data updates unavailable - data entered by previous colleague is invalid.","Application Function Issue","95"
"INC1130816","2# Error message in conception Project GT DARMED: DEVELOPMENT OF INTEGRATED MULTI-FUNCTIONAL ONLINE ","Application Function Issue","85"
"INC1138329","GA generation task in MIS","Application Function Issue","75"
"INC1132761","APP-2999 - 2# project ID not assigned","Application Function Issue","90"
"INC1135510","MDA-KAZ-2023-1613272617status in the system remains "ongoing"hence the MDA was completed. No tasks a","Service/Process Failure","65"
"INC1127937","CLASS 14 5# TORs and competitive offers missing in MIS","Application Function Issue","80"
"INC1137593","APP-3312 [OU] Start date of the project in MIS","Application Function Issue","85"
"INC1058317","[OU] Laptop touchpad not working","Hardware","90"
"INC1117789","Problem with earphones (home equipment)","Hardware","80"
"INC1120111","Access to external cloud - RITM0186324/TASK2392118","Access Authentication Failure","75"
"INC1128500","LT12362 - End User Unable to Connect to LAN Cable in Astana Resident Office","Network","85"
"INC1107895","Ido not have any sim service on my phone","Service/Process Failure","70"
"INC1134462","Unable to remove iphone passcode","Password Reset","90"
"INC1092708","LT12362 - End User Unable to Connect to LAN Cable in Astana Resident Office","Network","95"
"INC1134947","D60 and D61  ports are  not working in Astana, slow WIFI in Director's room","Network","90"
"INC1116081","New laptop setup","Hardware","85"
"INC1062105","LTA - Long term absence report - Kamilla Mamatova---Please revoke J drive access","Access Revoke","95"
"INC1106941","BitLocker is not enabled","Security Violation","80"
"INC1068928","#69203668-INC1056315 - Issue with external website","Web Security","85"
"INC1072509","Incorrect Financial Approver sourced","Security Violation","85"
"INC1130483","unable to log-in to eFront app","Access Authentication Failure","95"
"INC1088747","Passwords to be changed","Password Reset","90"
"INC1072505","Activate the account","Access Grant Request","80"
"INC1127792","No access to Opentext platform (Safekeeping)","Access Authentication Failure","85"
"INC1134921","[OU] D67 port is not working in Astana, slow WIFI in Damo room Nura","Network","90"
"INC1080382","LAN cable is not working on my place","Hardware","85"
"INC1129843","Unable to access the EBRD WiFi.","Network","95"
"INC1111189","RO wifi not working","Network","90"
"INC1121259","[OU]  Diyas Sakanov HSBC 976750claim May-June 2025","Application Function Issue","85"
"INC1076634","Issue with accessing SuccessFactors","Application Function Issue","80"
"INC1073780","[OU] bit locker recovery  INC","Hardware","95"
"INC1115946","Issue accessing emails in Outlook","Application Function Issue","90"
"INC1120838","Download Files from https://drive.google.com/drive/folders/1IdBV6aA6HELAaK7jDEqyeu_SzsLdMGQl?usp=dri","Access Authentication Failure","70"
"INC1127024","LT12353 - Bit locker recovery key","Hardware","95"
"INC1125689","Issue connecting to VPN","VPN","95"
"INC1121396","Account locked out issue","Access Authentication Failure","90"
"INC1119018","RITM0188454 - Approve from backend","Access Grant Request","85"
"INC1117186","Account Unlock AD","Access Authentication Failure","90"
"INC1121440","Please unblock user @karymsat","Access Grant Request","85"
"INC1121544","user account has been blocked @dikhanbs","Access Authentication Failure","90"
"INC1121377","Urgent cant access my account","Access Authentication Failure","80"
"INC1117169","[OU] Problem with earphones detecting","Hardware","70"
"INC1121811","LT12368  is blocked","Access Authentication Failure","90"
"INC1119050","I cannot connect to EBRD Wi-Fi in Astana RO","Network","90"
"INC1121895","Getting popups even after entering the password","Access Authentication Failure","85"
"INC1133533","Please download and share the files with me","Access Grant Request","70"
"INC1115502","I have a shared calendar on Outlook, but I cannot create a new event or meeting, when I right-click ","Application Function Issue","95"
"INC1125809","Attachments blocked","Security Violation","80"
"INC1122641","Urgent / Connecting to Microsoft account issue","Access Authentication Failure","85"
"INC1123811","bit locker recovery key","Password Reset","95"
"INC1123820","[OU]  Bit locker recovery","Password Reset","90"
"INC1122966","Account Unlock AD","Access Authentication Failure","85"
"INC1124601","Unlock the link","Access Authentication Failure","80"
"INC1124773","Every time I open / use the MS Teams and Word, a "help" window pops up and won't close. It keeps app","Application Function Issue","90"
"INC1129614","Please unlock account","Access Authentication Failure","85"
"INC1129836","Business applications setup on a new mobile device","Employee Onboarding","75"
"INC1128703","Documents are not being sent to print. Also, the browser closes by itself.","Application Function Issue","85"
"INC1139872","BitLocker","Security Violation","90"
"INC1128255","[OU] problem accessing Selfservice – Make a leave request page","Application Function Issue","80"
"INC1143630","[OU] Bit locker recovery key, Anar Nurbayeva","Security Violation","95"
"INC1139728","Create BitLocker for a new joiner Ainur Idrissova","Employee Onboarding","85"
"INC1134411","Printers are not displayed","Hardware","75"
"INC1134379","bitlocker recovery","Security Violation","90"
"INC1134381","Bit locker recovery key","Password Reset","95"
"INC1134949","portD99 is not working Astana RO","Application Function Issue","85"
"INC1138886","Account locked Out","Access Authentication Failure","90"
"INC1138887","Password Reset - LT14116","Password Reset","95"
"INC1138815","URGENT: cannot reset password.","Password Reset","90"
"INC1096076","LT12340  - Password error","Password Reset","85"
"INC1077492","Missing I-Drive network","Network","80"
"INC1066377","FW: Files attached to a message triggered a policy","Security Violation","90"
"INC1092705","Constantly disconnecting of my personal iPhone from EBRD Wi-Fi","Network","95"
"INC1106258","Bit locker recovery  key","Access Authentication Failure","85"
"INC1103279","Access to Self Service (Manager role)","Access Grant Request","90"
"INC1110055","Adope error","Application Function Issue","80"
"INC1106785","M365 MS Authenticator","Security Violation","75"
"INC1074775","Request to update/ activate my account in Aruba and grant access to EBRD Wi-Fi as the Bank Employee","Access Grant Request","95"
"INC1065936","RE:  [OU] FW: FISHING e-mail!    RE: Sorry, your email request has not been successful – Please read","Security Violation","85"
"INC1062295","Issue with external website","Web Security","70"
"INC1071161","emails cannot be senton Outlook","Application Function Issue","90"
"INC1063739","wifi not working on IOS device","Network","80"
"INC1054084","RUSLAN BATULIN's issue with laptop / RO driver","Hardware","75"
"INC1094938","windows error","Service/Process Failure","80"
"INC1060110","Hello! could you please add my e-mail to subscription to NewslineKazakhstan@ebrd.com, news@newsline.","Access Grant Request","95"
"INC1054081","Network issue LAN cable is not available","Network","90"
"INC1054020","Changed mobile phone and need assistance with authenticator set up.","Access Authentication Failure","85"
"INC1057420","Phishing Email","Security Violation","95"
"INC1073583","[OU] bit locker recovery","Hardware","80"
"INC1054055","Office EBRD wifi is not connecting to my office computer.","Network","90"
"INC1090218","Acess to sharepoint for external","Access Authentication Failure","85"
"INC1056133","[OU] BIT locker recovery","Password Reset","90"
"INC1108358","Frequent bit locker recovery key issue","Password Reset","80"
"INC1062071","WiFi in RO","Network","75"
"INC1096097","URGEENT!!! Issue with Reaching Merey Duzbayeva via Teams – Request for Investigation","Service/Process Failure","85"
"INC1104896","VPN access and add iphone to EBRD system","VPN","90"
"INC1106283","account is locked","Access Authentication Failure","95"
"INC1090109","not able to login to EBRD wifi","Network","80"
"INC1055841","Hello! could you please add my e-mail to subscription to NewslineKazakhstan@ebrd.com, news@newsline.","Access Grant Request","95"
"INC1113267","[OU] Please provide recovery bitlocker Key for the LT 12361","Hardware","90"
"INC1068824","Re: [OU] Fw: Recovery","Access Authentication Failure","80"
"INC1055870","Laptop's touch pad is not working","Hardware","95"
"INC1106261","Teams, outlook downlands","Application Function Issue","85"
"INC1101417","Internet speed on EBRD laptop","Network","85"
"INC1080385","No access to Intranet via RO wifi","Network","90"
"INC1066353","Account locked","Access Authentication Failure","95"
"INC1056315","#69197246-Issue with external website","Access Authentication Failure","85"
"INC1144717","[OU] Bit locker recovery key, Anar Nurbayeva","Hardware","90"
"INC1108381","Bitlocker recovery key","Hardware","90"
"INC1118863","Laptop requests Secure Boot","Access Grant Request","80"
"INC1113187","[OU] senchugy - account locked","Access Authentication Failure","85"
"INC1067991","Need access to external website only to download file","Access Grant Request","75"
"INC1069802","[OU] Web-site blcoked","Network","70"
"INC1102656","Astana RO - printers","Hardware","90"
"INC1106775","Assistance Required for New Employee Diara","Employee Onboarding","85"
"INC1075336","Request to regain access to Astana RO's J: drive","Access Grant Request","95"
"INC1104556","Astana RO: Internet speed","Network","80"
"INC1105367","please add Aida Rysbekova to NewslineKazakhstan@ebrd.com distribution list","DL creation","95"
"INC1054541","[OU] copilot M365 pilot group","Application Function Issue","70"
"INC1061615","I have changed the mobile device, and now I can't log in to Outlook on my phone.","Access Authentication Failure","85"
"INC1106776","MS teams error","Application Function Issue","90"
"INC1074955","slow internet in the office/ LAN and Wifi at Astana RO","Network","85"
"INC1097541","Wetransfer is blocked","Security Violation","80"
"INC1056130","Regarding bitlocker email received.","Application Function Issue","75"
"INC1054013","[OU] Fw: bit locker recovery","Application Function Issue","70"
"INC1071034","[OU] Internet speed on EBRD laptop","Hardware","95"
"INC1058572","Touchpad not working","Access Authentication Failure","85"
"INC1056144","Microsoft 365 Copilot Access.","Service/Process Failure","70"
"INC1140659","[OU] URGENT! Co-pilot issue","Access Authentication Failure","80"
"INC1065829","Files attached to a message triggered a policy","Security Violation","90"
"INC1110181","[OU] Adobe Acrobat","Application Function Issue","80"
"INC1054207","Email release from irene_pl_ng@sg.smbc.co.jp","Service/Process Failure","70"
"INC1059344","Request to blacklist email address:  ##EMAILADDRESS##","Access Revoke","85"
"INC1124780","Message could not be delivered","Service/Process Failure","80"
"INC1104903","Add iphone to EBRD system","Employee Onboarding","75"
"INC1061617","Phone not working","Hardware","85"
"INC1120185","Unable to sign in","Access Authentication Failure","80"
"INC1071655","#69207349-slow internet in the office/ LAN cable at Astana RO","Network","90"
"INC1107605","Uploading photo of Diara Gazezova in Intranet","Application Function Issue","85"
"INC1076311","Profile photo update","Application Function Issue","85"
"INC1060326","Job title error","Application Function Issue","90"
"INC1128497","Upload Photo - Gazezova Diara SAP 20244","Application Function Issue","85"
"INC1114498","Please add moved team members to Astana RO at Intranet web page","Web Security","75"
"INC1140052","Ainur Idrissova  -  Photo","Application Function Issue","80"
"INC1113342","RE: [OU] FW: uploading photo of Diara Gazezova in Intranet","Application Function Issue","80"
"INC1123847","Can't open PDF files in Acrobat","Application Function Issue","90"
"INC1132667","End user Edge browser keeps crashing frequently","Hardware","85"
"INC1116660","Time zone change in the Meeting rooms","Service/Process Failure","75"
"INC1111247","i don't have the dial panel in my teams. It is inactive","Hardware","95"
"INC1139725","Dialpad is not working on my phone Yealink","Hardware","90"
"INC1073084","Receptions' yealink phone is note working","null","null"
"INC1108805","Time zone changing at Astana Yealink system  meeting rooms","Hardware","80"
"INC1136893","Pairing Yealink with host","Hardware","70"
"INC1135179","Time to time we face issues with sounds and connection at conference rooms. Guidance on how to use e","Application Function Issue","60"
"INC1123147","Problem with telephone number dialling in teams","Application Function Issue","70"
"INC1140587","Changing time zone on meeting room","Hardware","85"
"INC1144817","[OU] Problem with generating IQ Monarch questionnaire","Service/Process Failure","50"
"INC1100288","Access to IQ in Monarch","Access Authentication Failure","80"
"INC1062669","#69199814-INC1056315 - Issue with external website","Application Function Issue","90"
"INC1062108","LTA - Long term absence report - Kamilla Mamatova--Please revoke Livelink access","Access Revoke","95"
"INC1062562","Satellite Phones","Hardware","85"
"INC1060534","[OU] No internet access / Astana RO","Network","90"
"INC1125401","Please reactivate user Leili Kokh - 00010156 in ServiceNow","Access Grant Request","95"
