Number,Short Description,AI Generated Category,Confidence Score
"INC4079549","Uninstall Autocad from my system","Application Function Issue","85"
"INC4079526","User called for shared drive issue and it got fixed itself over the call","Application Function Issue","90"
"INC4079405","Bitlocker recovery key","Security Violation","75"
"INC4079316","The employee's name is not correct on Teams","Employee Onboarding","80"
"INC4079070","Atkins is not letting me access teams on my phone or login to my apple id","Access Authentication Failure","95"
"INC4078935","Install local printer","Hardware","80"
"INC4078901","Access to BOX Lost","Access Authentication Failure","90"
"INC4078835","An external person requested access to internal tool (which is sitting on Sharepoint). I want to und","Access Grant Request","95"
"INC4078766","Unable to login on my mobile apps","Access Authentication Failure","85"
"INC4078667","US Timesheet Rejected","Application Function Issue","90"
"INC4078624","pdf drawings doesnt open properly","Application Function Issue","80"
"INC4078585","Micro soft outlook is not working","Application Function Issue","90"
"INC4078536","External Monitors not working","Hardware","85"
"INC4078403","System Hard disc full capacity, need network drive to store data","Network","75"
"INC4078398","need a access to edit and view the sharepoint","Access Grant Request","85"
"INC4078312","Customer Site earlier it was working to us but not working now -  While login into the site getting ","Application Function Issue","75"
"INC4078311","I am not able to access the Oracle","Access Authentication Failure","80"
"INC4078104","monitor is not working","Hardware","90"
"INC4078089","Zscaler is not connected.","Password Reset","95"
"INC4078078","need to reset my email within the authentication app and i had to change phones and redownload the a","null","null"
"INC4078077","Can`t print","Hardware","90"
"INC4078045","Keyboard missing","Hardware","95"
"INC4078014","Issue with sentinel key. CDEGS software is not working","Application Function Issue","85"
"INC4077945","Unable to access concur site","Access Authentication Failure","80"
"INC4077915","user called for bit locket recovery key","Password Reset","75"
"INC4077695","Concur reports applicable policy","Access Authentication Failure","70"
"INC4077464","Unable to Sign into Work Profile on Phone","Access Authentication Failure","85"
"INC4077263","Unable to open local drive file","Hardware","90"
"INC4076923","I cannot open excel files","Application Function Issue","90"
"INC4076817","Missing ProjectWise Explorer Client Licence","Access Grant Request","85"
"INC4076803","[TO BE INSTALLED YET] Bentley ProjectWise Explorer CONNECT 10.00.03 (10.00.03.453) - GLOBAL // NETWO","Hardware","75"
"INC4076793","local printer has not been working for 2 weeks now though it has been reported many times before","Hardware","95"
"INC4076790","I requested ProjectWise Explorer 2024 because I have a new laptop, it was approved by my Manager but","Access Grant Request","80"
"INC4076767","New Cross Printer  Port: 192.168.10.10 showing offline","Network","90"
"INC4076759","User called for Request catalogue","Access Grant Request","85"
"INC4076742","Linxon UK time sheet access request","Access Grant Request","85"
"INC4076724","Oracle password reset","Password Reset","95"
"INC4076716","I try to open any One Drive or sharepoint document and it says  "Make sure OneDrive - AtkinsRealis i","Application Function Issue","80"
"INC4076694","Laptop issues - Slow initial starting when switching it on, Excel files not working all the time, re","Hardware","90"
"INC4076453","EcoOnline not working on my work phone...","Application Function Issue","95"
"INC4076303","Uninstall templafy","Access Grant Request","85"
"INC4076164","To whom it may concern, would you please give me a 'Docusign eSignatures - Free Electronic Signature","Access Authentication Failure","90"
"INC4076128","Windows need your current credentials error","Access Authentication Failure","80"
"INC4076065","Not able to invite colleague to teams, Vincent Tunn","Access Grant Request","75"
"INC4076064","Can't be able to create a Work Profile in Company Portal for Mobile Access.","Access Authentication Failure","85"
"INC4076017","Guests cannot access SharePoint page","Access Authentication Failure","95"
"INC4076006","CSI SAFE LICENSE ISSUE","Application Function Issue","90"
"INC4076004","Elana can not login","Access Authentication Failure","95"
"INC4075863","Main printer on site Bengeworth Office/London is OFFLINE","Hardware","90"
"INC4075850","unable to scan the print","Application Function Issue","85"
"INC4075823","Unable to request for TEAMS Meeting","Application Function Issue","80"
"INC4075815","Printer connection does not work any longer","Hardware","90"
"INC4075800","My INS account is locked","Access Authentication Failure","95"
"INC4075759","3rd floor Printer Access","Hardware","90"
"INC4075724","Sharepoint is not working","Application Function Issue","85"
"INC4075720","Most of the time the files in Sharepoint are sync pending and not able to open and use and also old ","Application Function Issue","80"
"INC4075641","Wrong workday ID","Access Authentication Failure","75"
"INC4075550","Couldn't set up work profile while installing teams in Mobile.","Application Function Issue","70"
"INC4075547","Dear Sir/Madam, Would you kindly fix our printer in our office, which is regularly stopping to print","Hardware","85"
"INC4075540","Couldn't access SAP BO and Kofax while doing work from home","Network","80"
"INC4075524","Problem with connecting the screens","Hardware","90"
"INC4075451","User logged out","Access Authentication Failure","70"
"INC4075446","Microsoft 365 Apps for Enterprise Installation","Application Function Issue","85"
"INC4075436","The keys in laptop is not working.","Hardware","95"
"INC4075428","Outlook ask for access to location","Security Violation","60"
"INC4075426","Driver for the printer","Hardware","95"
"INC4075422","Driver for the printer","Hardware","95"
"INC4075421","Driver for the printer on site","Hardware","90"
"INC4075407","The laptop’s default speaker is not working.","Application Function Issue","85"
"INC4075374","Microsoft 365 login not working","Access Authentication Failure","80"
"INC4075350","Employee's name is not transcribed properly in the email","Security Violation","75"
"INC4075332","Software -reg.","Access Grant Request","95"
"INC4075138",""Anydesk" software download permission required for gate pass application.","Password Reset","95"
"INC4075094","password reset for the ace account","null","null"
"INC4075088","user need the recovery key","Password Reset","80"
"INC4074908","Im not receiving email from noreply@sendit.cdsreg.com","Application Function Issue","70"
"INC4074766","Autodesk Forma trial was unintentionally triggered during project setup. Requirement for Forma is ye","Application Function Issue","60"
"INC4074537","Incident REQ2409399 - External collaboration with Microsoft Teams (Teams Federation) [Global] was cl","Service/Process Failure","50"
"INC4074362","Microsoft Excel- Not able to use specific files due to the attached error","Application Function Issue","90"
"INC4074316","Unable to login Kofax Markview","Access Authentication Failure","95"
"INC4074302","Please activate the license for CDGES software in my PC which is installed newly.","Access Grant Request","90"
"INC4074236","Outlook issue - Not working correctly","Application Function Issue","85"
"INC4074224","Unable to install CDGES software in my PC","Access Grant Request","80"
"INC4074222","In 10th floor hp plotter not connecting","Hardware","90"
"INC4074187","Unable to download ZIP file","Application Function Issue","75"
"INC4074177","I requested to download a software and it was approved but the software is not installed yet. Reques","Access Grant Request","80"
"INC4074162","connection to printer in Hinkley Point office-1st message send on 14/04","Hardware","70"
"INC4074095","Elmaster does not work, a message will appear about missing server","Application Function Issue","90"
"INC4074060","Bluescreen error","Service/Process Failure","85"
"INC4074029","Need to add 4th floor printer","Hardware","75"
"INC4074027","cymcap software is not working","Application Function Issue","95"
"INC4073989","TEAMS Add ins not working for Meeting invites","Application Function Issue","90"
"INC4073969","laptop delete button does not work","Hardware","95"
"INC4073956","CDEGS software is not working","Application Function Issue","85"
"INC4073831","MFA reset- Unable to access MFA where changed the phone and don't have the old phone","Password Reset","80"
"INC4073704","I need Microsoft Project installed on my PC","Access Grant Request","75"
"INC4073633","need to add Printer 3rd floor","Hardware","90"
"INC4073629","Printer need to add 3rd  floor","Hardware","90"
"INC4073619","Need to 3rd floor printer","Hardware","80"
"INC4073537","OS disk fill notification came. Need support to remove un used document links and apps from laptop.","Application Function Issue","70"
"INC4073513","User needs the new version of application","Application Function Issue","85"
"INC4073472","Unlock request for email id","Access Grant Request","90"
"INC4073362","Bit locker Recovery","Security Violation","75"
"INC4073200","Unable to save file to internal Sharepoint","Service/Process Failure","80"
"INC4073189","Share point syncing issue","Service/Process Failure","85"
"INC4073128","headphone is not working properly","Hardware","95"
"INC4073093","Installed Think-cell, asking for License key","Access Grant Request","85"
"INC4073081","Autocad Raster installation not done","Application Function Issue","90"
"INC4073047","unable to access system","Access Authentication Failure","90"
"INC4072863","My APP account is expiring","Application Function Issue","80"
"INC4072668","My INS account has been locked. SHARP28INS","Access Authentication Failure","95"
"INC4072534","The Teams and outlook application keeps on closing and opening","Application Function Issue","90"
"INC4072521","Zscaler Private Access - Service Status is disabled","Service/Process Failure","95"
"INC4072424","CDEGS license key is not working","Application Function Issue","90"
"INC4072361","New Joiner / Mobile is not on Teams","Employee Onboarding","85"
"INC4072294","Ghost call","Security Violation","80"
"INC4072066","Vulnerable Software  Removal Required - .net - 6.0.14.0","Security Violation","80"
"INC4072031","INCHE1704789: I reimaged the device four days ago; however, I am currently unable to elevate privile","Hardware","75"
"INC4071835","Vulnerable Software  Removal Required - .net - 6.0.14.0","Security Violation","95"
"INC4071833","Monitor issue","Hardware","90"
"INC4071795","Needs to change the time in the system","Application Function Issue","85"
"INC4071788","My INS account is locked","Access Authentication Failure","95"
"INC4071721","Not hearing voice in Head Set","Hardware","90"
"INC4071699","Few Keys are not working and down arrow key stuck issue.","Hardware","90"
"INC4071670","Account Lockout","Access Authentication Failure","95"
"INC4071646","Kofax login issue","Application Function Issue","80"
"INC4071589","Lagging computer & Windows button not responding","Hardware","85"
"INC4071571","Blue Screen Error","Application Function Issue","80"
"INC4071503","Need to configure the printer at 3rd floor for my laptop","Hardware","75"
"INC4071485","At my Desk ,Desktop connections are not working","Hardware","90"
"INC4071483","Password reset for Monica","Password Reset","95"
"INC4071476",""Delete" key not working properly for my laptop","Hardware","80"
"INC4071429","ETAP is not working","Application Function Issue","70"
"INC4071310","my hr","Security Violation","60"
"INC4071115","Linxon Phoenix Printer driver install","Hardware","90"
"INC4071016","Need assistance downloading the Linxon Apps to my new activated phone","Access Grant Request","85"
"INC4070901","Oracle won't let me sign in to submit timesheets","Access Authentication Failure","95"
"INC4070815","MS TEAMS ERROR","Application Function Issue","80"
"INC4070587","USB-C connection ports on laptop are not functioning","Hardware","95"
"INC4070487","Issue accessing Microsoft project","Access Authentication Failure","85"
"INC4070461","can not log on to PC","Access Authentication Failure","90"
"INC4070438","i want to uninstall ETABS software of Atkin's and needs to be reinstalled the same ETABS software fo","Application Function Issue","95"
"INC4070427","Need to reset the password as the password not working","Password Reset","90"
"INC4070416","I can't connect to the printer within the office, in Raleigh, NC USA","Hardware","85"
"INC4070147","Printer not working, appears to be offline","Hardware","80"
"INC4070091","logged into a teams all. can't hear anyone and also can't open my video.","Application Function Issue","85"
"INC4070080","I do not have access to Concur Expense","Access Authentication Failure","95"
"INC4070072","Safe License usage tool failed to install, please do the needful","Application Function Issue","90"
"INC4070045","C Type ports not working","Hardware","85"
"INC4069990","PIN and face id not working for my laptop, only able to sign in using Password","Hardware","80"
"INC4069984","Web Cam Not Working","Hardware","90"
"INC4069947","Unable to access the external clients chat in the teams channel","Application Function Issue","85"
"INC4069915","unable to access  external device","Network","80"
"INC4069909","SAFE software installation issue","Application Function Issue","75"
"INC4069688","Unable to update Oracle files in Excel","Application Function Issue","70"
"INC4069610","Unable to login","Access Authentication Failure","85"
"INC4069600","Unable to connect to the monitors","Hardware","90"
"INC4069493","Send This File will not open","Application Function Issue","70"
"INC4069388","Unable to connect to office printer","Hardware","85"
"INC4069171","Require credential for CITRIX and BATCHMANAGER","Access Authentication Failure","80"
"INC4069155","Password reset for learning portal and domain","Password Reset","100"
"INC4069154","Password reset and account unblock","Password Reset","100"
"INC4069111","Unable to access Outlook, Account disabled","Access Authentication Failure","100"
"INC4069096","SLI Account has been disabled","Access Authentication Failure","100"
"INC4069051","Mobile change Login Authenticator issue","Access Authentication Failure","80"
"INC4069047","Not able access the shared folder","Application Function Issue","80"
"INC4069022","Unable to connect with 3rd party companies (Linxon direct suppliers/Sub-contractors) whereas earlier","Network","85"
"INC4068950","Unable to login CITRIX","Access Authentication Failure","90"
"INC4068907","Need to change the monitor place (Seat) from 346 to 347","Hardware","95"
"INC4068862","PC Locked out","Access Authentication Failure","90"
"INC4068814","CDEGS - Sentinel Keys","Security Violation","80"
"INC4068755","powerfactory not working","Application Function Issue","90"
"INC4068712","FOXIT PDF application password prompt","Password Reset","95"
"INC4068581","Unable to connect to printer","Hardware","80"
"INC4068573","Foxit not working","Application Function Issue","75"
"INC4068458","I am unable to create connection with Oracle EBS to upload JEs","Application Function Issue","85"
"INC4068398","Unable to print PDF documents, Foxit stops responding","Service/Process Failure","90"
"INC4068344","set up Z: Drive","Access Grant Request","95"
"INC4068333","Unable to login","Access Authentication Failure","90"
"INC4068023","CE+ Vulnerable Software Upgrade or Removal Required -Altiris Inventory Agent - 8.1.6288.0","Security Violation","95"
"INC4068015","Unable to access mapped network drives on new machine","Access Authentication Failure","95"
"INC4068000","CE+ Vulnerable Software Upgrade or Removal Required -Altiris Inventory Agent - 8.1.6288.0","Security Violation","90"
"INC4067892","Laptop speaker is not working","Hardware","90"
"INC4067864","Unable to login workday","Access Authentication Failure","95"
"INC4067660","Account lockout","Access Authentication Failure","95"
"INC4067525","New hire login issue | password issue","Employee Onboarding","85"
"INC4067356","Unable to login Microsoft Teams, outlook.","Access Authentication Failure","95"
"INC4067264","Line Manager Name Change for Timesheet Leave Approval","Access Grant Request","90"
"INC4067258","Need to add printer","Hardware","85"
"INC4067198","Kindly enable AgcCls concurrent license access through Windows Defender Firewall","Access Grant Request","80"
"INC4067120","Timesheet booking","Application Function Issue","75"
"INC4067087","Need to install foxit because it is not working","Hardware","95"
"INC4067017","Account lock","Access Authentication Failure","95"
"INC4067013","Employee locked out from her account","Access Authentication Failure","95"
"INC4066999","DESKTOP C CABLE NOT WORKING","Hardware","95"
"INC4066997","Need mark view access for new user","Access Grant Request","95"
"INC4066845","Think cell is in the software center but not activated in Power Point.","Application Function Issue","85"
"INC4066822","LAN is not working","Network","90"
"INC4066820","Need to add printer in my device","Hardware","90"
"INC4066621","Need to access workday training","Access Authentication Failure","80"
"INC4066508","Unable to login to user account as that says locked MORRP8","Password Reset","75"
"INC4066384","external monitor not connecting","Hardware","90"
"INC4066364","I need access to Americas@linxon.com for IEEE bounce emails etc.","Access Authentication Failure","85"
"INC4066310","Download Blockage","Access Grant Request","90"
"INC4066299","Unable to access Americas.linxon.com even after approval","Access Authentication Failure","75"
"INC4066242","Not able to send TEAMS meeting request","Application Function Issue","95"
"INC4066140","Please give me Copilot Pro","Access Grant Request","80"
"INC4066021","Zscaler Issue","Network","85"
"INC4065911","Unable to install ETAP software","Application Function Issue","90"
"INC4065798","Mouse is not working","Hardware","95"
"INC4065594","Need to sync onedrive","Access Revoke","95"
"INC4065593","With Reference to Incident RITM5504342 - ACC Member License has been revoked","Application Function Issue","85"
"INC4065551","Pop-Up Blocker","Hardware","90"
"INC4065525","System restart issue","Network","80"
"INC4065484","Headphones not working","Hardware","90"
"INC4065465","Dialux evo pro installation","Application Function Issue","85"
"INC4065269","Account Lockout","Access Authentication Failure","95"
"INC4065071","issue with mobile apps connectivity","Network","80"
"INC4065054","User is facing issue in checking the connectivity check on mobile device.","Network","80"
"INC4064841","User account is locked unable to login to the machine.","Access Authentication Failure","90"
"INC4064676","License request for FebDok","Access Grant Request","85"
"INC4064664","One Drive Sync Issues","Application Function Issue","75"
"INC4064631","Unable to login teams and outlook in Mobile","Access Authentication Failure","95"
"INC4064597","Client Portal Access","Access Grant Request","70"
"INC4064573","delay in opining excel files","Service/Process Failure","60"
"INC4064568","VAT Return Saudi issue","Security Violation","50"
"INC4064490","Time Sheet not moving to his Line Manager for approval","Application Function Issue","95"
"INC4064454","I cannot use my Foxit PDF Editor","Application Function Issue","95"
"INC4064444","OneDrive isn't connected so the files are not opening in the system","Access Authentication Failure","85"
"INC4064352","I need access Kheops","Access Grant Request","90"
"INC4064255","Microsoft Teams - Unable to chat with people outside the organization and they are unable to chat wi","Application Function Issue","90"
"INC4064254","Mouse Not Working","Hardware","95"
"INC4064153","Microsoft authenticator app not working, please help to reset so i can use teams and outllook on mob","Password Reset","95"
"INC4064045","Access to Linxon@americas.com","Access Grant Request","85"
"INC4064040","Account Needs to be Re-Enabled - MORRP8","Access Authentication Failure","90"
"INC4063934","office timeline pro log in issue - screenshot attached","Application Function Issue","80"
"INC4063864","User account has been disabled","Access Authentication Failure","95"
"INC4063634","Microsoft Authenticator - Reset","Password Reset","95"
"INC4063625","When I try to open and edit a Visio file, the system does not allow me to do so, and I receive an er","Application Function Issue","85"
"INC4063528","when I open outlook to draft  new mail or open any old mails","Application Function Issue","75"
"INC4063483","User need to refill the ink in office Printer","Hardware","90"
"INC4063465","Printer configuration for 3rd floor in my laptop","Hardware","80"
"INC4063434","Unable to extend monitors","Hardware","95"
"INC4063294","with reference to the incident INC4049795, still i am facing an issue to reach out the to AS design ","Application Function Issue","80"
"INC4063288","Can not log onto Oracle","Access Authentication Failure","90"
"INC4063025","Outlook not working properly","Application Function Issue","85"
"INC4062910","New pop of uniFlow Oline","Application Function Issue","75"
"INC4062847","Issues with multiple monitors","Hardware","95"
"INC4062821","mouse not working","Network","85"
"INC4062764","WIFI devices are not working at INFAR1 location","null","null"
"INC4062760","V3I recently changed my name in Outlook. After that, I am unable to book timesheets. And this error ","Application Function Issue","85"
"INC4062734","Unable to run macro file in Excel","Application Function Issue","90"
"INC4062714","Mouse not working","Hardware","95"
"INC4062653","Type C cable not working to extend the monitor","Hardware","90"
"INC4062390","My service account svc_analytics@atkinsrealis.com has been deactivated suddenly","Service/Process Failure","80"
"INC4062339","Workday not working","Service/Process Failure","85"
"INC4062276","Account due to be disabled","Access Revoke","95"
"INC4061904","PowerPoint won't open my power point files - files open on other computers -software has issues","Application Function Issue","90"
"INC4061849","I can't update my time sheet (Zscaler Authentication Required). I can't receive any indication email","Access Authentication Failure","85"
"INC4061828","Admin approval for using Microsoft office Time line","Access Grant Request","80"
"INC4061735","Authentication app not working my mobile","Access Authentication Failure","90"
"INC4061496","2026 objectives appearing under "Other" category on workday","Application Function Issue","85"
"INC4061436","SAP BO Access","Access Authentication Failure","70"
"INC4061288","Macros enabling","Application Function Issue","80"
"INC4061276","Timesheet Approval - Reg.","Access Grant Request","90"
"INC4061174","REQ2400057 says completed but the website is still not opening","Application Function Issue","95"
"INC4060923","Email address added to Linxon's SharePoint","Access Authentication Failure","65"
"INC4060847","Unable to open oracle reports","Application Function Issue","90"
"INC4060456","just need to confirm all working ok.","Service/Process Failure","50"
"INC4060273","I need a docusign access","Access Authentication Failure","85"
"INC4060145","Camera is "blocked" during video calls","Application Function Issue","90"
"INC4060047","Unable to send text message to external User","Application Function Issue","80"
"INC4059948","Photo Moved to Archive","Application Function Issue","75"
"INC4059946","System is not working properly, restart on every log in attemp","Hardware","95"
"INC4059926","Laptop Adapter Issue","Hardware","90"
"INC4059863","Unable to call or chat with externals thru Teams","Application Function Issue","85"
"INC4059795","Admin password prompt while opening FOXIT PDF","Password Reset","85"
"INC4059417","Access to contact external parties through Teams is locked.","Access Authentication Failure","90"
"INC4059184","** Urgent Email migration completed, but old mailbox access removed before new americas@linxon.com a","Access Revoke","75"
"INC4059098","To reimage OS","Hardware","80"
"INC4058956","Not able to chat with external persons otherthan Linxon.My lead engineer is consultant not able to p","Access Authentication Failure","85"
"INC4058805","Voiso for international supplier calls","Application Function Issue","80"
"INC4058735","Unable chat with external users","Application Function Issue","85"
"INC4058592","laptop display does not extend to External Monitor","Hardware","90"
"INC4058566","Laptop speaker and mic is not working","Hardware","95"
"INC4058564","MS Outlook Hangs frequently","Service/Process Failure","85"
"INC4058556","Authentication Issue","Access Authentication Failure","90"
"INC4058540","Teams app issue in my mobile.","Application Function Issue","80"
"INC4058090","Hello, I am trying to open documents in Projectwise wish are in Adobe Acrobat, but I am unable to be","Application Function Issue","85"
"INC4058025","Printer is not working -1st message send on 27/03","Hardware","90"
"INC4057993","Federation Link on Microsoft Teams","Application Function Issue","75"
"INC4057939","Issue with AP Concepts WinIGS 8 (8.1.6) - GLOBAL // STANDALONE to install","Application Function Issue","80"
"INC4057644","No sound from headphones both wireless and plugged in","Hardware","95"
"INC4057565","Printer within office is faulty and no one in the office are able to connect and print","Hardware","95"
"INC4057538","Required Access to use the Common Email ID: globalt&e@linxon.com","Access Authentication Failure","85"
"INC4057473","Chrome application Need","Application Function Issue","70"
"INC4057463","URGENT Peter Zmidzinski PC does not work Asset number 603016 - SN: 5CG215VH6","Hardware","90"
"INC4057450","printer doesn't work","Hardware","90"
"INC4057222","user called for BitLocker recovery key","Password Reset","80"
"INC4057150","MS Teams not working for External companies","Application Function Issue","90"
"INC4057139","Laptop Charger not working","Hardware","85"
"INC4056554","Unable to connect to HPC site office printer.","Network","80"
"INC4056479","unable to access outlook","Access Authentication Failure","75"
"INC4056313","Unable to connect to Kheops","Node/Device Down","70"
"INC4056307","Vulnerable Software Upgrade or Removal Required -7-zip - 23.01.0.0","Security Violation","95"
"INC4056291","How to order read only access to a SharePoint? See link below","Access Grant Request","85"
"INC4056282","New joinee-Login for first time","Employee Onboarding","95"
"INC4056260","I did not get the ORACLE password. Request to provide","Access Authentication Failure","85"
"INC4056124","Account locked- Need assistance in unlocking","Access Authentication Failure","80"
"INC4056069","Error message when trying to logon onto Oracle for the first time","Access Authentication Failure","75"
"INC4056044","Foxit do not work, cant open PDF's","Application Function Issue","90"
"INC4056024","Zscalar not connected","Application Function Issue","85"
"INC4055947","REQ2390394 - Closed but don't get access","Access Grant Request","70"
"INC4055898","Getting WebADI error while posting SLA into Oracle","Application Function Issue","95"
"INC4055897","Getting a WEB ADI error while posting SLA into Oracle","Application Function Issue","95"
"INC4055886","Unable to post the SLA due to Error message " Microsoft Visual Basic","Application Function Issue","85"
"INC4055507","**Urgent change on email address northamerica@linxon.com to americas@linxon.com.","Access Grant Request","90"
"INC4055172","Unable to connect with 3rd party companies (Linxon direct suppliers/Sub-contractors) whereas earlier","Network","70"
"INC4055149","Laptop UP arrow Key is Not working","Hardware","90"
"INC4055122","NWC Exporter not available in my computer","Application Function Issue","85"
"INC4055027","Need to add 3rd floor printer","Hardware","95"
"INC4055026","Printer Installation","Hardware","90"
"INC4054935","outlook error","Application Function Issue","80"
"INC4054910","CYME CAP Tool – Login error encountered","Access Authentication Failure","85"
"INC4054856","Please change my mobile number to +91 6364515007 on IT Entra ID.","Access Grant Request","95"
"INC4054775","Outlook is not loading-1st message send on 26/03","Application Function Issue","85"
"INC4054724","Set up work apps","Application Function Issue","80"
"INC4054719","User need help with the MFA setup","Access Authentication Failure","70"
"INC4054418","head phones not working","Hardware","90"
"INC4054381","Software is not working-Dialux evo","Application Function Issue","85"
"INC4054333","REQ2393034 was raised. But I have already informed that I have the license and should not be charged","Service/Process Failure","60"
"INC4054267","Revenue auto generated - 666609 (US Entity)","Access Grant Request","50"
"INC4054134","Emails are not updating in the Sent items folder while sending from project shared mailbox","Application Function Issue","85"
"INC4054080","Vasteras - Connecting one or two monitors to my computer has stopped working.","Hardware","90"
"INC4054013","Good afternoon, would someone assist me in providing me with more memory installed in my Laptop, so ","Hardware","75"
"INC4054009","USB and port issue with laptop","Hardware","80"
"INC4053817","Teams issues","Service/Process Failure","70"
"INC4053809","user need the password reset for the account","Password Reset","100"
"INC4053770","My weekly oracle timesheet approval issue","Access Grant Request","100"
"INC4053764","Log In to Markview platform does not work. For Oracle Simple Sing On is working, so the Oracle PW is","Access Authentication Failure","80"
"INC4053751","user require recovery key","Password Reset","100"
"INC4053671","unable to connect with extended monitors","Hardware","80"
"INC4053670","I've forgot my password.","Password Reset","100"
"INC4053645","Monitor not support with laptop additional screen not working","Hardware","85"
"INC4053407","Missing License Number for ETAP","Security Violation","75"
"INC4053186","User is having issue in activating the CDEGS as its Not Working","Application Function Issue","90"
"INC4053127","Navisworks Manage 2026 installation issue","Application Function Issue","80"
"INC4053124","Vulnerable Software Upgrade or Removal Required -firefox- 129.0.0.0","Security Violation","90"
"INC4052906","Password Reset","Password Reset","100"
"INC4052800","Litera Compare 11 - license query","Access Authentication Failure","70"
"INC4052717","Need to replace the Printer Tonell","Hardware","90"
"INC4052664","Additional Monitor screen fluctuates in between. In my opinion, it is because of the docking station","Hardware","80"
"INC4052569","CivilSTORM Connect Install Error","Application Function Issue","95"
"INC4052568","Permission to folder in SharePoint","Access Authentication Failure","85"
"INC4051639","NEED TO ADD PLOTTER","Hardware","95"
"INC4051622","My power automate flow stopped. All Copilot Credits and AI Builder credits in this environment have ","Service/Process Failure","90"
"INC4051580","Need software (All Pile) installed","Application Function Issue","80"
"INC4051566","I Could not install Revit 2023 & 2024.","Application Function Issue","90"
"INC4051490","Need to add printer","Hardware","70"
"INC4051417","I am unable to send messages or place calls to external domain contacts","Network","60"
"INC4051259","User getting diable account mail.","Access Authentication Failure","50"
"INC4051181","Teams chat is not working to coordinate with FAEC(4A design) consultant for Amiral project(Oracle co","Service/Process Failure","70"
"INC4051124","Install JAVA to laptop No. SEVAS4603144 to run an oracle application.","Hardware","90"
"INC4051090","Mobile Intune Company policy not updating","Application Function Issue","85"
"INC4051035","Continuous pop up message receiving as it displays device running low on disk space","Hardware","95"
"INC4051026","Mic Damage","Hardware","95"
"INC4051004","Head set Not Working During Call","Application Function Issue","80"
"INC4050967","Please disable AI assistant in MS teams of my account.","Access Revoke","70"
"INC4050914","one drive did not sync","Service/Process Failure","85"
"INC4050908","Need bit locker recovery key","Password Reset","85"
"INC4050408","Are not allowed to send email","Access Authentication Failure","80"
"INC4050331","Outlook Error","Application Function Issue","75"
"INC4050142","User need to know TASK2566874 information","Service/Process Failure","70"
"INC4050137","Mandatory trainings missing in Workday","Access Grant Request","65"
"INC4050031","FAO : Unified Communications, assistance with external user access to Sharepoint site","Access Authentication Failure","70"
"INC4049991","Disabling of account, received email notification stating that my account had not been accessed sinc","Access Revoke","95"
"INC4049926","Access to Keops denied","Access Authentication Failure","85"
"INC4049897","Workday display is with Arabic, need to change to English","Application Function Issue","90"
"INC4049870","User has lost the Work Phone.","Hardware","70"
"INC4049795","Unable to connect with 3rd party companies (Linxon direct suppliers/Sub-contractors) whereas earlier","Service/Process Failure","80"
"INC4049790","Vasteras - Laptop heating up and holt.","Hardware","95"
"INC4049771","Autodesk Recap not opening","Application Function Issue","90"
"INC4049720","I am unable to send messages or place calls to external domain contacts","Network","85"
"INC4049715","Teams and Sharepoint is not sync.","Service/Process Failure","90"
"INC4049646","Laptop keys are not working","Hardware","95"
"INC4049579","printer is stating it has a functional error and requires a service","Hardware","90"
"INC4049465","User Asking for uniflow PIN number","Access Grant Request","80"
"INC4049453","Gemalto Sentinel HASP LDK 9.16 (9.16.25048) - GLOBAL usage requirement","Application Function Issue","85"
"INC4049437","Unable to activate PSSE license","Access Authentication Failure","90"
"INC4049426","Authenticator  app not working,please reset for MFA and adding new number","Password Reset","80"
"INC4049424","the employee is unable to submit his timesheets","Application Function Issue","75"
"INC4049421","My Poly headphone is not working.","Hardware","95"
"INC4049407","Unable to connect in Teams from External (Outgoing and Incoming)","Network","85"
"INC4049383","My laptop display is blank previously and now display brightness is very low.","Hardware","85"
"INC4049248","Unable to sign in account inside the machine,","Access Authentication Failure","75"
"INC4049124","Workday display is with Arabic, need to change to English","Application Function Issue","90"
"INC4049058","Laptop audio issue i.e. on MS Teams","Hardware","80"
"INC4048807","Teams does not allow to chat will people outside the organisation. I need permission to chat and sha","Access Grant Request","80"
"INC4048587","Revenue value is showing as in the report as in Agreement screen, for the project 678737","Application Function Issue","85"
"INC4048355","i need macros enabled for primtech","Access Grant Request","90"
"INC4048217","My mouse is not working properly","Hardware","95"
"INC4048190","issue with onedrive in my new machine","Application Function Issue","80"
"INC4048156","UNABLE TO DOWN LOAD FILERS FROM CLOUD","Service/Process Failure","85"
"INC4048140","Unable to communicate with Suppliers through Teams","Network","75"
"INC4048112","MS TEAMS not working with external parties","Application Function Issue","85"
"INC4048073","Unable to access PSCAD application","Application Function Issue","90"
"INC4048058","Second Monitor is not connecting, Urgent Request, Please support me","Hardware","95"
"INC4048020","I raised a ticket last month for SAP BO access but when I tried to get data from that platform it di","Application Function Issue","75"
"INC4048012","Key pad ( DELETE Button is having major issue)","Hardware","90"
"INC4047961","Printing Issue","Service/Process Failure","80"
"INC4047954","IT SSC - Specific request or Question - NAC50058","Access Authentication Failure","80"
"INC4047926","I lost my access to printer","Access Grant Request","90"
"INC4047851","Smartview is not starting anymore","Application Function Issue","95"
"INC4047822","Concur in mobile does not connect","Application Function Issue","90"
"INC4047573","Request for Docusign","Access Grant Request","95"
"INC4047335","Hi, Please note that when trying to upload the attachment 092.pdf from document numbers #1970 and #1","Application Function Issue","85"
"INC4047249","With regards to REQ2386457 - Product key is not yet provided for the application","Application Function Issue","80"
"INC4047141","Cannot access KOFAX / Markview","Access Authentication Failure","70"
"INC4047089","Hello, would someone let me know how to log in to my shadow account please? Thank you.","Access Grant Request","90"
"INC4047068","UKPO#20805 approval issue","Access Authentication Failure","60"
"INC4046954","Dear All in the IT Department, would you please help me order a USB stick to use with my Laptop?  Wo","Hardware","95"
"INC4046785","Laptop will not pick up additional monitors / displays","Hardware","95"
"INC4046736","Not able to access Timesheet","Application Function Issue","85"
"INC4046704","Outlook not opening","Application Function Issue","90"
"INC4046657",""H" tab on keyboard not working properly","Hardware","95"
"INC4046656","Cannot use client software","Application Function Issue","80"
"INC4046653","laptop keyboard is not working properly","Hardware","95"
"INC4046607","Request to uninstall software","Access Grant Request","85"
"INC4046585","LAN portal is not working with laptop","Network","80"
"INC4046497","MS Outlook email is not working","Application Function Issue","95"
"INC4046172","Unable to Download Smartview on new machine","Application Function Issue","90"
"INC4046015","Concur Refund","Access Grant Request","85"
"INC4045985","Issue with the new version of Beyond Privilege Management","Application Function Issue","90"
"INC4045904","Need to install Teams in mobile","Access Authentication Failure","80"
"INC4045889","Sign-in to Oracle does not work. Oracle page does not open at all. (Oracle EBS Canada Instance)","Application Function Issue","95"
"INC4045881","Install USB Connecting to headphones (Shokz-Connect) for","Hardware","90"
"INC4045813","Follow up on my IT request REQ2361320","Access Grant Request","85"
"INC4045782","Printer access denied","Access Authentication Failure","95"
"INC4045761","Issue with MFA is not working","Application Function Issue","80"
"INC4045760","User account has been locked and unable to login.","Access Authentication Failure","95"
"INC4045756","Share point Sync issue","Service/Process Failure","85"
"INC4045713","Unable to access Kheops folders","Access Authentication Failure","90"
"INC4045484","CDEGS Not Working","Application Function Issue","80"
"INC4045438","Noone at Linxon SE seems to have access to update a site in the Sharepoint","Access Authentication Failure","85"
"INC4045286","Setup Fingerprint on the device-","Access Grant Request","75"
"INC4045128","Mouse Issue","Hardware","90"
"INC4045082","Fox-it add on is not working in Excel","Application Function Issue","80"
"INC4045016","Share point synchronization with Onedrive","Service/Process Failure","70"
"INC4044672","Good afternoon, I am trying to complete my 'Linxon Induction Module' and when I reached the 'Learnin","Employee Onboarding","60"
"INC4044638","Invoices are not getting interfaced from Citrix to Oracle.","Application Function Issue","95"
"INC4044508","Hello, we have been notified in the office that from the 12th March 2026 onwards using our USB drive","Access Grant Request","85"
"INC4044257","unable to use 4th floor printer","Hardware","90"
"INC4044103","Invoice Download Error in Oracle-Saudi RHQ 19722","Application Function Issue","90"
"INC4044075","Please add Karthic to the buyer lis","Access Grant Request","80"
"INC4044026","4th floor Printer needs to be configured for me.","Hardware","95"
"INC4043739","unable to open powerfactory","Application Function Issue","90"
"INC4043581","I am working in the local (newly established) PHX office. We are trying to install the RICOH printer","Hardware","85"
"INC4043323","Received mail - Account due to be disabled","Access Authentication Failure","80"
"INC4043266","Oracle is not working","Application Function Issue","95"
"INC4043260","when working from Home WiFi dropping off - assign to Hamzha A Saleem","Network","75"
"INC4043207","Unable to access Deaddrop","Application Function Issue","90"
"INC4043189","Unable to log on to the customers Sharepoint","Access Authentication Failure","90"
"INC4043165","no access to oracle so i can submit timesheets","Access Grant Request","85"
"INC4043131","I need access to DocuSign","Access Grant Request","80"
"INC4043080","Please deactivate the account ELMAK2 ASAP.","Access Revoke","95"
"INC4042870","Regarding REQ2382900","Application Function Issue","70"
"INC4042698","I cannot access the "Kheops" driver; \\WNLD153F001MP.sli.bz\SEVAS4Public","Network","75"
"INC4042644","AutoCAD doesn't automatically open when double clicking on a .dwg file","Application Function Issue","95"
"INC4042596","Invoices sent for scanning from FSSC.Payables did not reach the validation tool.","Service/Process Failure","90"
"INC4042558","Issue with the laptop - blue screen error","Hardware","90"
"INC4042529","Connection to Kheops server not working at office","Network","85"
"INC4042472","My Laptop screen frequently tinkering","Hardware","80"
"INC4042436","Third party cannot access Linxon Brand Portal SharePoint","Access Authentication Failure","85"
"INC4042341","From OneDrive files are not able share.","Application Function Issue","95"
"INC4042322","Unable to access the teams, outlook and the browser in the system","Application Function Issue","90"
"INC4042304","Authenticator issue","Access Authentication Failure","85"
"INC4042302","docking station not working","Hardware","90"
"INC4042060","In SAP Ariba two RFP we cannot able to edit -Doc2910764721 & Doc2910082528; if we try to edit we are","Application Function Issue","80"
"INC4042050","User is not able to find the software in the software center","Application Function Issue","85"
"INC4042049","User is facing issue with the oracle access","Access Authentication Failure","85"
"INC4041446","Need Mozilla firebox browser for GST E invoice portal login purpose.","Access Grant Request","90"
"INC4041357","Deferred revenue cleared in Oracle for the project","Application Function Issue","95"
"INC4041324","Citrix Accpac account is disabled","Access Authentication Failure","80"
"INC4041208","AP Concepts WinIGS 8 (8.1.6) - GLOBAL // STANDALONE software license renewal issue","Application Function Issue","90"
"INC4041205","AP Concepts of WINIGS -License is not working","Application Function Issue","95"
"INC4041103","I am requesting the installation of JavaScript on my system.","Access Grant Request","95"
"INC4041097","System Lagging","Application Function Issue","85"
"INC4041078","need to install Authenticator in mobile","Access Grant Request","90"
"INC4040856","Have issues with Team recognizing my account and issues with Foxit pdf editor","Application Function Issue","75"
"INC4040538","User is having issue in accessing the PDF File from the File Explorer.","Application Function Issue","80"
"INC4040524","Issue with printer","Hardware","90"
"INC4040513","Timesheet error","Service/Process Failure","85"
"INC4040326","Print out","Hardware","90"
"INC4040274","Account locked out issue","Access Authentication Failure","85"
"INC4040193","Microsoft Teams disabled in outlook mail. Unable to create teams meeting invite","Application Function Issue","80"
"INC4040179","Revit software installation error (Couldn't install)","Hardware","95"
"INC4040110","SharePoint syncing issue","Network","75"
"INC4040027","i am not able to access the printer in 4th floor","Hardware","95"
"INC4039954","Desk Monitor & Headset not connected with Laptop","Hardware","95"
"INC4039938","No contact of PM Project Rheinau regarding Supplier Performance Management Project","Access Authentication Failure","85"
"INC4039936","no contact of PM for Project Beuren regarding Supplier Performance Management Project","Access Authentication Failure","85"
"INC4039579","Unable to access Oracle","Application Function Issue","90"
"INC4039233","Oracle is getting timed out frequently","Application Function Issue","80"
"INC4039223","I have an issue to Access to \\WNLD153F001MP.sli.bz\SEVAS4Public\Kheops","Access Authentication Failure","95"
"INC4039160","Unable to open drawings from Project Wise","Application Function Issue","75"
"INC4039079","Sign-in issue with Teams app","Access Authentication Failure","85"
"INC4039077","BENTLEY & PROJECTWISE TO BE INSTALLED YET- Could you please support?","Access Grant Request","90"
"INC4039061","I need a access for Revit cloud models","Access Grant Request","80"
"INC4038966","Issue with  User submtted a request for PowerBi Desktop completed but its not showing","Application Function Issue","75"
"INC4038930","my pc is not working fine lagging much","Hardware","95"
"INC4038765","Microsoft power project File is not opening","Application Function Issue","80"
"INC4038758","Microsoft 365 requires updating - but comes up with an error code: 30015-26 (2353463811)","Application Function Issue","95"
"INC4038751","Mouse is not working frequently","Hardware","90"
"INC4038627","My INS account is not working.","Access Authentication Failure","85"
"INC4038321","User is having issue accessing word, Foxit and Teams.","Application Function Issue","80"
"INC4038143","Ticket has been closed before confirming to the user","Service/Process Failure","75"
"INC4037967","authenticator, outlook and teams not working on new iphone","Access Authentication Failure","85"
"INC4037914","My keyboard is not working properly, some keys are not responding. Also, the charger connection, and","Hardware","95"
"INC4037825","Not able to connect wifi network","Network","90"
"INC4037727","Require to install PDF editor","Application Function Issue","85"
"INC4037707","User cant able to access Zscaler","Access Authentication Failure","80"
"INC4037588","Require server folder access to download the reports","Access Grant Request","75"
"INC4037569","Billing location and customer level address change for Ghost projects","Access Authentication Failure","70"
"INC4037533","Unable to access office application  - Changed mobile","Access Authentication Failure","85"
"INC4037510","The sound is not working correctly on my lap top","Application Function Issue","90"
"INC4037461","Prompt for bitlocker recovery key","Password Reset","95"
"INC4037029","FOrgot Password on iphone","Password Reset","90"
"INC4036933","Need help on installing Microsoft Project","Application Function Issue","80"
"INC4036920","need to activate new phone","Access Grant Request","85"
"INC4036881","Printer not visible","Hardware","90"
"INC4036689","Unable to sign in to the laptop","Access Authentication Failure","95"
"INC4036676","Oracle getting timed out frequently","Service/Process Failure","85"
"INC4036672","Cannot install datasourses in projectwise","Application Function Issue","80"
"INC4036650","Not able to post Web ADI","Application Function Issue","75"
"INC4036624","Undo button has disappeared from Microsoft Word","Application Function Issue","60"
"INC4036554","Media Player cannot reproduce MP4 files","Application Function Issue","65"
"INC4036547","Please install printer for 10th floor indiqube building","Hardware","70"
"INC4036484","user account is locked","Access Authentication Failure","90"
"INC4036480","We are unable to use the Cannon Genric Plus PCL6 photocopier as a document scanner direct to PC's","Hardware","95"
"INC4036433","Color Print is not coming","Hardware","90"
"INC4036424","I installed Autodesk AutoCAD 2026.1, but it isn’t showing up in the apps or search results","Application Function Issue","85"
"INC4036409","Changed PC - Need SmartView","Hardware","80"
"INC4036382","my headphones aren't working properly.. there's no sound in left ear","Hardware","90"
"INC4036355","Cannot access Position papers link. atkins website","Web Security","80"
"INC4036350","How can stop receiving (Automating User Nonactive Accounts Process) mail","Access Grant Request","70"
"INC4036188","Laptop Keyboard Down Key is popping out.","Hardware","90"
"INC4036171","Revit 2024 Installation","Application Function Issue","85"
"INC4036101","Mouse not working","Hardware","95"
"INC4035369","Timesheet in Error","Service/Process Failure","85"
"INC4035302","New user role Access for Kofax / Mark view","Access Grant Request","75"
"INC4035251","InEight Estimator not working","Application Function Issue","80"
"INC4035250","InEight Estimator not working","Application Function Issue","95"
"INC4035248","InEight Estimator not working","Application Function Issue","95"
"INC4035113"," I am facing my laptop display color disorientation","Hardware","85"
"INC4035108","Search bar windows not working","Application Function Issue","90"
"INC4035096","Unable to access shared folder from Hitachi","Access Authentication Failure","75"
"INC4035064","Mouse is not working","Hardware","90"
"INC4034941","Zscaler stopped working","Service/Process Failure","80"
"INC4034888","Project sharepoint "SYNC" issue","Application Function Issue","85"
"INC4034791","I need 4th floor printer Installation","Hardware","95"
"INC4034565","Outlook issue","Application Function Issue","85"
"INC4034508","To whom it may concern, would you please assist me with BMI 360 uploading my attachments? A person f","Hardware","90"
"INC4034321","I HAVE A NEW LAPTOP AND CANNOT CONNECT TO THE PRINTER ON SITE","Access Grant Request","70"
"INC4034280","Team members IT assets are not listed making it impossible to request software","Service/Process Failure","80"
"INC4034199","sli.bz/harii3 receive an email stating account will be closed","Access Authentication Failure","80"
"INC4034184","Zscaler is showing as connecting","Application Function Issue","70"
"INC4034146","Need to add 10th floor printer","Hardware","90"
"INC4034114","I have raised an incident to request access to the path: \\SLI4032\Public\INOPC_Engineering\PGGI-288","Access Grant Request","85"
"INC4033968","usb-c ports on my laptop topped working","Hardware","95"
"INC4033955","To whom it may concern, would you please assist me with BMI 360 uploading my attachments? Thank you.","Access Grant Request","85"
"INC4033954","Headphones not working","Hardware","90"
"INC4033924","for updating FOXIT PDF EDITOR admin rights are required","Access Grant Request","80"
"INC4033878","Excel is opening in Arabic format","Application Function Issue","95"
"INC4033873","headset not working","Hardware","90"
"INC4033869","microphone is not working on laptop","Hardware","90"
"INC4033862","Outlook is very slow.","Service/Process Failure","85"
"INC4033836","Raising Request Related help","Access Grant Request","85"
"INC4033830","Printer Quality - Lines come out when printing images.","Hardware","90"
"INC4033759","Authenticator and connection of new phone to W S Atkins systems.","Access Authentication Failure","80"
"INC4033675","Request to Update Account Status from External to Internal","Access Grant Request","95"
"INC4033659","Authenticator Issue","Access Authentication Failure","75"
"INC4033631","Some network issue in INCHE1 location.","Network","90"
"INC4033614","Headset Issue not working with my laptop","Hardware","85"
"INC4033543","Mouse not working properly","Hardware","95"
"INC4033066","Installation of LASzip","Application Function Issue","85"
"INC4033046","Need to connect to the printer at the site office at Hinkley Point C -Schedule to work  on 27/02@10","Hardware","90"
"INC4032859","Cant Print","Hardware","90"
"INC4032829","Mouse scroll button is not working","Application Function Issue","80"
"INC4032794","I cant print out correctly with revit. There is an issue even if i have the correct settings.","null","null"
"INC4032753","Need P6 software and connect to the printer","Application Function Issue","85"
"INC4032703","Need to reset oracle EBS password","Password Reset","95"
"INC4032624","Sync between Teams and Sharepoint is not working","Application Function Issue","80"
"INC4032547","Teams meeting invite couldn't be able to create in outlook mail","Application Function Issue","75"
"INC4032463","MS Project is not working","Hardware","90"
"INC4032399","Laptop charger power adapter not working","Hardware","90"
"INC4032305","Monitor is not working","null","null"
"INC4031664","Enable fingerprint and PIN number for my System Login","Access Authentication Failure","95"
"INC4031651","Help with autocad","Application Function Issue","90"
"INC4031621","one drive sync issue","Application Function Issue","90"
"INC4031602","One drive Sync issue -Reg.,","Access Authentication Failure","95"
"INC4031599","I could hear on my earphones online training content few days ago and now it has somehow stopped. Wo","Hardware","80"
"INC4031562","Unlock account","Access Authentication Failure","95"
"INC4031528","Account lockout","Access Authentication Failure","95"
"INC4031413","new hire haven't received login credentials","Employee Onboarding","90"
"INC4031319","Printer Access Required","Access Grant Request","95"
"INC4031254","Cannot open Autocad software, The code execution cannot proceed because adui24.dll was not found. Re","Application Function Issue","90"
"INC4031204","Not Able to login in EPM lined file","Access Authentication Failure","85"
"INC4031115","\\SLI4032\Public\INOPC_Engineering\PGGI-2883-UK -Access required","Access Grant Request","90"
"INC4031093","Microsoft Package in Arabic (Word, excel, etc)","Security Violation","80"
"INC4031062","Required to change the Login password for my system","Password Reset","95"
"INC4030375","cannot add printer from the network","Network","85"
"INC4030274","Disk space is full. I couldn't access excel files.","Application Function Issue","90"
"INC4030248","Since a few days, I cannot preview pdf attachments in my mail any longer.","Application Function Issue","80"
"INC4030185","I BEX issue","Application Function Issue","75"
"INC4030167","Unable to download SCF form after creation","Hardware","95"
"INC4030125","Mouse is not working.","Application Function Issue","70"
"INC4030118","Unable to find AutoCAD 2026 in Software Center","null","null"
"INC4030017","returned from several weeks of annual leave to find I cannot get access to my work emails both on ph","Access Authentication Failure","95"
"INC4029967","cannot access BIM 360 MODEL","Application Function Issue","90"
"INC4029929","OneDrive not working properly","Application Function Issue","90"
"INC4029912","Outlook - Unable to receive emails","Application Function Issue","95"
"INC4029884","Need to setup the MFA authentication","Access Authentication Failure","85"
"INC4029761","unable to login to the account","Access Authentication Failure","90"
"INC4029759","Zscaler blocking access to MEGA file transfer platform","Web Security","80"
"INC4029744","To activate a Service account for HSE","Access Grant Request","95"
"INC4029734","While opening pdf in foxit, its asking for SSO login and unable to log in the same.","Access Authentication Failure","90"
"INC4029699","password reset","Password Reset","100"
"INC4029691","Request for Shared Mailbox Access","Access Grant Request","90"
"INC4029605","Unable to access the printer to the system","Hardware","85"
"INC4029353","BITLOCKER RECOVERY MESSAGE APPEARED","Security Violation","80"
"INC4029255","Foxit PDF Viewer no longer working","Application Function Issue","85"
"INC4028875","Forward your emails to a channel","Application Function Issue","80"
"INC4028759","Not able to access company email in my mobile","Access Authentication Failure","70"
"INC4028736","Didcot - Low printing quality, as staff are not being able to connect to the printer through server.","Hardware","60"
"INC4028645","Headset not working","Hardware","80"
"INC4028637","ORACLE not working","Application Function Issue","70"
"INC4028622","unable to connect to PIRS. password issue??","Password Reset","80"
"INC4028617","pdf files not able to open","Application Function Issue","70"
"INC4028614","One drive sync problem","Application Function Issue","95"
"INC4028613","Excel is not working, it shows the notification that to reinstall the MS Office package","Application Function Issue","90"
"INC4028612","OneDrive Shortcut keeps disappearing","Application Function Issue","85"
"INC4028551","Lpile2022 application is not working","Application Function Issue","90"
"INC4028537","Standalone license not found and general broadcast for ork license failed","Service/Process Failure","80"
"INC4028528","Unable to open foxit","Application Function Issue","90"
"INC4028526","The FOXIT editor is not working.","Application Function Issue","90"
"INC4028491","Teams audio is not working","Application Function Issue","95"
"INC4028450","Need DocuSign Login for Signature purposes","Access Authentication Failure","90"
"INC4028434","Laptop not working for the past 1 Day","Hardware","85"
"INC4028401","unable to login to the foxit app","Access Authentication Failure","90"
"INC4028400","Foxit pdf editor is asking for login","Access Authentication Failure","90"
"INC4028388","My OneDrive not sync","Service/Process Failure","80"
"INC4028377","Foxit pdf editor not working, asking credentials","Access Authentication Failure","90"
"INC4028360","Timesheet access not opening","Application Function Issue","85"
"INC4028341","FOXIT PDF NOT WORKING","Application Function Issue","95"
"INC4028335","user unable to launch pdf","Application Function Issue","95"
"INC4028126","BO reports are not updated after 13th Feb 2026","Application Function Issue","95"
"INC4027954","Unable to find timesheet option on Oracle","Application Function Issue","95"
"INC4027818","PDF reader needs to be installed","Application Function Issue","95"
"INC4027675","Needs help with setting up Mobile phone , Company Portal, TEAMS, Email etc","Access Authentication Failure","80"
"INC4027659","Can't access one drive via my service account.","Access Authentication Failure","80"
"INC4027649","Unable to access z drive on company laptop","Hardware","90"
"INC4027627","After system updates, cannot get laptop to display to different screens.","Hardware","85"
"INC4027288","DESKTOP CONNECTOR INSTALLATION TAKING TOO LONG","Hardware","95"
"INC4027156","Please add my system 4th Floor Printer","Access Grant Request","90"
"INC4027099","assign and add the printer to the laptop","Access Grant Request","85"
"INC4027085","Unable to Login SAPBI with the password","Password Reset","80"
"INC4027083","Connect to Print","Access Grant Request","85"
"INC4027020","unable to open powerfactory","Application Function Issue","95"
"INC4026954","DSC utility not working","Application Function Issue","95"
"INC4026713","FACIAL RECOGNITION AND PIN LOGIN HAVE BECOME INOPEABLE","Access Authentication Failure","85"
"INC4026488","Software required to use on site scanner for drawings","Application Function Issue","90"
"INC4026369","I believe my laptop is dead","Hardware","80"
"INC4026332","SAP BO - not able to login","Access Authentication Failure","90"
"INC4026300","Blue Beam printing Error","Application Function Issue","95"
"INC4026204","Issue with PO approval","Service/Process Failure","85"
"INC4025952","Unable to activate ETAP license","Application Function Issue","85"
"INC4025929","I want to uninstall revit 2022","Access Revoke","75"
"INC4025895","Zscalar not connecting from Home Network","Network","90"
"INC4025885","SAP Business Object Not able to Connect","Application Function Issue","80"
"INC4025882","SAP -BO login issue","Access Authentication Failure","85"
"INC4025848","chat pop up not showing","Application Function Issue","70"
"INC4025827","50% installation in 5 days","Service/Process Failure","65"
"INC4025822","Workstation laptop incorrect OS language during build | Assign to SD - EU LINXON > Sunny Bharadwa","Hardware","90"
"INC4025821","Workstation laptop incorrect OS language | Assign to SD - EU LINXON > Sunny Bharadwa","Hardware","90"
"INC4025819","Install printers and monitor display issue | Assign to SD - EU LINXON > Sunny Bharadwa","Hardware","80"
"INC4025803","Unable to open a Visio file","Application Function Issue","70"
"INC4025695","BI launch Pad - SAP Business Report","Application Function Issue","60"
"INC4025188","Sharepoint/Onedrive Sync Failure","Service/Process Failure","95"
"INC4025116","I have another site I need access to. It’s a customer site that we need to be able to register for b","Access Grant Request","85"
"INC4024820","User need help with the java installation","Application Function Issue","90"
"INC4024813","User need help with the MFA setup","Application Function Issue","80"
"INC4024798","IT SSC - Specific request or Question - NAC50058","Security Violation","70"
"INC4024785","Microsoft Project MPP file not Opening Need Access for Microsoft Project file","Access Grant Request","80"
"INC4024701","AutoCAD Software is not installing.","Application Function Issue","95"
"INC4024591","Print out of words and E-Mails with our OKI - Printer have problems , PDf works fine, on site;","Hardware","85"
"INC4024560","Oracle Login Issue","Access Authentication Failure","90"
"INC4024512","Oracle not working","Access Authentication Failure","90"
"INC4024449","Getting Oracle Error as Failure of Web Server bridge: Internal processing error","Service/Process Failure","95"
"INC4024445","Oracle error - Failure of Web Server bridge: Internal processing error","Service/Process Failure","95"
"INC4024398","Need to install teams in mobile","Application Function Issue","80"
"INC4024396","The Oracle SLI CH Timesheet Interface is showing an error once logged in. I can't register the time.","Application Function Issue","90"
"INC4024395","Oracle Issue","Application Function Issue","70"
"INC4024309","Unable to sign in, new user","Access Authentication Failure","85"
"INC4024300","Access to Timesheet Linxon Germnany for Dominik Eckel.","Access Grant Request","95"
"INC4024230","Dongle wifi for laptop - Lost","Hardware","90"
"INC4024226","I need to activate Bentley Licensing Tool","Application Function Issue","85"
"INC4023974","Lock out of computer","Access Authentication Failure","95"
"INC4023818","I need access to adobe illustrator, is it just not downloaded? Same with photoshop","Access Grant Request","85"
"INC4023773","unable to connect to the plotter","Hardware","90"
"INC4023738","Ooutlooks is blocking one of my vendors","Application Function Issue","80"
"INC4023696","Unable to Open PDF Files with the Foxit Reader","Application Function Issue","85"
"INC4023656","Outlook issue searching mailbox | Assign to SD - EU LINXON > Sunny Bharadwa","Service/Process Failure","75"
"INC4023624","Not able to open PDF files","Application Function Issue","90"
"INC4023593","Foxit PDF Editor often stops working most prob after the recent update on the Laptop (incl Bios upda","Application Function Issue","85"
"INC4023548","Clicked spam mail by mistake","Security Violation","95"
"INC4023487","The Teams button in Outlook disappears in Outlook","Application Function Issue","80"
"INC4023481","Laptop Battery does not hold charge more than an hour","Hardware","95"
"INC4023475","Install Tekla warehouse","Application Function Issue","75"
"INC4023404","MX Keys keyboard pairing","Hardware","85"
"INC4023385","account is expired","Access Authentication Failure","95"
"INC4023356","I want to use Macbook and company profile is not installing.","Application Function Issue","85"
"INC4023292","Issue with login credentials its showing account expired","Access Authentication Failure","90"
"INC4023120","connection to the LTP2 printer at Newcross site","Hardware","75"
"INC4023060","Bluescreen error continuously","Service/Process Failure","80"
"INC4022963","Driver issue","Hardware","70"
"INC4022742","Not able to open PDF","Application Function Issue","65"
"INC4022707","My charger given along with the Laptop is not working","Hardware","95"
"INC4022493","ms office required sign in ,","Access Authentication Failure","85"
"INC4022133","Laptop Battery issue & Replacement of Broken Keypad","Hardware","90"
"INC4022032","Laptop is not charging.","Hardware","90"
"INC4021924","Chrome is not installed","Application Function Issue","80"
"INC4021850","LOGIN PROBLEM OF ORACLE AND KOFAX","Access Authentication Failure","75"
"INC4021834","Need Oracle Supply chain/Procurement/Sourcing Module Access to view POs, Payment Status, PO to Payme","Access Grant Request","85"
"INC4021747","Need add printer","Hardware","80"
"INC4021685","Need to install Google Chrome","Application Function Issue","85"
"INC4021647","CCTV 3rd floor access request","Access Grant Request","75"
"INC4021642","Printer Configuration","Hardware","80"
"INC4021629","I can not access my time sheet","Application Function Issue","85"
"INC4021540","foxit PDF editor software not working","Application Function Issue","85"
"INC4021519","Dayforce ESS Portal not opening","Application Function Issue","85"
"INC4021445","In the MYIT, the chat option is not available for INCHE2 location all users.","Application Function Issue","85"
"INC4020784","I`m not allowed to access translate pages , such googles translate","Access Authentication Failure","85"
"INC4020765","Installation of Revit 2024","Application Function Issue","90"
"INC4020547","My laptop camera  is not working .","Hardware","95"
"INC4020519","Foxit pdf hangs during first launch","Application Function Issue","90"
"INC4020337","Mail box not working","Network","90"
"INC4020247","Not able to connect wifi network","Password Reset","95"
"INC4020161","Password reset","Application Function Issue","90"
"INC4020151","Uninstall of Revit 2025 and microstation 2024","null","null"
"INC4020137","The laptop keys are working automatically","Hardware","90"
"INC4020117","HEADSET MIC NOT WORKING","Hardware","95"
"INC4020105","My laptop doesn't charge via USB-C from Dock-1st message send on 12/02","Hardware","85"
"INC4020104","Laptop hanging","Application Function Issue","80"
"INC4020073","Account unblock and password reset","Password Reset","95"
"INC4020007","Not able to install Microstation","Application Function Issue","85"
"INC4019722","License is not yet issued with regarding REQ2364897 - ETAP Global Suite 2024 (24.0.0.24192)","Access Grant Request","80"
"INC4019562","License is not yet issued with Regards to REQ2339402 - RITM5479588 - DIgSILENT PowerFactory 2025 SP4","Service/Process Failure","85"
"INC4019543","E-mail message could not be delivered to one or more recipients.","Network","75"
"INC4019519","Vulnerable Software Update or Removal Required - Edge Addon: AdGuard AdBlocker","Security Violation","90"
"INC4019264","SharePoint environment where any changes","Access Grant Request","60"
"INC4019211","Server is not reachable.","Node/Device Down","80"
"INC4019093","Unable to connect to Star Link home wifi | Assign to SD - UK DESKSIDE > Sunny Bharadwa","Network","90"
"INC4019063","Having Zscaler issue","Application Function Issue","85"
"INC4019043","Error coming while using DSC utility","Application Function Issue","80"
"INC4019013","Need to Install Printer","Hardware","95"
"INC4018982","Excel file not opening","Application Function Issue","75"
"INC4018719","Physical damage in laptop Asset number - 705022, S/N-5CG4084G28","Hardware","95"
"INC4018718","USB Keyboard issue","Hardware","90"
"INC4018641","Revit 2023 not installing from software centre - INC4008820 need to continue from this ticket","Application Function Issue","95"
"INC4018588","Need to install Revit 2024","Application Function Issue","90"
"INC4018440","VISIO software Installation (REQ2362073) Approved","Access Grant Request","85"
"INC4018146","Onedrive sync issue","Application Function Issue","80"
"INC4017941","Windows Update Failed-1st message send on 12/02","Service/Process Failure","90"
"INC4017917","Need access to Kofax","Access Grant Request","85"
"INC4017859","In my teams mic is not working","Hardware","75"
"INC4017857","Need configure outlook in mobile","Application Function Issue","90"
"INC4017424","One of my C-Port in my laptop not working, and HDMI port also not working","Hardware","85"
"INC4017369","user unable to edit and save any files in etap application","Application Function Issue","95"
"INC4016857","If I open Visio, it shows Enter an office product key","Application Function Issue","80"
"INC4016834","Asana is not opening in the browser","Application Function Issue","90"
"INC4016780","My folder in one drive is not syncing","Service/Process Failure","75"
"INC4016779","Monitors in office not working via docking station | Assign to SD - UK DESKSIDE > Sunny Bharadwa","Hardware","95"
"INC4016662","Account about to be disabled","Access Authentication Failure","90"
"INC4016381","my computer is not charging","Hardware","90"
"INC4016226","Access not available for (\\sli4032\Public\INOPC_Engineering) Network directory","Access Authentication Failure","85"
"INC4016062","Colleague laptop not switching on","Hardware","95"
"INC4015996","unable to add the outlook email to my mobile","Application Function Issue","80"
"INC4015991","cannot enter Oracle","Access Authentication Failure","85"
"INC4015971","user unable to setup authenticator app in new phone","Access Authentication Failure","90"
"INC4015811","Unable to get the options on the Screen to lock when pressed  - Ctrl +ALT+ Del","Application Function Issue","75"
"INC4015804","Unable to open PDF files synched share point folders","Application Function Issue","80"
"INC4015768","One drive shortcut not syncing","Service/Process Failure","70"
"INC4015598","To check the access to client portal","Access Authentication Failure","65"
"INC4015559","As I need to make many training content in Nepali font, particular Preeti and Himali Fontasy, I need","Application Function Issue","80"
"INC4015557","Printing Error through Foxit pdf editor ( Print Successfully sent to printer but not printing)","Application Function Issue","75"
"INC4015487","Microstation User ID and license not working, urgent!","Access Authentication Failure","90"
"INC4015481","User is facing issue in installing the application.","Application Function Issue","85"
"INC4015478","User not able to login MS office product and MFA on mobile not working","Access Authentication Failure","95"
"INC4015150","My laptop is no longer connecting to my two larger screens.  Would you please assist? Thank you.","Hardware","85"
"INC4015114","Getting error with installing applications on New laptop from Software Center.","Application Function Issue","75"
"INC4015102","I need to gain access to adobe illustrator.","Access Authentication Failure","60"
"INC4015078","Request status","Request status","100"
"INC4015003","Zscaler is connected","Network","90"
"INC4014969","Unable to connect external monitor","Hardware","95"
"INC4014879","I would like to change my system date and time settings to UK time and date","Application Function Issue","85"
"INC4014696","AutoCad","Application Function Issue","80"
"INC4014614","Display port is not supported on new laptop","Hardware","90"
"INC4014558","Access Request for pirs.Lewis-LT14@linxon.com to Jasmine.JabaraniK@linxon.com","Access Grant Request","95"
"INC4014519","Sign in to onedrive issues","Application Function Issue","80"
"INC4014498","My desk space is full","Hardware","85"
"INC4014282","Need starlink password from my Laptop","Password Reset","80"
"INC4014205","Need bluetooth driver re-installed","Hardware","80"
"INC4013988","Headset Wireless including Noise Cancellation","Hardware","80"
"INC4013897","GL Dump for Linxon Entities","Service/Process Failure","70"
"INC4013849","Zscaler-Logout password","Password Reset","90"
"INC4013724","Account Lockout","Access Authentication Failure","85"
"INC4013703","Autocad application License required_Karthikeyan Panneer Selvam","Application Function Issue","75"
"INC4013608","Unable to connect Home internet","Network","85"
"INC4013571","Teams are not generating meeting links and are gone from outlook","Application Function Issue","95"
"INC4013570","Cannot send emails from outlook","Application Function Issue","90"
"INC4013489","unable to install revit from software center","Application Function Issue","85"
"INC4013338","Don't have space to install REVIT software.","Application Function Issue","80"
"INC4013336","Name not showing in Mail body or in Teams.","Application Function Issue","75"
"INC4013327","Remove Restriction to access STARLINK website","Access Authentication Failure","90"
"INC4013322","My Laptop speaker is not working","Hardware","95"
"INC4013243","Citrix workspace is not working","Access Authentication Failure","95"
"INC4013231","Blue screen and Laptop overheating","Hardware","90"
"INC4013196","when ever opening PDF file its asking User name and password","Access Authentication Failure","90"
"INC4013171","cannot access my account due to mobile number change","Access Authentication Failure","85"
"INC4012932","SYSTEM PREENTS ME FROM REGISTERING ME FOR A CONFERENCE","Service/Process Failure","80"
"INC4012832","I received an account disablement email.","Access Authentication Failure","95"
"INC4012809","In the Linxon Home Page, in the 'Learning Portal' section, in the 'Gift & Hospitality' training modu","Application Function Issue","80"
"INC4012787","forgot oracle password","Password Reset","95"
"INC4012657","My monitors are not working with my laptop","Hardware","90"
"INC4012620","computer is running really slow and delayed when typing text-1st message send on 11/02","Service/Process Failure","85"
"INC4012613","Outlook hanging","Service/Process Failure","90"
"INC4012534","Need to reimage OS","Store Rebuild","95"
"INC4012409","Foxit PDF becomes unresponsive during initial opening","Application Function Issue","95"
"INC4012349","VAT Clarification in Concur entries","Application Function Issue","90"
"INC4012345","Need to add printer","Hardware","85"
"INC4012300","Visio - License Issue","Access Authentication Failure","80"
"INC4012237","OneDrive does not sync properly showing Error","Service/Process Failure","90"
"INC4012193","Cannot access \\wnld153f002mp\CHBADPUBLIC | Assign to SD - UK DESKSIDE > Sunny Bharadwa","Access Authentication Failure","75"
"INC4012156","Error in Autocad Installatoin","Application Function Issue","95"
"INC4012014","REVIT INSTALLATION ERROR","Application Function Issue","90"
"INC4012013","HILTI PROFIS Anchor Channel - Not showing in Software center","Application Function Issue","85"
"INC4011921","GETS SERVER ACCESS","Access Grant Request","95"
"INC4011713","Unable to login as password not recogonised","Password Reset","95"
"INC4011066","Laptop not shutting down","Hardware","80"
"INC4011045","Existing Employee / Mobile phone is not on Teams","Access Authentication Failure","85"
"INC4010819","Vulnerable Software Upgrade or Removal Required - jre - 8.0.3210.7","Security Violation","90"
"INC4010788","correspondence not available via PIRS","Application Function Issue","90"
"INC4010772","Vulnerable Software Upgrade or Removal Required - jre - 8.0.4410.7","Security Violation","85"
"INC4010704","Log in Timesheet not accessible","Application Function Issue","95"
"INC4010624","autocad uninstalled automatically","Application Function Issue","90"
"INC4010611","Oracle timesheet booking portal is not working other than Company provided internet","Network","80"
"INC4010519","unable to instal outlook and teams on mobile","Application Function Issue","95"
"INC4010466","Not able to update Hourly rate information in Oracle","Application Function Issue","90"
"INC4010464","My Laptop is switching ON Automatically after shut down","Hardware","85"
"INC4010452","Printer is not working","Hardware","80"
"INC4010451","Unable to Run Smartview","Application Function Issue","75"
"INC4010445","Laptop issue","Hardware","70"
"INC4010439","Change of reporting line in Concur.","Access Grant Request","65"
"INC4010402","License issue with Zscaler, it's not working for me.","Application Function Issue","60"
"INC4010338","Laptop Properly not shutdown issue","Hardware","70"
"INC4010331","Authenticator App is not working","Access Authentication Failure","95"
"INC4010330","Need to install google Chrome in my laptop","Application Function Issue","90"
"INC4010321","Monitor display becomes blurry","Hardware","85"
"INC4009950","Cannot Login Windows Pin, Only Password","Access Authentication Failure","90"
"INC4009799","Facial Recognition at Signin is Unavailable","Access Authentication Failure","95"
"INC4009781","No access to builtinteligence","Access Authentication Failure","80"
"INC4009771","No access to workday","Access Authentication Failure","85"
"INC4009686","Cannot access infolinx at home","Application Function Issue","80"
"INC4009685","change approver in Oracle from El Malki, Karim to Navaro Carlos Closed","Access Revoke","95"
"INC4009478","Laptop screen damaged","Hardware","90"
"INC4009442","Location disabled by Admin","Access Revoke","85"
"INC4009311","Internet connectivity issue on WIFI @ INFAR1 location","Network","80"
"INC4009304","Authenticator issue","Access Authentication Failure","75"
"INC4009279","i want to attach printer to pc and it is not working","Hardware","85"
"INC4009275","think-cell - Addin Issue","Application Function Issue","70"
"INC4009233","Needs guidance in configuring the company portal in the mobile device","Application Function Issue","95"
"INC4009231","Oracle Smart View - Missing","Application Function Issue","90"
"INC4009217","Access to Office Printer","Access Authentication Failure","85"
"INC4009162","SAP - Business Objects - Unable to run P006-AP Payment Details by Projects report for other projects","Application Function Issue","90"
"INC4009153","Can't access file folders in Autodesk Docs through Revit software.","Access Authentication Failure","80"
"INC4009110","My laptop is not shutting down properly, which is affecting the battery backup. Kindly request you t","Hardware","85"
"INC4009092","One of the extended screen not working at D-24","Hardware","80"
"INC4009071","Sharepoint not working","Application Function Issue","90"
"INC4009063","my email account shows offline and i dont receive emails","Network","75"
"INC4009057","User Account is disabled","Access Authentication Failure","95"
"INC4009030","I have lost my access to Kofax, I have invoice I must approve","Access Authentication Failure","80"
"INC4008990","Name appears incorrectly on teams","Access Authentication Failure","85"
"INC4008955","Got the Oracle (Finance access for Project Controls), but not able to download the actual cost repor","Access Grant Request","90"
"INC4008932","Need access for KOFAX","Access Grant Request","95"
"INC4008820","Revit 2023 not installing from software centre","Application Function Issue","90"
"INC4008385","having issues log into concur","Access Authentication Failure","80"
"INC4008246","A la demande de Sylvain Cloutier, SVP desactiver le compte de Letitia Fearon","Access Revoke","95"
"INC4008213","I have a message that pops up saying 'Location is turned off, and that I may need to turn it on agai","Application Function Issue","85"
"INC4008191","When I try to print, my laptop has a message that pops up, which says that I need to 'Download Evern","Application Function Issue","80"
"INC4007972","i need access to http://eshop.eisen-pfeiffer.de/","Access Authentication Failure","70"
"INC4007966","Would like to remove the entry from SLI IN Timesheet","Access Revoke","90"
"INC4007954","PDF Issue","Application Function Issue","60"
"INC4007921","Oracle software opening issue","Application Function Issue","75"
"INC4007905","I keep getting a sign-in error message whenever I open any MS Office application","Access Authentication Failure","95"
"INC4007845","Linxon get invited to AtkinsRéalis Town Halls","Access Grant Request","90"
"INC4007837","Unblock user account and password reset","Password Reset","95"
"INC4007832","Please unblock the account and reset the password for below employee","Password Reset","95"
"INC4007787","Edge Browser freeze after open pdf drawings - Replace with ZBook","Hardware","85"
"INC4007760","Achilles Site not responding","Node/Device Down","90"
"INC4007731","Greg Withers name does not appear in Microsoft Teams or Outlook","Application Function Issue","90"
"INC4007727","Login Windows with Pin not working","Access Authentication Failure","85"
"INC4007700","No account for Time Writing available","Access Authentication Failure","80"
"INC4007698","Oracle time sheet page is unable open","Application Function Issue","95"
"INC4007618","Unable to access UK server from INOPC engineering.","Network","75"
"INC4007600","Need adobe pdf reader/acrobat","Access Grant Request","70"
"INC4006979","trusted locations access needed in  excel for primtech BOQ export to be working","Access Grant Request","85"
"INC4006931","REVIT 2024 Installation Problem","Application Function Issue","90"
"INC4006852","LAP TOP ISSUE NOT ABLE TO LOG IN","Access Authentication Failure","80"
"INC4006839","INC4006733 - password reset query","Password Reset","95"
"INC4006819","David Kaya is thrown out of all systems and cannot log in or submit IT ticket","Access Authentication Failure","75"
"INC4006774","Vulnerable Software Removal Required - chrome- 114.0.5735.248","Security Violation","90"
"INC4006723","mfa issue","Password Reset","80"
"INC4006644","Need to add 4th floor printer","Hardware","90"
"INC4006595","I'm unable to sign in to Foxit PDF editor","Application Function Issue","85"
"INC4006586","outlook Not working properly","Application Function Issue","85"
"INC4006576","i need to connect headphone microphone to my laptop","Hardware","90"
"INC4006570","Unable to access the Send this file portal in the system","Service/Process Failure","85"
"INC4006538","Issue with in Templafy Email Signatures user need to update number","Application Function Issue","80"
"INC4006398","Installation of Bentley Project wise Explorer-Reg","Hardware","90"
"INC4006393","Getting access to the 4th floor printer for the email id : (Roshni.Shine@linxon.com)","Access Grant Request","85"
"INC4006390","Storage issue - Shareemail box is full","Application Function Issue","95"
"INC4006348","SAP Business objects unable to login","Access Authentication Failure","90"
"INC4006345","Need to add a 4th floor Printer","Hardware","95"
"INC4006318","Oracle & Zscaler not connecting in Home network","Network","80"
"INC4005984","Headphone speaker not working","Hardware","95"
"INC4005883","Unable to turn off laptop - Automatically restarting","Hardware","90"
"INC4005607","Headphones Audio Issue","Hardware","85"
"INC4005369","faulty Teams audio issue when using head set","Hardware","80"
"INC4005359","Need to add Printer","Hardware","95"
"INC4005340","User  need to send a video of the duct cleaning to the Client via CEMAR. This is the official commun","Application Function Issue","70"
"INC4005325","Laptop Issue","Hardware","75"
"INC4005133","I need to do MFA again","Access Authentication Failure","85"
"INC4005125","I need to do MFA again","Access Authentication Failure","85"
"INC4005116","Battery drain Fastly. If i showdown the laptop with full charge next day while opening there is no c","Hardware","75"
"INC4005109","Not able to Download the actual report Buhl from SAP BI for Project (688711)","Application Function Issue","90"
"INC4004994","Web camera not working","Hardware","95"
"INC4004931","Windows  update is requesting for password","Password Reset","80"
"INC4004923","autocad working very slow","Application Function Issue","85"
"INC4004832","Employee timesheets being auto rejected - Gustavo Ribeiro","Application Function Issue","90"
"INC4004825","Certain emails dont reach my mailbox","Application Function Issue","85"
"INC4004796","BitLocker and system password issue.","Security Violation","80"
"INC4004313","CSI Safe for US region","Service/Process Failure","75"
"INC4004247","Zscaler - Connection Error","Network","95"
"INC4004227","MFA Re-Setup","Password Reset","95"
"INC4003967","Oracle Time Sheet","Application Function Issue","70"
"INC4003704","Couldn't access the JAVA Launcher even after installing it from Software center","Application Function Issue","85"
"INC4003672","Laptop is not shutting down. It gets restarted even when I shut Down.","Hardware","95"
"INC4003618","Repeat pop up","Application Function Issue","85"
"INC4003591","Mouse is not working","Hardware","95"
"INC4003584","USB-C Ports not working","Hardware","95"
"INC4003530","When accessing the Sysmon portal via my INS account, I encounter a Bad Request error from SLI office","Service/Process Failure","80"
"INC4003501","I need to configure my pc with new site office printer","Access Grant Request","75"
"INC4003483","Need to configure my laptop with new printer Canon Generic Plus UFR II","Hardware","95"
"INC4003481","Need not Print","Hardware","90"
"INC4003477","Hi, I need to configure my pc with new printer at site; to install the driver we need your assistanc","Hardware","95"
"INC4003453","Mouse button on the laptop is missing","Hardware","95"
"INC4003450","headset not working properly","Hardware","90"
"INC4003446","laptop is not shutdown properly","Hardware","90"
"INC4003443","After the system update, laptop does not shut down properly. When shut down, it automatically restar","Hardware","90"
"INC4003357","Laptop shutdown issues","Hardware","80"
"INC4003122","Share point is not syn with shortcut","Application Function Issue","70"
"INC4002877","Need access for JAVA Launcher","Access Grant Request","60"
"INC4002665","Mobile Device-Not working","Node/Device Down","85"
"INC4002662","Issue with account lockout","Access Authentication Failure","95"
"INC4002641","While trying to shutdown the system, the system goes off and restarts automatically","Node/Device Down","85"
"INC4002638","Need headset and charger","Hardware","80"
"INC4002626","Need recovery Key","Application Function Issue","75"
"INC4002469","Please set up Efe Okur as a approver Oracle ( hours)  for Stefan Blank due to his holidays. Please a","Access Grant Request","90"
"INC4002406","My templafy is not working anymore.","Application Function Issue","80"
"INC4002282","Cant access ACCPAC account","Access Authentication Failure","70"
"INC4002277","Accpac Issue","Application Function Issue","65"
"INC4002251","Tekla structures licens","Application Function Issue","80"
"INC4002070","CDEGS License Issue","Access Authentication Failure","70"
"INC4001962","my local printer not printing","Hardware","90"
"INC4001954","I hardly manage chat , after windows update it i over heat fan is running 24hrs and team stopping , ","Service/Process Failure","85"
"INC4001675","Increase sleep time","Password Reset","60"
"INC4001527","Kofax MarkView 10.2 LOGIN","Application Function Issue","75"
"INC4001148","Onedrive Synch In problem for my laptop and please request to rectify","Service/Process Failure","80"
"INC4001145","zscaler testing - need to turn off to test primtech","Hardware","80"
"INC4001084","battery drainage issues and automatic restart","Hardware","80"
"INC4000963","Software issue (Shutdoun)","Application Function Issue","70"
"INC4000958","Software issue (Shutdown)","Application Function Issue","70"
"INC4000901","Change the approver's name in PO 20239 for the invoice 250198.","Access Grant Request","60"
"INC4000897","Mathcad","Application Function Issue","50"
"INC4000876","Sharepoint sync issue","Network","60"
"INC4000868","Need to add plotter in my device","Hardware","80"
"INC4000830","Work apps not able to access in phone","Access Authentication Failure","85"
"INC4000819","Sharepoint integration with Onedrive","Application Function Issue","90"
"INC4000797","Install JAVA","Application Function Issue","80"
"INC4000394","My Linxon Hubs 200 external events folder is not syncing to my files, will not allow me to save.","Service/Process Failure","95"
"INC4000356","Type C portal having an issue","Application Function Issue","75"
"INC4000324","New Cost Center Not Showing Up","Application Function Issue","85"
"INC4000315","Not able to schedule Team Call from calendar","Application Function Issue","80"
"INC4000259","SLI DE Procurement in Oracle","Application Function Issue","80"
"INC4000258","SAP ariba access","Access Authentication Failure","70"
"INC4000050","I got Teams premium installed, and now I need to add poll function to a previously created town hall","Application Function Issue","90"
"INC4000022","Any AI platforms or sources are provided access for business? If so please let me know the sources w","Access Authentication Failure","60"
"INC3999859","google Chrome","Hardware","95"
"INC3999846","One drive isnt syncing","Application Function Issue","85"
"INC3999825","USB-C TYPE is not working","Hardware","95"
"INC3999741","Need Printer Access - INBAN2","Access Grant Request","95"
"INC3999732","OneERP Oracle EBS (Prod)","Application Function Issue","85"
"INC3999687","One drive sync issue","Network","80"
"INC3999591","Unable to activate PSS/E License","Access Authentication Failure","75"
"INC3999519","Problems with connecting my dockingstation to the computer","Hardware","90"
"INC3999496","Zscaler Not getting connected in Private Network, so that i cant able to login to Oracle while in WF","Network","70"
"INC3999485","Monitor flickering","Hardware","95"
"INC3999476","One drive access issue","Network","85"
"INC3999433","My word & Excel are in arabic, cant change","Application Function Issue","90"
"INC3999368","I'm unable to connect Zscaler","Network","75"
"INC3999066","Install Bluebeam RENU on desktop","Hardware","80"
"INC3999016","Regarding REQ2171559, the installed PSSE software license is not activated","Service/Process Failure","85"
"INC3998914","computer doesn't connect to the network PRINTERS to the office Raleigh, and my sharepoint is not syn","Network","70"
"INC3998769","I cannot get into my work phone","Password Reset","80"
"INC3998641","Lost some data in onedrive.","Application Function Issue","90"
"INC3998627","I'm not able to receive any mail from particular group mail ID suddenly","Network","70"
"INC3998612","Sudden Blackout of the screen & blueness specially when open Microsoft edge","Hardware","85"
"INC3998458","laptop isnt turning off","Application Function Issue","95"
"INC3998427","Zscaler login not working","Access Authentication Failure","90"
"INC3998409","OneDrive is currently not syncing data properly","Application Function Issue","95"
"INC3998392","Need a common email id for Linxon global T&E Team","Hardware","90"
"INC3998236","Copilot not working","Application Function Issue","85"
"INC3998220","OneDrive is not syncing properly, unable to access files in OneDrive","Application Function Issue","80"
"INC3998207","Mouse and Headphone is not working","Hardware","95"
"INC3998179","Mail linked to HR Group - receiving mails not related","Access Grant Request","75"
"INC3998146","Laptop cannot be able to shutdown","Service/Process Failure","70"
"INC3998132","if shutdown the laptop and again restart","Service/Process Failure","65"
"INC3998093","When I've tried to update services, it has not completed.","Service/Process Failure","85"
"INC3998054","I would like to install printer driver to my laptop","Application Function Issue","90"
"INC3998029","Whenever i opened autocad 2024, my PC hangs and restarts automatically after 10-15 sec, i faced this","Hardware","80"
"INC3997924","Unable to log in on any laptop. CHANJ59","Access Authentication Failure","95"
"INC3997884","After Recent windows Update - unable to shutdown the Machine","Service/Process Failure","90"
"INC3997792","Unable to login to laptop, Boot menu not loading","Access Authentication Failure","95"
"INC3997722","Upgrade existing application, ETAP Global Suite 2023 to ETAP Global Suite 2024","Application Function Issue","90"
"INC3997642","Cannot order through Linxon portal","Application Function Issue","85"
"INC3997462","require replacement laptop due to lost current one","Hardware","90"
"INC3997403","Potential security breach","Security Violation","80"
"INC3997326","slow labtob","Network","70"
"INC3997275","Zscaler-Sign in issue","Access Authentication Failure","90"
"INC3997059","cannot access software center","Access Authentication Failure","85"
"INC3997038","My name showing at sharepoint Incorrect with the combination of Upper and Lower cases Closed","Application Function Issue","75"
"INC3997024","Unable to access Infolinx apps (Oracle, Concur, Linxon SharePoints etc)","Access Authentication Failure","90"
"INC3996927","Autodesk Docs project file not appearing","Application Function Issue","80"
"INC3996923","I could not login to BI Launch Pad (SAP BO) application","Access Authentication Failure","95"
"INC3996910","SAP BU login Issue","Access Authentication Failure","90"
"INC3996812","New Laptop Required","Hardware","95"
"INC3996779","Unable to use teams and outlook in mobile","Application Function Issue","90"
"INC3996760","need access to open the JNLP file (JAVA )","Access Grant Request","85"
"INC3996750","Issue identified in the SAP Business objects","Application Function Issue","90"
"INC3996730","Report Error-GL activity by Account -GL Code 12109 (Entity 19716,19717).","Service/Process Failure","80"
"INC3996719","Please add the following Pay Groups in Oracle: SEK 94709002470, EUR 94709002462, USD 94709002489","Access Grant Request","85"
"INC3996611","Old phone number for reset password","Password Reset","95"
"INC3996577","Fuzzy Lookup Add in is Not appearing in excel","Application Function Issue","85"
"INC3996569","External monitor is not connecting. I am at Chennai office. Please look into this issue very urgent","Hardware","90"
"INC3996535","Kofax password reset","Password Reset","95"
"INC3996481","Issue with Outlook - MS Teams meeting add in","Application Function Issue","80"
"INC3996432","Need  help to raise NON catlog request","Access Grant Request","70"
"INC3996431","Headset mic button not working","Hardware","90"
"INC3996405","Laptop restart again while pressed Shut down","Hardware","95"
"INC3996315","Teams issue","Application Function Issue","90"
"INC3996177","Google Earth not installed","Hardware","95"
"INC3996172","Bluebeam Revu not in Software Center.","Hardware","95"
"INC3995878","Laptop automatically restarted after pressed shut down","Access Grant Request","85"
"INC3995863","Got new laptop, need to remove apps from old machine.","Access Authentication Failure","80"
"INC3995820","URGENT- Need access to SAP BI","Application Function Issue","85"
"INC3995762","Can't access InEight tools properly","null","null"
"INC3995492","I need access to PIRS","Access Authentication Failure","85"
"INC3995491","REQ2346713 closed but not available in Software Centre","Application Function Issue","90"
"INC3995472","Autodesk DWG TrueView-Application installation","Application Function Issue","95"
"INC3995303","my mouse buttons are not working","Hardware","90"
"INC3995223","MS word keeps crashing while converting to PDF","Service/Process Failure","80"
"INC3995170","My Plantronics headset is not working properly.","Hardware","95"
"INC3995165","MS teams not loading items and slow","Application Function Issue","85"
"INC3995125","Mouse cursor not working only in top left side of the home screen","Hardware","90"
"INC3995062","Issues in ACC Model loading","Application Function Issue","85"
"INC3995047","MFA reset","Password Reset","95"
"INC3995044","Coordination model can't open in the Revit 2024","Application Function Issue","80"
"INC3995024","Microsoft Visio-Application installation","Application Function Issue","75"
"INC3994958","Need access right to Kheops database","Access Grant Request","85"
"INC3994901","My INS account is not working, please ASAP. SHARP28INS","Application Function Issue","70"
"INC3994857","unable to open powerfactory","Application Function Issue","90"
"INC3994853","Reset MFA","Password Reset","95"
"INC3994734","company laptop stolen & mobile stolen","Security Violation","85"
"INC3994662","Outlook send/receive error","Application Function Issue","80"
"INC3994561","still cant access shared mail box despite request already closed before through REQ2294452","Access Grant Request","90"
"INC3994430","I require PIMS access","Access Grant Request","95"
"INC3994133","Incorrect details in Microsoft Teams / Workday / Infolinx& Needs to be Added to Distribution List","Security Violation","85"
"INC3994014","Bill to address in the POs for Germany needs to be changed","Application Function Issue","80"
"INC3994000","change my laptop power option-1st message send on 20/01","Hardware","70"
"INC3993967","My email has changed from mohammadmaruf.tayeeb@linxon.com to marufmohammad.tayeeb@linxon.com. When i","Password Reset","90"
"INC3993959","Unable to click on the left side of the screen","Application Function Issue","60"
"INC3993945","Blubeam Licens","Service/Process Failure","85"
"INC3993801","Timesheet not working","null","null"
"INC3993796","I need urgent access to Teams Premium","Access Grant Request","95"
"INC3993736","URGENT ACTION NEEDED - Risk of damaged a Sharepoint folder shared with suppliers","Security Violation","85"
"INC3993658","Account is currently lock out and may not be log on to.","Access Authentication Failure","90"
"INC3993657","Account Lockout:- Cant log in","Access Authentication Failure","85"
"INC3993592","Issues sending emails.","Application Function Issue","75"
"INC3993271","Teams App on my Windows laptop is not working","Application Function Issue","80"
"INC3993224","Unable to Open Email Attachments","Application Function Issue","70"
"INC3993200","cannot project my screen onto multiple screens","Application Function Issue","85"
"INC3993131","OUTLOOK NOT WORKING","Application Function Issue","90"
"INC3992993","unable to preview pdf files in emails","Application Function Issue","80"
"INC3992979","Connection to printer - 192.168.1.77","Hardware","95"
"INC3992946","Please unblock and reset the password for Shan Joseph","Password Reset","95"
"INC3992780","New Joiner / Mobile is not on Teams","Employee Onboarding","85"
"INC3992653","work day tasks details cannot be seen ( PDA)","Application Function Issue","75"
"INC3992455","I still cannot get into oracle after 3 days","Access Authentication Failure","95"
"INC3992363","Microsoft sign in issue","Access Authentication Failure","90"
"INC3992358","On my new company phone, it will not allow me to verify my account even when I enter in my email and","Employee Onboarding","85"
"INC3992334","Printer - requires software to install","Application Function Issue","90"
"INC3992288","Query on phishing email report","Security Violation","80"
"INC3992125","Access to a Postbox "Procurement.DE@linxon.com" & "Procurement.CH@linxon.com"","Access Authentication Failure","90"
"INC3992107","Save My Seat portal is not working","Application Function Issue","90"
"INC3992095","OneDrive not syncing- 2nd message send on 26/01","Application Function Issue","85"
"INC3991973","outlook hanging","Application Function Issue","95"
"INC3991959","Can´t open attached in oracle for approving invoices","Application Function Issue","80"
"INC3991957","Charging/Extended display cable not working","Hardware","75"
"INC3991906","cannot log into Microstation","Access Authentication Failure","90"
"INC3991902","Unsuccesful installation for uniFlow sioftware","Service/Process Failure","85"
"INC3991892","I am not getting any emails in my common email box since 2.45 pm","Application Function Issue","85"
"INC3991803","UT41 Degerträsk - Access to External Sharepoint - Powergoup","Access Authentication Failure","75"
"INC3991768","Laptop Speaker not working and Headset use always disconnecting calls, need to click RESUME to conti","Hardware","90"
"INC3991726","Laptop Speaker issue","Hardware","90"
"INC3991709","Audio Issue in MS teams","Application Function Issue","80"
"INC3991707","TEAMS and other applications without access - Suspended awaiting update from User","Access Authentication Failure","85"
"INC3991623","Wants to install government app.","Access Grant Request","90"
"INC3991620","No sound in laptop.","Hardware","95"
"INC3991619","701306 Rheinau and 695022 Beuren are not in the SPE in SAP Ariba","Service/Process Failure","80"
"INC3991519","Not able to open pdf files on the server","Application Function Issue","85"
"INC3991458","Printer Connection Failed","Network","75"
"INC3991390","Reset MFA","Password Reset","95"
"INC3991387","Onedrive Load status","Application Function Issue","80"
"INC3991383","Laptop Hang Issue","Hardware","90"
"INC3991162","Java is not working on my computer","Application Function Issue","85"
"INC3990859","CONCUR Expense system showing error upon opening","Service/Process Failure","80"
"INC3990797","Set up Printer for New Cross","Hardware","95"
"INC3990768","Need to reset MFA for MarufMohammad.Tayeeb@Linxon.com","Password Reset","95"
"INC3990605","Printer at Didcot site not connected to the correct network.","Network","85"
"INC3990596","Autodesk trial expires in  3 days","Application Function Issue","80"
"INC3990544","My oracle time sheet does not allow recording overtime.","Application Function Issue","95"
"INC3990496","Timesheet - unable to submit after making changes","Application Function Issue","90"
"INC3990463","Markview is not working","Application Function Issue","85"
"INC3990429","Blue screen error and labtop reboot automatically","Hardware","80"
"INC3990368","Unable to access to the Outlook","Access Authentication Failure","75"
"INC3990314","Teams invite issue in the outlook","Application Function Issue","70"
"INC3990253","Data Extraction to Excel format issue in autocad","Application Function Issue","65"
"INC3990236","Password reset for user","Password Reset","95"
"INC3990204","He is unable to login. Please provide the password.","Access Authentication Failure","85"
"INC3990174","User  Need Service Account","Access Grant Request","90"
"INC3990149","Disk Storage Full","Application Function Issue","80"
"INC3990143","While working in the PDF, a glitch occurs frequently","Application Function Issue","75"
"INC3990118","cctv Web site not working properly","Web Security","70"
"INC3989995","Timesheet - unable to submit the timesheets","Service/Process Failure","85"
"INC3989919","Computer is lagging","Hardware","80"
"INC3989854","Not able to access Timesheet, getting error","Application Function Issue","95"
"INC3989799","unable to launch Lpile application","Application Function Issue","95"
"INC3989764","Need to install  Microsoft Project 365 app on the machine.","Access Grant Request","85"
"INC3989706","Vacation tool shows I only have 2.36 days for this year","Application Function Issue","90"
"INC3989695","I cannot get into Microsoft Teams on my computer. Just gets stuck on the loading screen.","Service/Process Failure","80"
"INC3989672","unable to connect with connection clint","Network","70"
"INC3989524","need to login new laptop","Hardware","95"
"INC3989520","I am a new starter and i am trying to submit a request for a company credit card but the system is n","Employee Onboarding","85"
"INC3989510","Need to Install JAVA","Application Function Issue","90"
"INC3989466","charging port not working - both type c ports","Hardware","95"
"INC3989278","I Cant able Access my SAP Cocur Expenses","Access Authentication Failure","80"
"INC3989035","Need to MFA","Access Grant Request","75"
"INC3988991","My Display monitor issue - reg.,","Hardware","90"
"INC3988970","New Joiner / Mobile Phone is not on Teams","Employee Onboarding","90"
"INC3988873","Sharepoint Sync Issues - Need to be Rectified","Application Function Issue","85"
"INC3988859","Unable to sign in, gets the compliance error when signing in","Access Authentication Failure","95"
"INC3988802","Microsoft office account not linking","Access Authentication Failure","80"
"INC3988771","Need an access to the server","Access Grant Request","90"
"INC3988736","Issue with one drive and retrieval of files","Application Function Issue","85"
"INC3988726","unable to open powerfactory","Application Function Issue","75"
"INC3988614","Inbox not updating","Application Function Issue","90"
"INC3988157","Not able to run the smartview in excel","Application Function Issue","85"
"INC3987878","I need to configure my laptop with site printer HP OfficeJet Pro 9730, I i think need to install the","Hardware","75"
"INC3987645","lost acces to all Adobe Creative Cloud programs","Access Authentication Failure","80"
"INC3987583","OneDrive - Query on syncing Desktop","Service/Process Failure","70"
"INC3987439","Headset earpads issue","Hardware","95"
"INC3987418","User need help with the company portal setup in the phone","Access Grant Request","85"
"INC3987312","Issue submitting the timesheet","Application Function Issue","90"
"INC3987194","User is facing issue with the laptop microphone","Hardware","95"
"INC3987162","Unable to access service now","Service/Process Failure","85"
"INC3987088","Need to Add project code in the Verification template report in SAP BI Launch pad","Application Function Issue","80"
"INC3986996","Regarding server access","Access Authentication Failure","75"
"INC3986886","Need to add Plotter in my device","Hardware","90"
"INC3986864","Need to reset SAP BO password","Password Reset","95"
"INC3986781","MFA reset required.","Password Reset","95"
"INC3986773","Can not view estimate in a tool, is it blocked by a security policy","Security Violation","85"
"INC3986747","cannot connect to accpac network drive.","Network","90"
"INC3986732","Need to printer plotter to my device","Hardware","75"
"INC3986658","oracle login issue","Access Authentication Failure","95"
"INC3986576","Unable to access concur","Service/Process Failure","80"
"INC3986360","Teams meeting unable to create from outlook","Application Function Issue","85"
"INC3986237",".NET framework won't install","Application Function Issue","80"
"INC3986048","Not Authorized to request Service Account","Access Authentication Failure","95"
"INC3986043","Unable to access the timesheet","Application Function Issue","90"
"INC3986031","Regarding Oracle opening issues.","Application Function Issue","85"
"INC3985980","Company Portal - Mobile not added","Access Authentication Failure","90"
"INC3985969","MFA Reset required.","Password Reset","95"
"INC3985802","Unable to access Oracle","Application Function Issue","80"
"INC3985737","user shared e-mail to privateprforum-workingpage@atkinsglobal.com","Security Violation","95"
"INC3985702","email recall","Application Function Issue","85"
"INC3985564","Microsoft.Net Framework will not insall from Software Center","Application Function Issue","95"
"INC3985552","Keyboard not working","Hardware","90"
"INC3985535","Request for Teams and Outlook in Mobile Phone","Access Grant Request","85"
"INC3985441","Recover Forgot password from Excel sheet","Password Reset","80"
"INC3985440","MFA, outlook & teams' installation","Application Function Issue","85"
"INC3985426","I cant printout using foxit pdf editor. its closed when i take printout.","Application Function Issue","90"
"INC3985312","Not able to install Autocad 2024","Application Function Issue","95"
"INC3985290","Mouse and Headphone is not working.","Hardware","95"
"INC3985276","Fox it needs admin password to run.","Access Authentication Failure","85"
"INC3985266","Please check the attachment and resolve the issue ASAP.","Service/Process Failure","70"
"INC3985065","Excel is not allowing me to run Macro or upload to Oracle  in WEBADI template.  Getting ero message ","Application Function Issue","90"
"INC3984960","Concur Project 704563 has no tasks available to select.","Application Function Issue","80"
"INC3984849","Account lockout","Access Authentication Failure","90"
"INC3984762","Unable to access timesheet","Access Authentication Failure","85"
"INC3984752","Kofax Markview not working","Access Authentication Failure","80"
"INC3984704","Invoice Download Error in Oracle-Saudi RHQ 19722","Application Function Issue","90"
"INC3984699","need to set up intune in phone","Access Grant Request","95"
"INC3984643","NO access to the email and teams in the cell phone","Access Authentication Failure","75"
"INC3984605","Hello there, can help me get access for autodesk civil 3d, it my first time runing soft ware","Access Grant Request","85"
"INC3984588","Need to reset authenticator, can not access account","Password Reset","95"
"INC3984381","Printer is not working in 4th Floor","Hardware","90"
"INC3984380","In 4th floor Printer machine Not working properly","Hardware","90"
"INC3984262","Zscaler - Connection Error","Network","85"
"INC3984039","Zscaler not connected","Network","85"
"INC3983913","Registering mobile number in office 365","Access Grant Request","75"
"INC3983833","Headphones not working","Hardware","90"
"INC3983826","i can't install Autocad software from software center","Application Function Issue","95"
"INC3983815","My computer says to update windows defender. I am unable to open Outlook or corporate systems. Phone","Service/Process Failure","85"
"INC3983810","Cannot elevate account.","Access Authentication Failure","90"
"INC3983780","Power BI access not provided with reference to REQ2299463","Access Grant Request","80"
"INC3983758","External Monitor not connecting","Hardware","90"
"INC3983577","Microsoft teams is not working/ Microphone or sound is not working","Application Function Issue","85"
"INC3983285","mouse is not working","Hardware","95"
"INC3983237","Unable to Complete Device Enrollment","Access Authentication Failure","85"
"INC3983027","As of 12/27, mobile phone no longer connects to Microsoft 365 or Teams.","Application Function Issue","90"
"INC3983022","Not possible to access/login at Oracle","Access Authentication Failure","90"
"INC3983001","I need to change how my name is displayed in outlook","Access Grant Request","80"
"INC3982993","uninstallation Firefox","Application Function Issue","85"
"INC3982958","Cannot launch InEight Estimate","Application Function Issue","95"
"INC3982952","I belong to Linxon Switzerland. We have a tool to book leave days, I'm not able to log in","Access Authentication Failure","85"
"INC3982948","I BEX issue","Application Function Issue","90"
"INC3982941","Laptop is defect","Hardware","95"
"INC3982754","REQ2334031 - Request for software Installation","Access Grant Request","80"
"INC3982729","moved to contingent worker and Primary account restricted access and IT have created a new account n","Access Authentication Failure","75"
"INC3982713","Laptop Keyboard Keys not working properly -1st message send on 07/01","null","null"
"INC3982645","I am not able to access Teams in my phone Model I-Phone 13 , also it is been upgraded to latest iOs","Application Function Issue","85"
"INC3982620","User need help with the password reset as he is a new starter","Password Reset","95"
"INC3982583","Power BI desktop is not installed","Application Function Issue","90"
"INC3982582","Unable to configure company portal app in Iphone "Mohammad Maruf Tayeeb"","Hardware","75"
"INC3982555","Microsoft authenticator require QR code after phone reset","Access Authentication Failure","80"
"INC3982464","Couldn't connect multiple displays","Hardware","80"
"INC3982456","SAP Ariba does not work correctly","Application Function Issue","90"
"INC3982427","I'm unable to send mail to particular mail ID","Application Function Issue","85"
"INC3982418","Error Message in the subject line of the emails","Application Function Issue","95"
"INC3982407","User Account Control popup issue for Foxit","Security Violation","70"
"INC3982264","One excel is extremely slow","Hardware","75"
"INC3982112","Need assistance in setting up Company portal","Access Grant Request","80"
"INC3982095","Work Apps setup on iPhone","Application Function Issue","80"
"INC3982023","Eco online - unable to access  "John Lundy"","Access Authentication Failure","70"
"INC3982008","Not able to access outlook","Application Function Issue","85"
"INC3981934","unable to access software properly","Application Function Issue","75"
"INC3981700","Linxon LUK5CG5442HX9 - SSO not registered | Assign to SD - UK DESKSIDE, Sunny Bharadwa","Hardware","60"
"INC3981610","password reset","Password Reset","95"
"INC3981605","Mobile Phone Number not visible on Teams","Application Function Issue","80"
"INC3981582","Can't see pdfs in outlook","Application Function Issue","85"
"INC3981579","access issue","Access Authentication Failure","75"
"INC3981553","Need to configure a MFA","Access Grant Request","90"
"INC3981434","WLAN connection is not available on my laptop anymore","Network","80"
"INC3981432","Changing to a new computer How to recover all my documents and connection to Zdrive","Hardware","70"
"INC3981424","New Employee / Phone not visible on Teams","Employee Onboarding","85"
"INC3981418","Set up AtkinsRéalis access (Comp portal on mobile phone) is failing","Service/Process Failure","80"
"INC3981299","I cannot access Oracle  when I am working at home. I have to be at the office for it to work.","Network","80"
"INC3981231","User is having issue in logging in to the Bentley connection client from the ProjectWise.","Application Function Issue","70"
"INC3981198","Unable to login to laptop","Password Reset","60"
"INC3981192","Unable to access oracle","Application Function Issue","80"
"INC3981144","Unable to access office applications","Application Function Issue","80"
"INC3981105","Unable to login user with the password","Password Reset","70"
"INC3981101","Email ID Discrepency","Hardware","95"
"INC3980974","Connection issue with ethernet and wifi. Connection is switching between WIFI / Ethernet and no conn","Network","90"
"INC3980850","PowerApp is absent","Application Function Issue","90"
"INC3980784","My Mouse not working properly","Hardware","95"
"INC3980750","Extended Screen not working on new docking","Hardware","95"
"INC3980736","Extended screen not working for the laptop with docking station","Hardware","95"
"INC3980735","Issue with MFA.","Access Authentication Failure","90"
"INC3980707",""Foxit PDF" tab missing in MS excel","Application Function Issue","95"
"INC3980679","The Monitor (separate display unit) is getting ON and OFF frequently.","Hardware","90"
"INC3980652","Reset MFA","Password Reset","95"
"INC3980544","Unable to login Payroll portal","Access Authentication Failure","85"
"INC3980490","Printer not working with my laptop and the page will come empty","Hardware","80"
"INC3980152","Internet disconnecting frequently","Network","85"
"INC3980016","ThinkCell License Key has expired","Service/Process Failure","90"
"INC3979963","Team Invite unable to create from Outlook mail","Access Grant Request","85"
"INC3979667","Required bitlocker recovery key","Security Violation","90"
"INC3979575","iTunes  issue","Application Function Issue","80"
"INC3979432","deleted emails","Access Authentication Failure","75"
"INC3979391","Account locked out issue","Access Authentication Failure","95"
"INC3979373","Kindly Install this Software - REQ2334622","Access Grant Request","90"
"INC3979358","Enquire about the request, REQ2334031, Oracle Primavera P6 Professional EPPM 19 (19.12.0.34128) - GL","Access Grant Request","80"
"INC3979344","Issue with opening autocad file","Application Function Issue","90"
"INC3979174","Foxit PDF access issues "Javier Celdran"","Access Authentication Failure","85"
"INC3978917","My Mouse is not working properly","Hardware","95"
"INC3978847","need to add printer","Access Grant Request","80"
"INC3978813","unable to access file in macros","Application Function Issue","85"
"INC3978778","Error on oracle time sheet entry","Service/Process Failure","85"
"INC3978764","Need site printer driver installation","Access Grant Request","80"
"INC3978505","not able to sign into one drive. authenticator not working","Access Authentication Failure","90"
"INC3978478","Autocad license","Application Function Issue","80"
"INC3978383","Zscaler connection error","Network","75"
"INC3978371","Oracle timesheet does not have the updated Name","Application Function Issue","85"
"INC3978337","zscaler isnt working","Network","70"
"INC3978324","Unable to access to the Timesheet","Access Authentication Failure","90"
"INC3978318","Issue with Phishing email","Security Violation","85"
"INC3978313","Unable to Authenticate Using Authenticator","Access Authentication Failure","95"
"INC3978310","Password reset for the new starter","Password Reset","95"
"INC3978290","Issue with Windows Hello","Access Authentication Failure","80"
"INC3978237","Cannot use computer","Hardware","80"
"INC3978019","CAD activation","Application Function Issue","70"
"INC3977957","Laptop working issues , Keyboard not working","Hardware","90"
"INC3977944","User wanted to know the syncing process","Service/Process Failure","60"
"INC3977842","Edge browser , Teams sign in issue","Application Function Issue","75"
"INC3977829","Reset MFA","Password Reset","95"
"INC3977791","need access for MS project","Access Grant Request","85"
"INC3977615","Set up pin - sign in option","Access Authentication Failure","70"
"INC3977543","Password reset-KHANK23","Password Reset","95"
"INC3977458","Unable to share document in external sharepoint","Application Function Issue","90"
"INC3977121","Physical Damage Case - 5CG4170PFQ - Laptop Keyboard is not working.","Hardware","95"
"INC3976988","Not able to open dwg files from share point.","Application Function Issue","85"
"INC3976791","My name showing Incorrect with the combination of Upper and Lower cases","Application Function Issue","70"
"INC3976674","Email signature changes made changes back after 24 hours","Service/Process Failure","80"
"INC3976626","Autocad opening issue","Application Function Issue","95"
"INC3976566","user unable to access particular project in procore","Access Authentication Failure","80"
"INC3976560","Timesheet Report Error -UK","Application Function Issue","90"
"INC3976507","Need to add printer","Hardware","95"
"INC3976480","Access to client portal.","Access Grant Request","85"
"INC3976464","Need to clean my system","Service/Process Failure","70"
"INC3976447","TEKLA LICENS","Security Violation","60"
"INC3976431","Markview password is not resetting","Password Reset","95"
"INC3976357","Authenticator Request","Access Grant Request","90"
"INC3976317","Audio and video is not working in Teams call","Application Function Issue","85"
"INC3976078","IT SSC - Specific request or Question - NAC50058","Access Grant Request","95"
"INC3975997","Time Sheet report issue for INOPC & UK entities","Application Function Issue","90"
"INC3975900","Teams is not working properly","Application Function Issue","95"
"INC3975764","Oracle Timesheet Description","Access Authentication Failure","85"
"INC3975627","change approver in Oracle from El Malki, Karim to Navaro Carlos","Access Authentication Failure","80"
"INC3975595","Unable to access the teams and the outlook in the mobile device","Application Function Issue","90"
"INC3975460","Invoices sent to Kofax is not importing","null","null"
"INC3975404","Need to connect with Printer network","Network","90"
"INC3975320","Unable to download AtkinsRealis Management profile on new iPhone","Application Function Issue","85"
"INC3975302","Unable to connect the Zscaler","Network","95"
"INC3975098","Unable to find foxit editor","Application Function Issue","80"
"INC3974698","Validated invoices are not interfaced into Kofax and is stuck in Markview Monitoring queues","Service/Process Failure","95"
"INC3974641","Unable to login into SAP BI","Access Authentication Failure","90"
"INC3974573","ZPA is not connecting","Network","95"
"INC3974463","Oracle: Overtime and overtime bank does not show after HR confirmed they fix it","Application Function Issue","85"
"INC3974437","Web Cam issue","Hardware","90"
"INC3974268","The laptop frequently freezes and occasionally restarts on its own. pls refer the screen shot.","Access Grant Request","80"
"INC3973867","Request for enabling "Sync" for Project sharepoint","Application Function Issue","75"
"INC3973859","My Autodesk Construction cloud is a trial and only has 14 days left","null","null"
"INC3973771","Azure Conditional Access for Devices - Laptop asking to recovery key after every restart","Password Reset","95"
"INC3973741","Need Bitlocker Key","Password Reset","90"
"INC3973736","Microsoft Authenticator - Reset","Password Reset","85"
"INC3973611","Can't log in to my shadow (SLI) account and complete it.  When I clicked on the '3SLI Citrix Porta',","Application Function Issue","80"
"INC3973582","Microsoft Visio not working","Application Function Issue","75"
"INC3973577","Microsoft Outlook & Teams login connectivity issue","null","null"
"INC3973550","Zsacler Connection Issue","Hardware","80"
"INC3973433","Laptop not getting charged, I tried many ways but till it is not getting charged","Hardware","90"
"INC3973304","time sheet not working","Application Function Issue","70"
"INC3973270","EBS Access","Access Authentication Failure","60"
"INC3973257","Access a program after installing- 3rd message send on 24/12","Application Function Issue","50"
"INC3973249","wired mouse is not working","Hardware","95"
"INC3973240","unable to open powerfactory","Application Function Issue","85"
"INC3973226","MS excel  is not working in Work from Home","Application Function Issue","90"
"INC3973212","Wireless mouse is not working.","Hardware","95"
"INC3973146","I request a backup of my emails for the past one year. One particular email appears to be missing fr","Access Grant Request","85"
"INC3973092","Password reset","Password Reset","95"
"INC3973089","Urgent support - We are unable to elevate the other region laptops.","Node/Device Down","80"
"INC3972807","IT SSC - Specific request or Question - NAC50058","Access Authentication Failure","70"
"INC3972800","portal states - not primary user","Access Authentication Failure","70"
"INC3972785","Concur access","Access Grant Request","80"
"INC3972752","i cannot complete my timesheet via orical as i cannot select the type of pay","Application Function Issue","95"
"INC3972656","With regarding ASPEN/Oneliner 15.7 (REQ2327659) - License Key was nor provided","Access Grant Request","85"
"INC3972616","Issue - logging in to Oracle","Access Authentication Failure","90"
"INC3972399","Headset Mic is not working","Hardware","95"
"INC3972385","User facing issue with printer catridge","Hardware","95"
"INC3972300","Printer needs to be relinked","Application Function Issue","80"
"INC3972153","Need to Install the latest Onedrive","null","null"
"INC3972133","Not able to post jobs on WD recruiter","Application Function Issue","95"
"INC3972129","printer at New Cross office down causing a backlog of print work.","Hardware","90"
"INC3972121","can't connect to printer","Hardware","85"
"INC3972083","Zscaler not connecting on home network","Network","80"
"INC3972075","Headphone mic is not working","Hardware","90"
"INC3972059","Issue in printing files","Hardware","85"
"INC3971994","Foxit PDF attachment preview is not available in Outlook","Application Function Issue","80"
"INC3971858","Oracle time sheet booking application is not working properly","Application Function Issue","95"
"INC3971682","Issue with signing into the apps in the laptop. Where asking for passkey.","Password Reset","85"
"INC3971672","Need to access the laptop, it is asking for passkey from another device, not able to login the machi","Password Reset","80"
"INC3971601","Computer mention it need a bitlocker as John Lundy do not remember computer password","Password Reset","75"
"INC3971577","I am not able to make searching for any word in FOXIT PDF Editor for any file, however same files be","Application Function Issue","95"
"INC3971545","Error 1001 on Page www.eisen-pfeiffer.de","Application Function Issue","85"
"INC3971335","New Hire John Lundy Needs access to US Oracle Timesheets","Access Grant Request","90"
"INC3971302","Do not remember password to enter the computer","Password Reset","80"
"INC3971293","Upgrade For Plannex tool","Application Function Issue","75"
"INC3971287","Difference in Oracle Co 19706 on account 22101 between TB / GL / Aging report","Application Function Issue","85"
"INC3971171","screen problem","Hardware","90"
"INC3971052","Zscaler not connected","Network","85"
"INC3971035","New Cross Print not working after changing powder ink","Hardware","80"
"INC3971030","Laptop login error - 5CG1234KHJ - THBAN2420703","Access Authentication Failure","75"
"INC3970904","I'm trying to request access to MS Project however the application request does not regognise my com","Access Grant Request","70"
"INC3970776","i cant install revit 2026","Application Function Issue","65"
"INC3970761","Oracle and Markview slow on Atkins network","Network","80"
"INC3970735","Problem to log in to Oracle","Access Authentication Failure","95"
"INC3970715","i cant access concur portal.","Access Authentication Failure","90"
"INC3970672","Connecting External Monitor","Hardware","85"
"INC3970375","https://atkins.service-now.com/now/nav/ui is really slow and doesnt pull back results","Service/Process Failure","80"
"INC3970344","Unable to access Oracle or network Drive","Access Authentication Failure","90"
"INC3970319","account got disabled","Access Authentication Failure","95"
"INC3970208","Need help moving one folder from the share point to anotherone","Access Grant Request","75"
"INC3970040","Install app into computer","Application Function Issue","85"
"INC3970035","cannot install revit 2024","Application Function Issue","90"
"INC3970020","Zip file unable to open.","Application Function Issue","80"
"INC3969905","Can not enter computer","Hardware","75"
"INC3969734","ZScaler cannot establish a connection and causes several errors, e.g. no access to the licence key f","Service/Process Failure","95"
"INC3969731","Oracle not accessible","Network","80"
"INC3969693","Mathcad prime licence is not activated","Application Function Issue","85"
"INC3969647","Error while loading a file in Revit 2023","Application Function Issue","95"
"INC3969583","Request for redundancy in deletion of SharePoint","Access Grant Request","85"
"INC3969550","Mozilla firefox installed","Application Function Issue","90"
"INC3969521","Workday induction course stuck","Application Function Issue","95"
"INC3969513","need to unable account","Access Authentication Failure","80"
"INC3969495","keypad not working","Hardware","90"
"INC3969490","SAP BO not able to access","Access Authentication Failure","85"
"INC3969471","Onedrive not functioning","Application Function Issue","95"
"INC3969468","Connectivity issues with Zscaler","Network","90"
"INC3969464","Request for Changing the existing Mail id","Access Grant Request","85"
"INC3969453","Smartview 'hyperion.commonaddin" got disabled","Application Function Issue","90"
"INC3969405","Authentication pop up isn't coming through to user","Access Authentication Failure","80"
"INC3969323","User need help with the MFA setup","Password Reset","75"
"INC3969259","Use of my correct Name in teams,Change Company Name from Linxon India Engineering Private Limited to","Employee Onboarding","60"
"INC3969212","MS. excel software is getting struck","Application Function Issue","95"
"INC3969177","issue with Foxit PDF editor","Application Function Issue","95"
"INC3969166","Time is not correct in laptop.","Hardware","85"
"INC3969163","User is facing issue with the foxit","Application Function Issue","90"
"INC3968986","HYEVC video extention","Service/Process Failure","80"
"INC3968950","zscaler","Security Violation","75"
"INC3968818","office add-in","Application Function Issue","90"
"INC3968632","Slow Computer / Obsolete -1st message send on 15/12","Hardware","80"
"INC3968577","workday and learning portal sign in error","Access Authentication Failure","90"
"INC3968489","issue with the MFA","Service/Process Failure","85"
"INC3968466","ETAP 2024 - Rulebook Error","Application Function Issue","80"
"INC3968387","MY INS account is showing locked out.","Access Authentication Failure","90"
"INC3968343","Share point issues. While payment selection uploading approver not getting notifications.","Application Function Issue","70"
"INC3968334","Zscaler not working ... error","Application Function Issue","85"
"INC3968322","Not receiving emails once the rush request is raised.","Service/Process Failure","75"
"INC3968200","Local team support required to restore file from one drive","Application Function Issue","85"
"INC3968170","Zscaler is not working","null","null"
"INC3968164","I can't able to access my adobe software, it's crashing when i try to work.","Application Function Issue","95"
"INC3968159","Issue with REQ2324890's fullfilment","Service/Process Failure","85"
"INC3968096","oracle timesheet login issue","Access Authentication Failure","90"
"INC3968063","Please add One Drive to my system","Access Grant Request","95"
"INC3967658","Zcasler not working","Application Function Issue","90"
"INC3967391","TEKLA STRUCTURAL DESIGNER 2025 LICENCE ISSUE","Application Function Issue","95"
"INC3967382","Laptop One drive Sync issues persists and oracle refresh is consuming much time due to lap performan","Application Function Issue","85"
"INC3967373","camera and speaker not working","Hardware","80"
"INC3967365","Power BI not installed","Application Function Issue","90"
"INC3967255","Issue with user account","Access Authentication Failure","75"
"INC3967182","Unable to log in to my time sheet","Access Authentication Failure","80"
"INC3967031","Zscaler is not connecting and it affects access to oracle timesheet portal","Network","70"
"INC3966991","MS Project access-1st message send on 12/12","Access Authentication Failure","80"
"INC3966983","INCHE2 VC issue.","Application Function Issue","90"
"INC3966911","Mouse is too sensitive","Hardware","95"
"INC3966870","Laptop is hanging","Hardware","95"
"INC3966851","I can't be able to see the calendar and meetings schedules in MS teams!","Application Function Issue","85"
"INC3966815","Teams not working properly","Application Function Issue","90"
"INC3966806","Sharepoint Drive in File Explorer","Access Authentication Failure","70"
"INC3966787","unable to connect with extended monitors","Hardware","95"
"INC3966780","Uninstall apps / zscaler issue","Web Security","90"
"INC3966766","Desktop USB ports are not working","Hardware","95"
"INC3966764","Sysytem Microphone is is not working","Hardware","95"
"INC3966720","Unable to login in oracle during work from home.","Access Authentication Failure","85"
"INC3966704","Zscaler connection error","Web Security","90"
"INC3966578","printer mapping","Application Function Issue","80"
"INC3966577","iTunes","Application Function Issue","80"
"INC3966263","application removal","Application Function Issue","80"
"INC3966147","I don't have access to Zscaler","Access Authentication Failure","85"
"INC3966102","help setting up new iphone","Hardware","90"
"INC3966074","Email","Application Function Issue","85"
"INC3966018","I am experiencing an issue where PDF documents are not printing and show a blank preview.-1st messag","Application Function Issue","80"
"INC3965974","Scilab got removed","Employee Onboarding","75"
"INC3965939","Outlook-Unable to access","Access Authentication Failure","95"
"INC3965861","New employee / Mobile phone not visible on Teams","Hardware","95"
"INC3965827","MFA is not set up properly","null","null"
"INC3965706","Usb-C to Usb-C cable not working","null","null"
"INC3965696","microstation sign in fail","Access Authentication Failure","90"
"INC3965681","One note is not working","Application Function Issue","85"
"INC3965633","FACING ISSUE IN TEKLA STRUCTURAL DESIGNERS 2025 SOFTWARE","Application Function Issue","80"
"INC3965604","oracle Smart View Software is not available in the software center","Access Authentication Failure","75"
"INC3965543","Cannot access Oracle","Access Authentication Failure","95"
"INC3965519","user unable to access the shapoint mp4 video","Application Function Issue","70"
"INC3965499","issue with the co pilot","Application Function Issue","60"
"INC3965429","SmartView is installed in the system, but not able get connections in excel","Application Function Issue","95"
"INC3965364","Account unblock and password reset","Password Reset","90"
"INC3965326","Inbox issues with Outlook","Application Function Issue","85"
"INC3965147","Workday access issue.","Access Authentication Failure","80"
"INC3965108","no space in hard disk and system is very slow and it is not syn","Hardware","90"
"INC3964947","New starter kit not received","Employee Onboarding","75"
"INC3964801","Can´t use extern screens","Hardware","85"
"INC3964797","SmartView is installed in the system, but not able get connections in excel","Application Function Issue","90"
"INC3964754","Trying to extract documents from zip file, getting Error message","Application Function Issue","85"
"INC3964607","i need access for this folder \\sli4032\public\INOPC ENGINEERING","Access Grant Request","95"
"INC3964600","Unable to access Oracle and Send this file along with inability to open MP4 videos","Service/Process Failure","80"
"INC3964590","i'm unable to login to my time sheet","Access Authentication Failure","90"
"INC3964584","workstation 128 Monitor not working","Hardware","95"
"INC3964479","MOUSE REQUIRED","Access Grant Request","85"
"INC3964351","Old Employee ID (563925), is still retaining","Employee Offboarding","90"
"INC3964350","Copilot not working properly","Application Function Issue","80"
"INC3964279","Access to powerapp-sharepoint, Oracle, SAP Ariba, PIRS, Kofax (Markview)","Access Authentication Failure","75"
"INC3964270","User need help with the c drive clean up","Service/Process Failure","70"
"INC3964251","Employee is now offboarded","Employee Offboarding","95"
"INC3964157","Unable to access Authenticator app","Access Authentication Failure","95"
"INC3964066","Revit 2023 unexpectedly closes","Application Function Issue","90"
"INC3964038","Unable to Edit Excel Cells","Application Function Issue","85"
"INC3964007","Outlook not working so unable to open mail attachments for approval (work impacted)","Service/Process Failure","80"
"INC3963947","Request for Assistance – Removal of Adobe PDF Reader / Ticket Creation Support","Access Grant Request","75"
"INC3963419","Issue running ETAP application","Application Function Issue","85"
"INC3963346","ZScaler unable to connect","Network","90"
"INC3963334","New Employee / Phone number not visible on Teams","Employee Onboarding","85"
"INC3963292","I keep loosing internet connection to Z drive and outlook","Network","70"
"INC3963214","Can not access Oracle","Application Function Issue","80"
"INC3963172","The project in ACC Docs cannot be accessed via Revit.","Access Authentication Failure","75"
"INC3963156","unable to access Concur & oracle","Access Authentication Failure","75"
"INC3963146","My Phone password stopped working","Password Reset","90"
"INC3963143","Using incorrrect Asana licences","Application Function Issue","80"
"INC3963133","VM1-Issue with Oracle User login","Password Reset","85"
"INC3963029","Concure and Oracle","Access Authentication Failure","70"
"INC3962995","Unable to access Oracle Timesheet","Access Authentication Failure","75"
"INC3962977","My Admin account showing locked","Access Authentication Failure","90"
"INC3962939","Software is not being approved","Service/Process Failure","65"
"INC3962878","Unable to access applications on PC","Application Function Issue","80"
"INC3962713","Zscaler connection error","Network","85"
"INC3962679","User need a temporary password for login","Password Reset","95"
"INC3962633","Laptop not getting power on","Hardware","95"
"INC3962631","NEED TO UPDATE STAAD - REG","Application Function Issue","85"
"INC3962616","Need MFA Set up","Access Authentication Failure","90"
"INC3962546","oracle Login issue","Access Authentication Failure","80"
"INC3962522","The Internet is too slow in the INCHE1 location, LAN & WAN both.","Network","90"
"INC3962294","Zscaler Private Access (ZPA) issue , Unable to open  timesheet.","Application Function Issue","75"
"INC3962184","Laptop - Slow operation and Battery draining fast","Hardware","85"
"INC3962007","Query on network drive path","Network","80"
"INC3961994","Can't login into service account.","Access Authentication Failure","95"
"INC3961868","Revit ACC clouds","Access Authentication Failure","85"
"INC3961696","I can't login ZSCALER","Access Authentication Failure","90"
"INC3961678","Cannot access documents stored on network drive \\WNLD153F001MP.sli.bz\SEVAS4Public","Network","80"
"INC3961558","Unanble to use VCW","Application Function Issue","75"
"INC3961526","zscaler","Access Authentication Failure","70"
"INC3961511","Unable to sign in to the timesheet","Access Authentication Failure","90"
"INC3961503","I need IT support for my phone - SD-IN Linxon Prem","Hardware","85"
"INC3961392","Hi Good morning. I cant login my Microsoft OneDrive","Access Authentication Failure","95"
"INC3961345","Unable to see meeting details in Teams app but its appearing in Outlook calender","Application Function Issue","85"
"INC3961204","Oracle is not working","Application Function Issue","90"
"INC3961191","Unable to find the STAAD.Pro connect edition software in quick search bar","Application Function Issue","80"
"INC3961187","Fox IT is asking for admin credentials","Security Violation","90"
"INC3961182","Internet Connectivity Issue During Power Outage @Vadodara","Network","85"
"INC3961181","Teams add-in issue","Application Function Issue","85"
"INC3961180","Headphone is not detected to Laptop","Hardware","90"
"INC3961179","internet was down for a while","Network","80"
"INC3961121","Zscaler isn't connecting","Application Function Issue","75"
"INC3961120","Atkins realis-Guest network connecting issue at INFAR1","Network","70"
"INC3961108","Teams and Outlook Access in Mobile","Application Function Issue","80"
"INC3961032","Revit 2024 Update","Application Function Issue","65"
"INC3960725","i need to install foxfit into my computer","Hardware","85"
"INC3960704","Zscaler Service Status issues","Service/Process Failure","95"
"INC3960653","the link does not work for me to register for the Oracle package when I try and use the link","Application Function Issue","85"
"INC3960650","I cannot get onto built intelligence programme as the link that I have does not work to register","Application Function Issue","85"
"INC3960594","Zscaler not working","Service/Process Failure","90"
"INC3960587","Invoice Download Error in Oracle-Saudi RHQ 19722","Application Function Issue","75"
"INC3960486","US- Fox Editor Query- Alycia Wong- 577737","Access Authentication Failure","60"
"INC3960431","Auto CAD software is getting struck","Application Function Issue","90"
"INC3960426","Not able to connect Mr V Jayaprakash (571521) in MS TEAMS group call","Access Authentication Failure","85"
"INC3960418","Oracle Issue – Immediate Attention Required","Service/Process Failure","95"
"INC3960385","Oracle Login _ Time sheet Entry","Service/Process Failure","80"
"INC3960277","Support required to install software","Access Grant Request","75"
"INC3960233","Unable to activate ETAP license","Access Authentication Failure","85"
"INC3960230","Connection to one drive breaking on a regular basis","Network","70"
"INC3960224","Installation of HBK Reliasoft Software modules","Application Function Issue","90"
"INC3960164","ZPA is not connecting","Network","85"
"INC3960020","Microsoft Project Licence not allocated to username TUNNV / Vincent.Tunn@linxon.com","Access Grant Request","95"
"INC3960001","New Employee / Phone number not visible on Teams","Employee Onboarding","80"
"INC3959905","Need to connect with Printer network","Network","85"
"INC3959900","Request for printer access","Access Grant Request","95"
"INC3959872","SmartView is installed in the system, but not able to get connections in excel.","Application Function Issue","95"
"INC3959860","SmartView is installed in the system, but not able get connections in excel.","Application Function Issue","95"
"INC3959845","Daniel has been reactivated in workday but has not access to his e-mails","Access Authentication Failure","85"
"INC3959835","Revit ACC cloud problem","Service/Process Failure","75"
"INC3959815","SAP BI reports - not able to log in","Access Authentication Failure","90"
"INC3959803","Unable to loginto ORACLE to log timesheets because of Zscaler issue","Access Authentication Failure","95"
"INC3959722","Outlook mail not working","Access Authentication Failure","90"
"INC3959717","I am unable to access Intune on Mobile device","Access Authentication Failure","85"
"INC3959675","trying to open foxit asking for sing in","Access Authentication Failure","80"
"INC3959596","Mailbox is full","Application Function Issue","90"
"INC3959582","Unable to log into Oracle","Access Authentication Failure","95"
"INC3959561","Unable to submit document in client portal","Application Function Issue","85"
"INC3959508","Zscalar not working","Web Security","80"
"INC3959053","New  user, need assistance with sign in machine first time and setting up authenticator app.","Employee Onboarding","95"
"INC3959020","Zscaler not connected","Access Authentication Failure","85"
"INC3958850","i unable to access markview and Oracle","Application Function Issue","90"
"INC3958840","I need help with Sync of Onedrive","Application Function Issue","80"
"INC3958608","Access to teamcenter being blocked","Access Authentication Failure","85"
"INC3958540","server excess","Service/Process Failure","75"
"INC3958400","Need assistance in resetting password","Password Reset","95"
"INC3958383","Need to create payment process profile in Oracle","Application Function Issue","85"
"INC3958328","unable to access oracle","Access Authentication Failure","90"
"INC3958210","AutoCAD software","Application Function Issue","75"
"INC3958199","Markview not working while using home Wifi","Network","80"
"INC3958140","Windows Hello no longer working","Application Function Issue","85"
"INC3958067","Onedrive sync in problem for my laptop","Application Function Issue","70"
"INC3958052","Some of the zip files are now hyper links","Security Violation","65"
"INC3958030","Unable to find the user over the teams with the name","Access Authentication Failure","75"
"INC3957919","Extended displays are not working","Application Function Issue","95"
"INC3957778","New employee Brian Amendt needs access to US timesheets","Access Grant Request","90"
"INC3957740","Foxit pdf app is not working","Application Function Issue","90"
"INC3957590","installation of desktop connector version 16.3 due to bugs on latest versions","Application Function Issue","85"
"INC3957443","Name Change in profile has locked Jim/Francis Charlesworth out of his laptop/zscaler","Security Violation","80"
"INC3957411","Screen locking in after few minutes","Hardware","75"
"INC3957409","Need access to US Z:","Access Authentication Failure","90"
"INC3957357","USB-C ports don't seem to be functioning.  Cannot connect to multiple displays.","Hardware","85"
"INC3957346","Zscaler connection error","Web Security","80"
"INC3957330","cant download Documents from other sharepoints","Access Authentication Failure","75"
"INC3957322","Windows Login - account locked","Password Reset","95"
"INC3957226","Unable to access company resources using company phone – compliance error.","Service/Process Failure","85"
"INC3957175","Project Wise and Printer Installation assistance required from IT team.","Hardware","80"
"INC3957089","Oracle time sheet entry error","Application Function Issue","90"
"INC3957087","Work profile creation in my mobile","Employee Onboarding","70"
"INC3957013","Zscaler - connection error","Network","85"
"INC3956985","Kindly do a profile flush and rebuild the machine.   Machine is  Non-compliant for windows security ","Store Rebuild","95"
"INC3956975","machine is  Non-compliant for windows security patches, please rebuild the machine.  Please confirm ","Security Violation","95"
"INC3956965","ASPEN Inc OneLiner 15.8 (15.8.10.44585) - GLOBAL // STANDALONE - No dongle received","Hardware","85"
"INC3956937","Access to company apps got disabled in laptop","Access Authentication Failure","90"
"INC3956930","Unable to extend the end date for this project 680573 current end date is Nov'25 need to extend it t","Service/Process Failure","80"
"INC3956804","removal of work profile from old iphone","Hardware","90"
"INC3956797","need to setup new authentication on new phone","Access Authentication Failure","95"
"INC3956791","zscaler not working","Application Function Issue","90"
"INC3956778","Replacement of Mouse","Hardware","95"
"INC3956776","Login Foxit PDF needed?","Access Authentication Failure","85"
"INC3956717","Zscaler - Connection error","Network","80"
"INC3956716","Unbale to login in Mobile","Access Authentication Failure","90"
"INC3956694","AutoCad Download","Application Function Issue","85"
"INC3956636","MAIL MERGING NOT WORKING","Service/Process Failure","95"
"INC3956619","Need to update zscaler and have no pw","Access Authentication Failure","80"
"INC3956596","Not able to Login to Oracle EBS","Access Authentication Failure","95"
"INC3956556","PDF program will be expired today","Application Function Issue","90"
"INC3956539","Forgotten Windows Password to log in to computer","Password Reset","95"
"INC3956518","Install HP Smart to use Printer","Hardware","90"
"INC3956517","Second monitor in work desk not working properly.","Hardware","90"
"INC3956510","IT SSC - Specific request or Question - NAC50058","Access Grant Request","85"
"INC3956493","No access to Time reporting","Access Authentication Failure","90"
"INC3956459","Zscaler is not connecting to the home/mobile network","Network","85"
"INC3956439","Device is showing non- complaint","Application Function Issue","70"
"INC3956403","Foxit - Prompting for Sign In","Access Authentication Failure","90"
"INC3956385","Laptop charging port is not working since morning.","Hardware","95"
"INC3956373","oracle is not working","Application Function Issue","80"
"INC3956218","Logitech Options+ not successfully downloading from Software Center","Application Function Issue","80"
"INC3956204","UAR: User manager had failed to complete User access review in the period and the UAR was closed as ","Access Revoke","80"
"INC3956135","Revit Licenes","Application Function Issue","70"
"INC3956094","Oracle not working in Home Wifi","Network","60"
"INC3956081","Unable to connect Oracle in Home","Application Function Issue","60"
"INC3956069","Zscaler-Login issue","Access Authentication Failure","80"
"INC3955981","IonutGabriel.Cojocea@linxon.com can not access his laptop he keeps restarting","Hardware","90"
"INC3955979","User needs help to set up the Authentication method.","Access Authentication Failure","95"
"INC3955955","My Headset Microphone will not connect and will not let me speak in teams but the audio will","Application Function Issue","85"
"INC3955941","Need password for new joinee","Employee Onboarding","90"
"INC3955791","I need to setup a travel, and I don't have access to Concur Expenses","Access Authentication Failure","80"
"INC3955784","needs to chnage language","Access Authentication Failure","75"
"INC3955740","unable to use multiple application when working from home due to Zscaler","Network","85"
"INC3955703","User is unable to login, Temp password expired","Password Reset","95"
"INC3955695","Logging Into Autodesk","Access Authentication Failure","80"
"INC3955536","My new mobile Authenticator App not Functioning","Application Function Issue","90"
"INC3955534","zscaler issue, unable to connect","Network","85"
"INC3955532","Need a Zscaler code.","Access Grant Request","90"
"INC3955528","my oracle is not working","Application Function Issue","85"
"INC3955496","zscaler issue","Network","75"
"INC3955457","Intermittent Zscaler Connectivity Issues","Network","90"
"INC3955404","Unable to Create record for Jordan Hire","Employee Onboarding","85"
"INC3955360","Foxit pdf editor asking for SSO signin","Access Authentication Failure","90"
"INC3955347","The user is unable to login in following laptop's.","Access Authentication Failure","80"
"INC3955315","printer need to add","Hardware","95"
"INC3955298","Desktop monitor's display got an issue","Hardware","90"
"INC3955285","Foxit login issue","Access Authentication Failure","95"
"INC3955249","Zscaler password not working / Zscaler not connecting","Access Authentication Failure","90"
"INC3955239","I cant access Oracle via Linxon Infolinx Home","Access Authentication Failure","80"
"INC3955051","Z Scalar not wokring, Oracle Time sheets unable to og in","Application Function Issue","70"
"INC3955034","can't access to Oracle","Access Authentication Failure","90"
"INC3954962","Outlook and Teams Login issue","Network","60"
"INC3954960","Zscaler not working","Application Function Issue","85"
"INC3954953","Need to keep the SLI account active","Access Grant Request","95"
"INC3954941","Oracle and Zscaler isn't working since Friday.","Application Function Issue","75"
"INC3954931","ZSCALER ISSUE","Application Function Issue","95"
"INC3954906","Zscalar connection Error","Network","95"
"INC3954905","zscaler connectivity error","Network","95"
"INC3954867","Zscalar not getting signed in","Access Authentication Failure","85"
"INC3954829","Not able to connect VPN","VPN","90"
"INC3954730","Facing problem to install the AutoCAD software, from software center.","Application Function Issue","80"
"INC3954717","Dayforce credentials not received","Access Authentication Failure","85"
"INC3954555","Need storage for outlook as the storage is full","Service/Process Failure","75"
"INC3954242","To upload my timesheets in Oracle, when I selected ‘Open Link In New Tab’, the page says 'Hummm...ca","Application Function Issue","90"
"INC3954103","SSO Concur is not working","Application Function Issue","85"
"INC3954085","I can't access Oracle time writing portal - get an error message. Tried yesterday and today","Application Function Issue","95"
"INC3954048","URGENT ACTION NEEDED : Project Folder for UT41 Degerträsk deleted","Security Violation","80"
"INC3953893","Sharepoint files will not synchronize and a link cannot be added to my onedrive","Service/Process Failure","75"
"INC3953892","MS outlook email and MS team is not working","Application Function Issue","95"
"INC3953883","Incorrect GL date showing while the reversal happened in November","Application Function Issue","85"
"INC3953848","Zscaler-Login issue","Access Authentication Failure","90"
"INC3953846","Oracle not working, I have issues with Zscaler.","Application Function Issue","80"
"INC3953745","Wrong phonenumber in my signature","Hardware","90"
"INC3953700","PW/ BENTLY IS NOT WORKING/CONNECTING  - UPDATES TO GET INSTALLED","Application Function Issue","75"
"INC3953673","USB-C ports issue","Hardware","95"
"INC3953532","Some windows application(for example Calculator) can not be used","Application Function Issue","95"
"INC3953455","Zscaler not working","Application Function Issue","95"
"INC3953445","Laptop's battery seems to be damaged - office visit 12-14 Jan 26","Hardware","90"
"INC3953396","Zscaler issue","Application Function Issue","95"
"INC3953392","Installation Error of Revit 2024","Application Function Issue","95"
"INC3953390","Revit 2024 Upgrade","Application Function Issue","95"
"INC3953383","Zscaler issue in the system","Application Function Issue","95"
"INC3953378","Zscaler not working","Application Function Issue","95"
"INC3953365","Zscaler Private Access (ZPA) not working","Application Function Issue","95"
"INC3953363","Hello team, I need to get this sharepoint write & read access","Access Grant Request","90"
"INC3953314","Need printer access for my laptop","Access Grant Request","90"
"INC3953302","printer access issue","Access Grant Request","85"
"INC3952810","my Oracle access not working due to reset the password","Password Reset","95"
"INC3952279","Can't login to BO","Application Function Issue","90"
"INC3952257","Support required to raise a request","Access Grant Request","95"
"INC3952256","zscaler not working","Application Function Issue","90"
"INC3952237","My headphone ear pad is peeling off. Need to replace the pad.","Hardware","95"
"INC3952160","zscaler is not working","Application Function Issue","85"
"INC3952108","Even after restart, network folder "\\sli4032\Public\INOPC_Engineering" is not working (Ref: REQ2312","Network","80"
"INC3951974","Headphone and camera not working","Hardware","90"
"INC3951929","Laptop accidental damage","Hardware","95"
"INC3951891","Zscaler not working","Application Function Issue","85"
"INC3951875","server not pinging on LAN","Node/Device Down","80"
"INC3951538","Ibex Billing site not working","Application Function Issue","90"
"INC3951495","Oracle Timesheet portal is not opening","Application Function Issue","90"
"INC3951455","Still cannot see the shared mailbox","Access Authentication Failure","80"
"INC3951453","network connecting issue while working Autocad","Network","85"
"INC3951446","Not able to log in oracle | Zscaler connection issue","Access Authentication Failure","75"
"INC3951437","Installation of Autodesk Software - Revit 2023","Hardware","95"
"INC3951399","Headset not working","Hardware","95"
"INC3951377","zscaler not working","Network","80"
"INC3951369","oracle is not working","Application Function Issue","90"
"INC3951366","Unable to submit my time sheet on oracle | Zscaler connection issue","Application Function Issue","80"
"INC3951343","I ve trying to logging project wise software","Application Function Issue","70"
"INC3951288","Zscaler not working","Application Function Issue","95"
"INC3951287","License issue with STAAD.Pro","Application Function Issue","100"
"INC3951070","My Zscaler and Autocad is not working and it is asking for a password.","Access Authentication Failure","85"
"INC3951035","having problems login into aconex","Access Authentication Failure","90"
"INC3950935","My phone is not connecting to teams","Application Function Issue","95"
"INC3950758","Java Not Functioning","Application Function Issue","95"
"INC3950693","Duplicate Project Folder for UT41 Degerträsk – Request for Removal and Verification","Access Grant Request","85"
"INC3950485","zpa login","Access Authentication Failure","90"
"INC3950483","oracle login  and kofax","Access Authentication Failure","80"
"INC3950415","Zscaler workaround does not work for me","Service/Process Failure","90"
"INC3950351","Having trouble with Zscaler, cannot log out.","Service/Process Failure","90"
"INC3950208","Zscaler is not working","Service/Process Failure","95"
"INC3950206","Zscaler not working","Web Security","95"
"INC3950179","My ORACLE dosent work","Web Security","95"
"INC3950140","IBEX access is being revoked","Access Revoke","95"
"INC3950059","Zscaler issue - asking for code when i try to log out and back in","Web Security","95"
"INC3950017","Zscaler not working","Web Security","95"
"INC3949961","Issue in headset","Hardware","95"
"INC3949914","Camera need service","Hardware","95"
"INC3949903","1. Zscaler is running and stopping, 2. Errors Message during start-up","Service/Process Failure","90"
"INC3949822","Lines coming in monitor.","Network","80"
"INC3949726","I cannot access Concur or Oracle and my Zscaler has a connection error and wont connect","Network","90"
"INC3949426","Printer reconfiguration","Hardware","70"
"INC3949410","Connection error Zscaler","Network","95"
"INC3949397","System Hanging","Service/Process Failure","85"
"INC3949396","Cannot access Oracle applications, or KEOPS server | Zscaler connection issue","Network","90"
"INC3949394","Unable to access files via OneDrive desktop app","Access Authentication Failure","75"
"INC3949391","Zscaler unable to Logout because of password","Password Reset","85"
"INC3949386","My outlook appears to be very slow. Am receiving mails very late compared to my outlook in phone.","Application Function Issue","75"
"INC3949369","I need help to install revit in my PC. which is getting error in Software center","Access Grant Request","90"
"INC3949339","Urgent Request to provide Chrome web browser access to attend Consepsys -Document Controller certifi","Application Function Issue","60"
"INC3949310","OneDrive issue","Service/Process Failure","70"
"INC3949278","cannot open oracle and Zscalar cannot connect","Application Function Issue","90"
"INC3949271","Need to install chrome for the consepsys exam system check","Access Grant Request","85"
"INC3949245","Citrix Workspace Login","Access Authentication Failure","75"
"INC3949230","my computer space left 15GB only, Request to delete the user who used this machine previously","Employee Offboarding","80"
"INC3949016","ZScaller not working","Application Function Issue","85"
"INC3948995","Oracle not working","Application Function Issue","95"
"INC3948956","I can not access Oracle","Application Function Issue","90"
"INC3948948","Need Default IT Starter Kit","Web Security","90"
"INC3948825","Could not submit oracle timesheets","Application Function Issue","85"
"INC3948812","Zscaler not working where i updated the policy but unable to logout as it is asking logout password","Password Reset","75"
"INC3948751","Not able to access timesheet, Zscaler issue","Web Security","80"
"INC3948705","unable to authinicate ZPA","Access Authentication Failure","95"
"INC3948637","Unable to access Oracle, Zscaler password required to log out and does not accept network password","Password Reset","85"
"INC3948629","No access to Oracle and no connection to Zscaler","Access Authentication Failure","85"
"INC3948517","Please can my email address be changed from "Francis.Charlesworth@ linxon.com"  to Jim.Charlesworth@","Access Grant Request","95"
"INC3948515","Please give India GETS share folder access","Access Grant Request","90"
"INC3948511","change workday langauge from arabic to english","Access Authentication Failure","80"
"INC3948495","No connection to Z drive","Access Authentication Failure","75"
"INC3948373","Unable to access Outlook from phone - Account locked error","Password Reset","90"
"INC3948360","Zscaler Private Access is not working. I followed the repair guidance, but I’m unable to log out bec","Application Function Issue","95"
"INC3948321","CDEGS not working","Application Function Issue","95"
"INC3948222","Projectwise-Signin issue","Access Authentication Failure","85"
"INC3948181","Printer configuration required for taking print outs.","Hardware","90"
"INC3948171","WEB ID not working","Access Authentication Failure","85"
"INC3948118","zScaler not working","Application Function Issue","95"
"INC3948116","Plotter Installation_PLT01411_PCL","Hardware","90"
"INC3948066","Zscaler is not working","Application Function Issue","95"
"INC3948041","Print service not working","Service/Process Failure","90"
"INC3947997","Service account not working. (svc_NAC03563_PROD_01@atkinsrealis.com)","Service/Process Failure","85"
"INC3947946","unable to connect zscaler","Network","80"
"INC3947910","Issue in Cancelled entries","Application Function Issue","75"
"INC3947815","Some of the Keyboard keys are not working","Hardware","95"
"INC3947803","Oracle timesheet booking page not loading","Application Function Issue","85"
"INC3947767","Access to Oracle Required.","Access Authentication Failure","80"
"INC3947766","Zscaler issue not connecting","Network","85"
"INC3947683","Cannot access Oracle Timesheet Portal.","Access Authentication Failure","85"
"INC3947612","Zscaler does not connect","Application Function Issue","90"
"INC3947596","Slow computer and fan making a lot of noise","Hardware","95"
"INC3947580","Google Chrome is not Working","Application Function Issue","80"
"INC3947578","Getting error while updating the hourly rate in Oracle Assigned","Service/Process Failure","75"
"INC3947568","Account unblock and password reset","Password Reset","90"
"INC3947562","zscaler not connecting so unable to complete timesheet","Access Authentication Failure","80"
"INC3947546","Zscaler does not work even though I followed the instructions sent out. It is asking for a password ","Password Reset","80"
"INC3947543","My concur and Oracle and Zscaler are not working","Application Function Issue","70"
"INC3947520","My headset is not synching with the laptop system","Hardware","90"
"INC3947510","no access to Oracle or concur","Access Authentication Failure","85"
"INC3947479","Need to create CLA account, please support to me to submit correct catalogue","Access Grant Request","95"
"INC3947444","I've raised a request for amendment in the group email address, TASK2507102. After that, we received","Access Grant Request","80"
"INC3947418","Unable to connect zscaler","Network","70"
"INC3947409","Log In Password not working","Password Reset","85"
"INC3947361","Sage 300 ACCPAC login error","Application Function Issue","75"
"INC3947312","Oracle Time Sheet is not opening","Application Function Issue","75"
"INC3947298","Guest is unable to connect to the intranet","Network","70"
"INC3947278","Zscaler connection issue","Web Security","65"
"INC3947244","Zscaler is not working. Asking logout password","Web Security","95"
"INC3947222","Onedrive sync issue","Application Function Issue","90"
"INC3947096","1) Zscaler is not working 2) Can't log in to CITRIX","Web Security","85"
"INC3946947","User is having issue accessing to oracle.","Access Issue","90"
"INC3946903","Zscaler Error","Web Security","80"
"INC3946739","AUTOCAD NO LICENSE AVAILABLE","Application Function Issue","95"
"INC3946585","Can not charge Holiday under 663888 in US Timesheets","Application Function Issue","85"
"INC3946549","Access issue","Access Authentication Failure","90"
"INC3946504","I cannot run Oracle/SAP from my Laptop","Application Function Issue","90"
"INC3946434","ORACLE Account","Access Authentication Failure","85"
"INC3946404","Z-Scaler connectivity issue","Network","95"
"INC3946369","Zscaler is not Connecting-1st message send on 24/11","Network","95"
"INC3946284","wrong paper format error on the printer.","Hardware","90"
"INC3946274","Cannot login into Workday system to do the trainings","Access Authentication Failure","80"
"INC3946267","Printer not working properly","Hardware","90"
"INC3946117","External part cant access External Sharepoint","Access Authentication Failure","85"
"INC3946114","User Account Control Pop-up issue in Foxit PDF.","Application Function Issue","90"
"INC3946090","unable to log onto Oracle","Access Authentication Failure","95"
"INC3946071","MS teams app installation error in iPhone 15 mobile","Application Function Issue","80"
"INC3946058","Unable to access the teams in the system","Node/Device Down","90"
"INC3945982","Civil 3D Installation failed","Application Function Issue","85"
"INC3945903","Oracle Down","Node/Device Down","95"
"INC3945867","User is facing issue with the service now portal","Service/Process Failure","85"
"INC3945862","My second monitor is flickering continuously","Hardware","90"
"INC3945842","I have access to ACC in the Bulls Lodge project . however, I am unable to view the overview of any f","Access Authentication Failure","75"
"INC3945829","Outlook Error","Application Function Issue","80"
"INC3945766","ORACLE TIMESHEET NOT WORKING","Application Function Issue","95"
"INC3945729","Unable to connect Zscaler","Network","80"
"INC3945662","Autodesk Docs (ACC) not accessing to Revit Software.","Access Authentication Failure","85"
"INC3945657","Zscaler Connectivity Issues","Network","95"
"INC3945640","Can't access Oracle - maybe a zscaler issue-1st message send","Network","85"
"INC3945634","my PC will not access the Oracle software","Application Function Issue","75"
"INC3945606","My one drive never works properly, always goes out of sync, kindly help to fix.akshay.sanoj@linxon.c","Hardware","60"
"INC3945593","zscaler is not connecting","Network","90"
"INC3945585","Autodesk License","Service/Process Failure","80"
"INC3945570","elMaster does not work, an error message says (communication error with license server).","Application Function Issue","95"
"INC3945558","Need to reset MFA","Password Reset","95"
"INC3945522","Zscaler not connecting","Network","90"
"INC3945474","Corel (WinZip) is an evaluation version only (no license)","Application Function Issue","90"
"INC3945470","Zscaler connection loss-1st message send on 24/11","Network","90"
"INC3945462","zscaler is not connecting","Hardware","95"
"INC3945424","Laptop - Physical Damage_Shamim Ahamed","null","null"
"INC3945400","Zscaler","Network","80"
"INC3945356","My system’s Zscaler app is showing a connection error, and I am unable to access AutoCAD as it is di","Application Function Issue","75"
"INC3945343","URL links of ORACLE and HCM are not working including Zscalar connection","Network","85"
"INC3945331","Oracle not opening","Application Function Issue","60"
"INC3945326","ZSCLAER App is not getting connected due to which i am not able to log into markview and Oracle","Network","90"
"INC3945302","zscaler connection error","Network","95"
"INC3945288","unable to connect zscaler","Network","95"
"INC3945284","Unable to access applications due to Zscaler","Network","95"
"INC3945259","Oacle web site do not open","Application Function Issue","85"
"INC3945226","Zscaler connection issues","Network","95"
"INC3945225","Zscaler connection issues","Network","95"
"INC3945201","Workday Setup changed to Arabic","Access Authentication Failure","70"
"INC3945184","user is not able to access the excelity","Application Function Issue","80"
"INC3945165","Zscaler logout password","Password Reset","60"
"INC3945163","Zscaler logout password","Password Reset","60"
"INC3945113","Hi GM, Am not possible to access my DNS server","Network","80"
"INC3945083","Zscaler not working due to which unable to login to Oracle for approvals & submission of time sheet.","Application Function Issue","70"
"INC3945026","Unable to connect Zscaler","Network","90"
"INC3944877","User is facing issue with the password","Password Reset","60"
"INC3944831","Zscaler down","Node/Device Down","85"
"INC3944825","Zscalar issue","Web Security","75"
"INC3944721","Driver Download & Install Request","Hardware","50"
"INC3944665","Cannot log on to Oracle","Access Authentication Failure","65"
"INC3944652","my laptop after updrade the wondows zscaler not connecting","Network","85"
"INC3944583","zscaler is  not working","Network","90"
"INC3944580","kadhim laptop is working perfectly but the zscaler keeping saysing it is trying to connect but it is","Network","80"
"INC3944541","cannot connect ZSCALER","Network","95"
"INC3944428","Excelity portal not opening","Application Function Issue","75"
"INC3944427","Zscaler not connecting to the system","Network","90"
"INC3944418","Zscaler not connecting","Network","95"
"INC3944288","I am working with US finance team and checking on the timesheets. Some of the employee timesheet are","Application Function Issue","80"
"INC3944279","Unable to access to Oracle Timesheet page","Access Authentication Failure","90"
"INC3944221","zscaler connection error","Network","85"
"INC3944081","Oracle not working","Application Function Issue","75"
"INC3944061","I am trying to enter “Holiday” for Nov 27 and 28. That option is not available to me when using 6638","Application Function Issue","95"
"INC3944046","Oracle page is not get opened, for Time sheet and Expense reports","Application Function Issue","95"
"INC3944041","Zscaler - connection error","Application Function Issue","90"
"INC3943978","Camera on teams not working","Application Function Issue","85"
"INC3943968","Not able to access Zdrive and Oracle","Access Authentication Failure","80"
"INC3943924","Oracle is not working","Application Function Issue","95"
"INC3943875","Recently, i have changed my Linxon Email and i do not have access to timesheet (Oracle), concur also","Access Authentication Failure","75"
"INC3943874","Cannot access the network from home","Network","90"
"INC3943809","Zscaler is showing - connection error so I cannot use some software such as AutoCad","Network","95"
"INC3943795","ZScaler app can not connect to server","Network","90"
"INC3943780","Loss of connection to Z drive","Node/Device Down","85"
"INC3943634","Zscaler is not working. Need to fix this immediately.","Application Function Issue","80"
"INC3943545","user unable to access timesheet","Access Authentication Failure","75"
"INC3943508","I couldn't Install the Revit 2024 Software","Application Function Issue","70"
"INC3943452","Zscaler-User  not able to log in oracle and concur","Access Authentication Failure","95"
"INC3943434","oracle not working for Wojciech and Akram","Access Authentication Failure","90"
"INC3943416","Can not login to Foxit "Letitia Fearon"","Access Authentication Failure","85"
"INC3943359","Autodesk software not working (AutoCAD, Revit)","Application Function Issue","95"
"INC3943326","Autodesk is not working","Application Function Issue","90"
"INC3943303","Shared Drive File Not Accessible to Other Users","Network","80"
"INC3943269","zscaler is not working","Service/Process Failure","90"
"INC3943264","Issue with Zscaler","Service/Process Failure","85"
"INC3943211","Cannot access Z Drive","Access Authentication Failure","80"
"INC3943204","Cannot open Oracle to complete a timesheet","Application Function Issue","90"
"INC3943197","MS-Excel is crashing frequently. Particularly while working on the files in Sharepoint.","Application Function Issue","95"
"INC3943183","oracle time sheet not working","Access Authentication Failure","75"
"INC3943181","Zscaler not working","Network","90"
"INC3943137","Zscalar issue","Network","85"
"INC3943117","Issue with Zscaler Private Access Connectivity","Network","95"
"INC3943031","Need MFD266i_PCL6 printer access","Hardware","90"
"INC3942965","Zscalar issue","Network","80"
"INC3942954","ZSCALER not connecting, cant use AutoCAD","Network","90"
"INC3942918","I unable to connect my home network (JIO fiber) / mobile network (Airtel) to my laptop during my wor","Network","70"
"INC3942917","ZSCALAR is not getting connected in my home WiFi. So unable to access the Oracle and Kofax which are","Network","85"
"INC3942915","AutoCAD License Issue","Application Function Issue","95"
"INC3942897","I BEX Issue","Application Function Issue","80"
"INC3942864","Zscaler issue - Unable to login into any of the applications.","Access Authentication Failure","95"
"INC3942846","Unable to connect Zscaler","Access Authentication Failure","95"
"INC3942698","Unable to connect Zscaler","Access Authentication Failure","95"
"INC3942668","zscaler not working","Access Authentication Failure","95"
"INC3942647","Unable to connect to the zpa","Network","85"
"INC3942595","Unable to Login the Oracle time sheet portal","Access Authentication Failure","95"
"INC3942583","Zscaler connection issue","Access Authentication Failure","95"
"INC3942547","Zscaler issue - Unable to login in Oracle / Kofax Markview","Access Authentication Failure","95"
"INC3942532","MS Excel files not opening","Application Function Issue","90"
"INC3942403","unable to connect my personal WIFI network","Network","85"
"INC3942332","AutoCAD login","Access Authentication Failure","80"
"INC3942274","Oracle and Markview not working - zscaler connectivity error","Security Violation","75"
"INC3942028","Elmaster enterprise software not able to login and the Elmaster design showing licence error from ye","Access Authentication Failure","70"
"INC3941995","Zscaler is not connecting in my system suddenly. Hence I could not able to access the other Applicat","Service/Process Failure","65"
"INC3941879","Do not have access to Oracle (time sheets)","Access Authentication Failure","85"
"INC3941862","FlexNet License Finder Error in AutoCad","Application Function Issue","90"
"INC3941807","Autodesk AutoCAD license","Access Authentication Failure","75"
"INC3941798","Zscaler is not working","Network","95"
"INC3941668","Zscaler Client is not connecting to the network. Showing Connection Error","Network","95"
"INC3941264","I am receiving an email saying I have an inactive but not primary account that will be deleted. I ne","Employee Offboarding","80"
"INC3941254","New excel sheet layout_Arabic-1st message send on 21/11","Application Function Issue","85"
"INC3941220","new laptop and one note doesnt show previous notes","Application Function Issue","75"
"INC3941173","Billing web site (iBEX) not working/opeing giving access error.","Access Authentication Failure","90"
"INC3940940","Workday language changed to Arabic and became out of sync, I want to make it English again.","Application Function Issue","80"
"INC3940897","Document Library disappeared in SharePoint","Service/Process Failure","70"
"INC3940875","duplicate email address found ( Akshay.Sanoj2@linxon.com )Kindly remove this as people are mailing t","Security Violation","90"
"INC3940603","Email id not getting signed in with Outlook and Teams in Phone (Model: Motorola Edge 40)","Access Authentication Failure","85"
"INC3940539","New laptop isn't syncing to onedrive. Same happened a month ago.","Application Function Issue","80"
"INC3940484","Owner of folder in Teams / sharepoint","Access Grant Request","75"
"INC3940463","Email not sending","Service/Process Failure","95"
"INC3940450","Add Local printer to My PC","Hardware","90"
"INC3940406","Trimble pro design license issue","Application Function Issue","85"
"INC3940384","Need Bitlocker Key","Access Authentication Failure","75"
"INC3939998","poor batery performance and some of the key does not work properly","Hardware","60"
"INC3939899","Unable to install management profile - while registering company portal","Service/Process Failure","80"
"INC3939893","Tekla model sharing licens","Application Function Issue","70"
"INC3939833","Map network drive","Network","70"
"INC3939820","I'd like help setting up an easy access to onedrive - i have the capacity to save but can't find the","Access Grant Request","80"
"INC3939719","Unable to login to laptop - Profile not loading","Access Authentication Failure","90"
"INC3939684","My laptop is running out of space","Hardware","95"
"INC3939674","Trimble Tekla Tedds 2024 (2024 SP1) - GLOBAL // STANDALONE not working","Application Function Issue","85"
"INC3939664","Bluetooth headset is not functioning","Hardware","90"
"INC3939437","Time sheet rejection","Service/Process Failure","85"
"INC3939316","verification code not coming on phone","Application Function Issue","95"
"INC3939294","I'm not able to add printer in user Device with my ins account.","Application Function Issue","90"
"INC3939292","I am unable to install Revit 2024 software from the Software Center.","Application Function Issue","95"
"INC3938826","I have company provided phone but the personal hotspot is very slow","Network","85"
"INC3938624","Log in to Oracle","Access Authentication Failure","80"
"INC3938368","iPhone Set Up","Employee Onboarding","75"
"INC3938262","STAR APP is not working (https://starsnc.visionap.com/)","Application Function Issue","95"
"INC3938202","Teams not working on new laptop","Hardware","85"
"INC3938107","flush profile - office visit 12-14 Jan 26","Store Rebuild","90"
"INC3938067","Kindly do a profile flush and rebuild the machine.   Machine is  Non-compliant for windows security ","Security Violation","90"
"INC3938028","Login issue for Foxit PDF Editor","Access Authentication Failure","80"
"INC3937950","Laptop that i received has back cover broken, probably damaged from fall - office visit 12-14 Jan 26","Hardware","95"
"INC3937936","ACC Issues are not visible to external party","Access Authentication Failure","80"
"INC3937863","Unable to edit the reports in cash analytics","Application Function Issue","90"
"INC3937834","Installation support for Plannexcg Plannex Excel tool 8 (8.042) - GLOBAL // STANDALONE.","Hardware","90"
"INC3937704","HDMI Port not working","Hardware","95"
"INC3937682","Had raised request to access SAP Business Objects.REQ2298628 - RITM5355786 - Business Objects. But a","Access Grant Request","95"
"INC3937681","Kindly close all IT access to Ali Bakeet.","Access Revoke","95"
"INC3937619","I have 2 timecards from October that I have submitted, my project managers say they have approved bu","Application Function Issue","80"
"INC3937569","Profile Not Visible in Organization Chart and Search","Application Function Issue","85"
"INC3937567","unable to open powerfactory","Application Function Issue","75"
"INC3937548","Unable to access outlook: Device must comply organization compliance requirement","Security Violation","90"
"INC3937371","New Foxit editor asking for SSO login. AR mail id is not working for SSO. "Sharavan Kumar"","Access Authentication Failure","85"
"INC3937291","Unable to connect to office printer","Hardware","80"
"INC3937258","No access to Oracle system to approve timesheet","Access Authentication Failure","75"
"INC3936976","Password reset for new joiner","Password Reset","95"
"INC3936926","Unable to print anything and when I was able to print , the color was very faded.","Application Function Issue","95"
"INC3936669","Unable to access VCW","Access Authentication Failure","85"
"INC3936553","Project wise app installation","Application Function Issue","90"
"INC3936495","autocad very slow working","Application Function Issue","95"
"INC3936487","Install JAVA","Service/Process Failure","80"
"INC3936437","Profile Not Visible in Organization Chart and Search","Access Authentication Failure","85"
"INC3936399","Installation error for Autodesk Civil 3D","Service/Process Failure","85"
"INC3936382","My autocad 2023 license needs an update","Application Function Issue","90"
"INC3936351","Need space in C drive","Hardware","85"
"INC3936343","Plaxis 3d: Im not able to save my files, se screenshot","Application Function Issue","80"
"INC3936330","Common mailbox unavailable","Service/Process Failure","95"
"INC3936284","Head phone not working","Hardware","95"
"INC3936258","Installations och local applications + printer","Application Function Issue","70"
"INC3936209","Trying to access client portal","Access Authentication Failure","85"
"INC3936162","The user is unable to login in her laptop, SenthilkumarS.NULL@linxon.com","Access Authentication Failure","90"
"INC3936124","No space in C drive","Hardware","85"
"INC3936095","Network directory access","Network","75"
"INC3935849","In Continuation to the Incident Number INC3918996 - Still Shared mailbox emails are automatically mo","Service/Process Failure","80"
"INC3935767","I am not able to download by payslip from September month in Dayforce","Application Function Issue","95"
"INC3935764","Workday is not working","Application Function Issue","90"
"INC3935759","Users system is not booting up after login","Password Reset","90"
"INC3935467","Laptop Hybrid - Azure issue","Application Function Issue","85"
"INC3935399","orcale login in","Access Authentication Failure","80"
"INC3935336","Change of phone number on Teams","Hardware","95"
"INC3935294","Need assistance in resetting password for - RUBAC","Application Function Issue","85"
"INC3935242","Not charging","Access Grant Request","75"
"INC3935077","Microsoft Outlook Error","Hardware","90"
"INC3934938","Aspen oneliner not working after installation","Service/Process Failure","80"
"INC3934911","MFA setup","Application Function Issue","85"
"INC3934424","new laptop required","Hardware","95"
"INC3934334","Need to add office printer","Hardware","90"
"INC3934277","no internet coneccion when I try to connect computer to the screens","Network","85"
"INC3934242","Unable to download one of Teams Meeting Recording (Training) which is provided by me on 01st Aug 202","Application Function Issue","80"
"INC3934205","MAIL ACCESS & TEAMS ACCESS NOT WORKING IN MOBILE","Access Authentication Failure","75"
"INC3934184","Horizon VDI Ipad Server Connection","Service/Process Failure","70"
"INC3934157","Issue with teams meeting in outlook","Application Function Issue","85"
"INC3934075","Blue screen","Hardware","80"
"INC3934041","I have applied the admin right to my account, but still can not use the admin right","Access Authentication Failure","90"
"INC3934026","Email has been sent by supplier user has not been received","Service/Process Failure","85"
"INC3933995","Vulnerable Software Removal Required -7-zip- 18.05.0.0","Security Violation","95"
"INC3933833","Authenticator issue","Access Authentication Failure","80"
"INC3933832","Printer Access required-MFD266i_PCL6","Hardware","90"
"INC3933815","Shared Mail box issue","Access Authentication Failure","95"
"INC3933795","Unable to Unlock Laptop After Lunch – Ctrl+Alt+Delete Not Working","Access Authentication Failure","95"
"INC3933775","Getting error while updating the hourly rate in Oracle","Application Function Issue","90"
"INC3933739","VM3-Unable to log into Citrix","Access Authentication Failure","95"
"INC3933726","Unable to login to the laptop","Access Authentication Failure","95"
"INC3933714","Bitlocker key id 8C8D","Security Violation","80"
"INC3933658","Not able to login the laptop","Access Authentication Failure","95"
"INC3933610","unable to access oracle timesheet","Application Function Issue","85"
"INC3933556","Other internet Network connect time privet access error showing some software not working.","Network","80"
"INC3933320","add Timesheet template in Oracle","Application Function Issue","70"
"INC3933153","Cannot access InEight SSO. Admin access it required,","Access Authentication Failure","90"
"INC3933120","Laptop Mic issue","Hardware","95"
"INC3932996","Recap Software unable to view","Application Function Issue","85"
"INC3932728","unable to access excelity portal","Access Authentication Failure","85"
"INC3932614","Need to install site printer","Hardware","90"
"INC3932491","Local printer to be installed on PC for printing","Hardware","90"
"INC3932479","Please reopen INC3910290 (One Drive Issue) and INC3894256 (OneDrive does not accept too long search ","Service/Process Failure","80"
"INC3932430","Unable to access to the Zscaler","Network","70"
"INC3932401","Unable to install the application from Company portal","Application Function Issue","85"
"INC3932395","speaker is not working","Hardware","95"
"INC3932376","IN my workstation  -267 , LAN cable issue.. If I connect the LAN cable my laptop not working whereas","Network","85"
"INC3932330","Need to reset my INS account password","Password Reset","95"
"INC3932264","Mouse scroll button is not Working","Hardware","90"
"INC3931830","Sharepoint User Display Name is Jumbled with Upper case and lower case","Application Function Issue","80"
"INC3931603","New Employee, need login credentials for accessing the machine.","Employee Onboarding","95"
"INC3931345","Low disk space (C drive)","Service/Process Failure","85"
"INC3931321","My second monitors blinking.","Hardware","80"
"INC3931143","AutoCAD License error","Application Function Issue","90"
"INC3931065","One Drive shortcut keeps getting deleted","Application Function Issue","85"
"INC3930992","cannot access my workday","Access Authentication Failure","75"
"INC3930973","this snapshot keeps  pop up when I try to install teams or use the account","Service/Process Failure","80"
"INC3930947","Requesting to increase mailbox size","Access Grant Request","95"
"INC3930930","HEIF and HEVC Image Extensions required to access project site photos","Application Function Issue","85"
"INC3930913","PIRS not working","Hardware","90"
"INC3930892","Extended monitor display issue","Hardware","85"
"INC3930653","Unable to access Oracle application for Timesheet submission","Application Function Issue","95"
"INC3930457","Work iPhone - Passcode Error","Password Reset","80"
"INC3929918","Account unlock","Access Authentication Failure","75"
"INC3929901","Printer","Hardware","95"
"INC3929794","I am trying to install a new printer via windows 11-1st message send on 12/11","Hardware","90"
"INC3929668","This is regarding the One drive SYNC issue","Service/Process Failure","85"
"INC3929608","Autocad LT is already uninstalled, and Autocad 2024 is installed, but sitll files are not opening in","Application Function Issue","85"
"INC3929602","Important: Account due to be disabled","Access Revoke","80"
"INC3929507","User need password reset for the new joiner","Password Reset","95"
"INC3929396","Some of my laptop keys are not working properly","Hardware","90"
"INC3929142","Oracle Access/Login error","Access Authentication Failure","85"
"INC3929131","Work Day Support","Service/Process Failure","75"
"INC3929102","Sharepoint Folder Creation support in Local Desktop","Application Function Issue","80"
"INC3928929","ASIA2 ACONEX ACCOUNT FOR ADRIAN ESPIRITU","Access Authentication Failure","70"
"INC3928916","I am not able to reset my Oracle password.","Password Reset","90"
"INC3928909","Returner to Linxon not able to sign in to workday getting error","Access Authentication Failure","60"
"INC3928837","Laptop lost in travel","Hardware","95"
"INC3928765","Query regarding the live captions option in the teams","Application Function Issue","75"
"INC3928670","Computer Failure","Service/Process Failure","85"
"INC3928661","User needs help to map the printer.","Hardware","95"
"INC3928622","no receiving emial from a vendor He seems to be blocked","Network","85"
"INC3928391","Wireless Mouse and Keyboard are not working.","Hardware","90"
"INC3928380","Office printer needs to be added, I lost it","Access Authentication Failure","80"
"INC3928363","Cannot access Oracle","Application Function Issue","75"
"INC3928247","Invalid credentials in concur","Hardware","90"
"INC3928186","Printer-Installation","null","null"
"INC3928128","unable to install SEL acSELerator QuickSet SEL-5030 7.5 from software center","Application Function Issue","95"
"INC3928113","Need a License provider details for the Autodesk Construction Cloud - "704719 Didcot Substation" pro","Access Grant Request","85"
"INC3928079","C: Drive Cleanup Assistance","Hardware","90"
"INC3928064","Unable to connect monitors with Laptop","Hardware","80"
"INC3928053","system perfomance is very slow","Service/Process Failure","85"
"INC3928050","Time Entry Issue","Access Authentication Failure","70"
"INC3927552","Kofax Markview Is not working","Application Function Issue","90"
"INC3927219","Printer access at LPT2 Bengeworth Rd-1st message send on 07/11","Access Authentication Failure","80"
"INC3927161","Error message when open Outlook from OneNote","Application Function Issue","90"
"INC3927112","Plotter printer connection","Hardware","70"
"INC3927110","Updation on Linxon Gulf LLC (19707) new address in all the Interco Ghost projects","Employee Onboarding","85"
"INC3927004","Oracle is not working, new employee","Service/Process Failure","75"
"INC3926980","I’m currently unable to save files in the shared folder. Any updates made are not being saved. Also ","Access Authentication Failure","95"
"INC3926961","KOFAX not working","Application Function Issue","90"
"INC3926828","Account has been locked, can't able to access my laptop","Access Authentication Failure","95"
"INC3926781","zscaler is not working also outlook and teams.","Application Function Issue","85"
"INC3926765","Account disabled:- User is unable to sign in","Access Authentication Failure","95"
"INC3926749","Unable to access the Zscaler","Access Authentication Failure","90"
"INC3926654","TKUP (Sharepoint Issue)","Application Function Issue","80"
"INC3926642","Access/Login issue","Password Reset","85"
"INC3926641","BSOD issue","Application Function Issue","75"
"INC3926600","Autodesk log in issue","Password Reset","90"
"INC3926518","one drive syn issue","Application Function Issue","80"
"INC3925989","Unable to submit a PO request in sharepoint","Application Function Issue","70"
"INC3925840","Authenticator App is not working properly","Password Reset","95"
"INC3925810","OneDrive sync issue","Application Function Issue","85"
"INC3925724","Oracle and PIRS are not working","Application Function Issue","75"
"INC3925684","Laptop log in issue - password error","Hardware","60"
"INC3925602","Server Access Approved, but still also i not get.","Access Authentication Failure","80"
"INC3925540","AUTOCAD Need to be installed","Access Grant Request","70"
"INC3925465","Need to install autocad 2024","Access Grant Request","70"
"INC3925403","I cant log in to workday and learning portal to do some courses","Application Function Issue","90"
"INC3925345","WEB ID not working","Web Security","60"
"INC3925273","I need the latest version of Revit to be able to work with the files.","Access Grant Request","70"
"INC3925003","unable to install Oracle Primavera P6","Application Function Issue","85"
"INC3924874","Admin Email cannot access SharePoint","Access Authentication Failure","85"
"INC3924860","Need Access for Oracle EBS, MarkView, and SAP Bi","Access Grant Request","90"
"INC3924634","cannot log in oracle, i received password and username via mail","Access Authentication Failure","95"
"INC3924542","Oracle PO Setting removed","Access Revoke","90"
"INC3924406","Bentley ProjectWise Explorer CONNECT 10.00.03 (10.00.03.453) - GLOBAL // NETWORK not appearing in So","Network","75"
"INC3924305","Please check-REQ2279304 - User is not able to access the folder.","Access Authentication Failure","80"
"INC3924221","Access/Login issue","Password Reset","95"
"INC3924128","Lagging computer","Access Authentication Failure","85"
"INC3924107","Invoice Download Error in Oracle-Saudi RHQ 19722","Application Function Issue","90"
"INC3924025","Unable to access teams","Access Authentication Failure","80"
"INC3923982","I lost permission to access Teams","Access Authentication Failure","75"
"INC3923925","display extend to multiple monitors are not working","Hardware","85"
"INC3923850","Emails not received","Service/Process Failure","90"
"INC3923779","Password reset/ Account disabled","Access Authentication Failure","85"
"INC3923697","HP Security Controller Problem","Security Violation","85"
"INC3923164","need to set up MFA","Access Grant Request","90"
"INC3923137","Need to transfer authenticator from work phone to personal phone","Access Grant Request","80"
"INC3923100","Unstalled Snipping tool by mistake, need it re-installed","Application Function Issue","95"
"INC3923101","AutoCAD software license keeps timing out","Application Function Issue","90"
"INC3923059","Need to add shared mailbox","Access Grant Request","85"
"INC3922992","Microsoft excel orientation change from right to left","Application Function Issue","80"
"INC3922856","missing printer","Hardware","95"
"INC3922766","MFA has old number, unable to authenticate","Access Authentication Failure","90"
"INC3922733","Could not install Java 62 bit","Application Function Issue","85"
"INC3922726","Timesheet going to incorrect approver","Access Grant Request","80"
"INC3922650","Teams is not working for me","Network","75"
"INC3922643","ZSCALER To be enabled","Security Violation","70"
"INC3922634","Need help access Tedds application","Access Grant Request","65"
"INC3922631","LAN cable connection not working.  Able to work on Wifi","Network","60"
"INC3922539","Need to check if we can activate or enable to see who made the last changes in the excel in sharepoi","Access Authentication Failure","80"
"INC3922531","Need to add printer driver","Access Grant Request","70"
"INC3922474","Adobe acrobat reader not working(PDF)","Application Function Issue","90"
"INC3922253","Zscaler is in disable","Access Authentication Failure","85"
"INC3922231","My colleagues account have been Locked!!","Password Reset","95"
"INC3922198","Please reset and share new password","Application Function Issue","80"
"INC3922192","unable to configure outlook & teams in my mobile","null","null"
"INC3922174","The Audio and video is not working during the teams call","Application Function Issue","85"
"INC3922081","ACONEX Account Correction - from UK to ASIA","Access Grant Request","75"
"INC3921880","Laptop not working SN: SAALK5175894","Hardware","90"
"INC3921861","Password reset","Password Reset","95"
